MICHIGAN,,,,,,,,,,,,,,,,,,,,,,,,,,,,,,,,,,,,,,,,,,,,,,,,,,,,,,,,,,,,,,,,,,,,,,,,,,,,,,,,,,,,,,,,,,,,,,,,,,,,,,,,,,,,,,,,,,,,,,,,,,,,,,,,,,,,,,,,,,,,,,,,,,,,,,,
"Individual Income Tax Returns: 
Selected Income and Tax Items by State, 
Congressional district, and Size of Adjusted Gross Income, 
Tax Year 2018                                                                                                                                                                                                                                                                                                                                            ",,,,,,,,,,,,,,,,,,,,,,,,,,,,,,,,,,,,,,,,,,,,,,,,,,,,,,,,,,,,,,,,,,,,,,,,,,,,,,,,,,,,,,,,,,,,,,,,,,,,,,,,,,,,,,,,,,,,,,,,,,,,,,,,,,,,,,,,,,,,,,,,,,,,,,,
[Money amounts are in thousands of dollars],,,,,,,,,,,,,,,,,,,,,,,,,,,,,,,,,,,,,,,,,,,,,,,,,,,,,,,,,,,,,,,,,,,,,,,,,,,,,,,,,,,,,,,,,,,,,,,,,,,,,,,,,,,,,,,,,,,,,,,,,,,,,,,,,,,,,,,,,,,,,,,,,,,,,,,
"Congressional
district [1]",Size of adjusted gross income by congressional district,Number of returns,Number of single returns,Number of joint returns,Number of head of household returns,Number of electronically filed returns,Number of computer prepared paper returns,Number with paid preparer's signature,Number of returns with direct deposit,"Number of 
individuals [2]",Number of dependents,Number of volunteer prepared returns [3],,,,Number of refund anticipation check returns [4],Number of elderly returns [5],Adjusted gross income (AGI) [6],Total income,,Salaries and wages in AGI,,Taxable interest,,Ordinary dividends,,Qualified dividends [7],,"State and local income tax refunds
",,"Business or profession
net income (less loss)",,Net capital gain (less loss) in AGI,,"Taxable IRA, pensions and annuities",,"Number of 
farm returns",Unemployment compensation [8],,Taxable Social Security benefits,,Partnership/S-corp net income (less loss),,Total statuory adjustments,,Educator expenses,,Self-employed (Keogh) retirement plans,,Self-employed health insurance deduction,,Individual retirement arrangement payments,,Student loan interest deduction,,Total standard deduction,,Basic standard deduction,,Additional standard deduction,,Total itemized deductions,,,"Total medical and dental 
expenses deduction",,State and local income taxes,,State and local general sales taxes,,Real estate taxes,,Personal property taxes,,Limited state and local taxes paid,,Total taxes paid,,Home mortgage interest paid ,,"Home mortgage interest paid 
to personal seller",,Deductible points,,Investment interest paid,,Total charitable contributions,,Other non-limited miscellaneous deduction,,"Qualified business income deduction
",,Taxable income,,Income tax before credits,,Alternative minimum tax,,"Excess advance 
premium tax credit repayment",,Total tax credits,,Foreign tax credit,,Child and dependent care credit,,Nonrefundable education credit,,Retirement savings contributions credit,,Child and other dependent credit,,Residential energy tax credit,,Self-employment tax,,Total premium tax credit,,Advance premium tax credit,,"Health care individual 
responsibility payment",,Total tax payments,,Earned income credit [9],,"Excess earned income credit 
(refundable) [10]",,Additional child tax credit,,Refundable education credit,,Net premium tax credit,,Income tax after credits,,Total tax liability [11],,Total additional Medicare tax,,Net investment income tax,,Tax due at time of filing [12],,Total overpayments,,Overpayments refunded [13],,Credited to next year's estimated tax,,
,,,,,,,,,,,,Total,Number of volunteer income tax assistance (VITA) prepared returns,Number of tax counseling for the elderly (TCE) prepared returns,"Number of volunteer prepared 
returns with
Earned Income Credit",,,,Number of returns,Amount,Number of returns,Amount,Number of returns,Amount,Number of returns,Amount,Number of returns,Amount,Number of returns,Amount,Number of returns,Amount,Number of returns,Amount,Number of returns,Amount,,Number of returns,Amount,Number of returns,Amount,Number of returns,Amount,Number of returns,Amount,Number of returns,Amount,Number of returns,Amount,Number of returns,Amount,Number of returns,Amount,Number of returns,Amount,Number of returns,Amount,Number of returns,Amount,Number of returns,Amount,Number of returns,Amount,Amount of AGI,Number of returns,Amount,Number of returns,Amount,Number of returns,Amount,Number of returns,Amount,Number of returns,Amount,Number of returns,Amount,Number of returns,Amount,Number of returns,Amount,Number of returns,Amount,Number of returns,Amount,Number of returns,Amount,Number of returns,Amount,Number of returns,Amount,Number of returns,Amount,Number of returns,Amount,Number of returns,Amount,Number of returns,Amount,Number of returns,Amount,Number of returns,Amount,Number of returns,Amount,Number of returns,Amount,Number of returns,Amount,Number of returns,Amount,Number of returns,Amount,Number of returns,Amount,Number of returns,Amount,Number of returns,Amount,Number of returns,Amount,Number of returns,Amount,Number of returns,Amount,Number of returns,Amount,Number of returns,Amount,Number of returns,Amount,Number of returns,Amount,Number of returns,Amount,Number of returns,Amount,Number of returns,Amount,Number of returns,Amount,Number of returns,Amount,Number of returns,Amount,Number of returns,Amount,Number of returns,Amount,Number of returns,Amount,
,,(1),(2),(3),(4),(5),(6),(7),(8),(9),(10),(11),(12),(13),(14),(15),(16),(17),(18),(19),(20),(21),(22),(23),(24),(25),(26),(27),(28),(29),(30),(31),(32),(33),(34),(35),(36),(37),(38),(39),(40),(41),(42),(43),(44),(45),(46),(47),(48),(49),(50),(51),(52),(53),(54),(55),(56),(57),(58),(59),(60),(61),(62),(63),(64),(65),(66),(67),(68),(69),(70),(71),(72),(73),(74),(75),(76),(77),(78),(79),(80),(81),(82),(83),(84),(85),(86),(87),(88),(89),(90),(91),(92),(93),(94),(95),(96),(97),(98),(99),(100),(101),(102),(103),(104),(105),(106),(107),(108),(109),(110),(111),(112),(113),(114),(115),(116),(117),(118),(119),(120),(121),(122),(123),(124),(125),(126),(127),(128),(129),(130),(131),(132),(133),(134),(135),(136),(137),(138),(139),(140),(141),(142),(143),(144),(145),(146),(147),(148),(149),
00,Total,"4,741,940","2,351,640","1,746,540","561,200","4,270,570","242,800","2,548,450","2,944,620","8,755,440","2,614,980","98,830","51,680","47,180","11,890","587,890","1,359,380","315,394,496","4,723,800","318,952,714","3,796,560","214,375,881","1,478,900","2,823,446","880,830","6,949,320","821,070","5,222,957","625,670","672,166","721,950","8,492,757","780,710","17,730,325","1,275,410","35,238,334","38,140","175,710","603,921","803,410","12,083,685","238,400","17,252,113","1,089,520","3,558,218","84,610","21,817","21,650","498,601","102,130","757,266","72,300","356,794","417,970","469,874","4,324,500","73,148,806","4,324,500","71,420,172","889,080","1,728,543","362,280","12,225,213","83,634,276","94,120","1,591,235","317,100","3,255,338","39,900","51,067","324,640","1,925,935","238,620","111,624","332,110","2,599,295","360,730","3,005,337","270,340","2,578,823","8,750","48,859","10,800","6,808","17,700","321,864","309,790","3,838,387","24,860","718,991","523,360","4,069,140","3,614,860","235,506,045","3,593,640","40,628,891","4,560","63,010","73,740","102,668","1,639,710","3,626,923","271,600","502,587","159,920","86,011","271,250","299,631","304,550","57,528","1,097,880","2,376,943","10,090","23,192","537,590","1,515,957","129,140","809,332","146,530","894,572","105,540","76,593","4,437,800","48,037,714","755,590","1,878,993","669,830","1,638,743","553,860","983,909","226,670","207,556","53,180","49,315","3,133,280","36,984,318","3,406,010","39,429,977","93,710","172,577","108,140","505,136","832,970","3,552,661","3,680,690","12,115,365","3,584,640","9,760,864","127,850","2,331,443",
00,Under $1,"55,070","34,910","16,640","2,150","36,840","10,920","33,520","12,040","80,140","11,180",230,150,80,0,"1,440","29,870","-4,013,416","36,960","-3,970,827","10,630","393,284","16,620","83,925","10,390","108,048","9,370","75,146","1,620","6,126","16,110","-231,448","16,340","261,854","9,860","132,975","3,620",220,787,0,0,"8,400","-1,145,364","9,060","42,589",0,0,20,212,"2,420","13,629",50,259,"2,010","2,319",0,0,0,0,0,0,0,0,0,0,0,0,0,0,0,0,0,0,0,0,0,0,0,0,0,0,0,0,0,0,0,0,0,0,0,0,0,0,0,710,"2,433",70,857,590,184,30,20,0,0,0,0,20,6,0,0,20,15,0,0,"5,240","11,412","4,200","36,151","4,420","33,662",0,0,"22,230","135,483","3,660","4,078","2,220","2,701","1,510","3,095","2,310","2,143","3,110","4,198",600,"2,318","6,880","18,681",230,356,0,0,"3,730","6,005","20,450","121,629","19,130","86,504","1,760","26,198",
00,"$1 under $10,000","701,850","593,540","57,780","43,790","616,850","43,500","330,700","344,740","624,540","108,540","40,650","21,620","19,050","5,710","54,750","191,350","3,359,773","701,820","3,421,396","474,680","2,521,536","139,710","46,423","60,530","66,407","54,720","40,674","5,270","2,820","77,280","233,146","50,940","19,274","120,890","600,065","2,430","5,030","16,614","1,680","6,560","6,310","-17,749","74,030","61,623",630,138,0,0,"5,260","15,253","1,260","4,105","10,170","8,995","696,080","7,695,314","696,080","7,424,120","152,040","271,196","5,710","119,449","29,084","4,650","75,572","1,890","2,385","2,770","1,397","3,650","14,061","2,260",825,"4,680","15,062","5,320","17,897","2,500","17,037",60,376,80,49,50,97,"2,930","4,144",100,532,800,300,"17,290","31,549","13,040","3,160",0,0,"3,540","1,283","2,210",337,"1,320",44,0,0,50,21,0,0,270,124,0,0,"62,210","45,398","13,540","93,790","14,040","91,076",170,93,"533,720","422,128","171,310","179,340","149,430","157,877","46,160","31,676","20,350","17,595","7,940","6,369","12,280","2,841","80,570","50,572",0,0,0,0,"42,080","19,180","508,180","391,063","505,890","385,420","3,120","4,860",
00,"$10,000 under $25,000","980,940","631,750","139,000","196,170","889,790","46,460","488,570","712,920","1,538,970","504,800","29,280","15,840","13,450","4,320","202,510","248,720","16,762,089","980,940","16,994,428","746,970","12,094,668","166,550","105,223","87,770","164,788","80,240","101,760","16,490","7,973","172,990","1,245,095","72,710","114,300","226,480","2,816,827","4,700","33,610","121,785","112,190","207,931","15,010","32,090","189,110","232,339","3,530",788,500,"2,631","11,430","35,832","5,680","18,427","44,070","38,807","965,380","14,565,732","965,380","14,205,430","192,610","360,302","15,500","347,929","280,596","12,300","198,208","7,380","9,746","6,820","4,582","11,020","40,363","7,980","3,382","13,210","47,390","15,110","55,486","7,160","46,824",120,526,150,50,200,385,"10,390","33,463",920,"7,246","49,500","32,463","606,410","3,379,708","599,620","341,347",50,127,"14,290","5,868","223,690","76,943","8,970",396,"7,910","2,707","52,230","25,325","73,850","12,382","97,530","35,735",420,188,"139,160","226,886","41,750","247,710","42,680","243,421","33,290","17,471","918,780","2,685,638","345,560","1,181,575","311,140","1,032,090","235,190","406,476","52,640","45,187","21,160","15,993","442,530","264,402","566,900","514,406",20,23,0,0,"76,270","77,992","868,090","2,246,960","863,210","2,233,956","7,120","12,870",
00,"$25,000 under $50,000","1,084,410","606,210","257,300","191,250","983,650","48,960","552,700","780,830","1,896,110","565,050","20,540","11,670","8,860","1,860","189,490","270,920","39,337,048","1,084,410","39,769,333","912,070","30,706,538","238,120","174,655","127,960","313,838","118,040","203,804","62,800","26,485","132,460","945,787","107,370","290,965","264,160","5,124,188","6,840","54,230","191,234","219,890","1,595,689","26,540","161,780","229,400","432,285","13,480","3,201","1,140","8,507","16,630","69,134","16,430","62,883","120,390","129,384","1,047,430","16,890,377","1,047,430","16,531,414","182,590","358,963","36,960","820,206","1,415,000","22,260","326,351","26,370","49,873","9,330","9,430","28,330","106,505","22,900","10,393","31,570","143,903","36,600","169,347","20,630","136,248",790,"3,969",630,504,590,"1,245","28,620","140,001","2,380","25,966","98,270","151,620","1,073,410","21,349,456","1,065,110","2,328,991",90,"1,427","32,360","25,689","453,950","508,096","31,780","2,318","31,040","18,330","74,290","78,361","176,400","35,669","287,550","369,144","2,620","2,358","88,010","209,013","51,680","300,738","55,110","321,740","47,770","29,739","1,059,560","4,212,196","228,150","511,133","201,910","443,940","204,440","418,179","45,270","39,135","16,250","16,265","833,680","1,820,895","885,860","2,074,684",110,110,0,0,"151,620","205,749","927,090","2,335,234","917,940","2,305,197","13,400","28,622",
00,"$50,000 under $75,000","650,790","273,300","287,480","72,650","588,220","30,440","365,110","426,570","1,310,800","374,070","5,420","1,930","3,510",0,"73,140","200,300","40,103,393","650,790","40,530,524","548,480","29,827,080","219,930","188,507","124,870","401,328","116,140","269,865","94,500","41,883","91,620","830,262","106,960","440,616","202,920","5,498,084","6,070","33,240","115,722","162,600","2,660,883","26,320","271,483","178,740","427,131","14,440","3,557","1,430","14,469","13,050","73,266","14,990","69,495","95,060","112,387","599,240","11,096,535","599,240","10,847,442","127,740","249,093","51,560","1,140,226","3,245,328","19,880","309,379","43,880","120,400","6,920","8,656","44,730","171,357","35,630","14,781","45,870","270,136","51,380","301,953","36,280","244,509","1,190","5,556","1,180",962,790,"1,956","41,250","220,118","3,250","39,393","83,100","197,669","649,590","27,559,802","648,190","3,365,602",20,32,"13,310","27,455","270,790","567,333","38,270","4,295","24,210","12,717","44,650","56,192","54,300","9,477","198,590","475,780","2,260","3,863","63,810","170,142","14,010","104,973","19,060","132,073","14,910","13,482","642,630","4,079,595","6,910","2,867","5,130","2,135","54,860","103,516","28,660","26,718","4,020","5,595","590,760","2,798,267","607,570","3,001,063",0,0,0,0,"138,750","270,039","510,700","1,339,609","499,410","1,302,977","15,690","36,579",
00,"$75,000 under $100,000","439,350","111,770","291,100","29,670","398,240","20,550","256,340","278,700","1,029,850","300,070","1,710",380,"1,320",0,"35,090","147,210","38,075,173","439,350","38,433,903","374,840","27,817,274","189,920","194,781","113,750","455,785","106,070","312,734","100,230","53,419","69,750","759,075","98,860","567,731","155,440","5,363,743","4,810","22,290","71,135","118,040","2,579,357","25,130","316,742","124,750","358,730","14,050","3,648","1,560","17,543","9,910","65,948","10,740","56,550","58,290","71,905","388,830","8,295,270","388,830","8,109,195","91,610","186,073","50,510","1,188,669","4,397,570","13,410","230,691","45,750","170,594","4,450","6,545","46,190","195,328","36,400","14,825","46,120","330,781","50,440","360,962","39,240","285,897","1,190","5,565","1,390",938,980,"2,772","41,690","244,251","2,990","39,672","70,640","207,780","438,930","28,313,674","438,180","3,633,135",0,0,"5,470","18,617","198,800","528,785","37,860","6,053","25,340","13,972","35,520","48,515",0,0,"158,400","449,372","1,600","4,027","49,650","144,894","3,470","22,996","6,610","43,434","5,120","6,285","435,800","4,065,699",0,0,0,0,"10,160","17,412","24,590","23,620",700,895,"427,220","3,104,429","430,940","3,277,294",20,18,0,0,"104,120","254,434","334,560","1,036,367","323,400","992,265","15,170","43,339",
00,"$100,000 under $200,000","633,860","81,830","525,440","21,210","576,850","31,620","377,870","332,280","1,710,210","551,650","1,000",90,910,0,"29,090","204,970","85,444,690","633,860","86,278,397","555,840","63,171,972","352,160","478,164","229,430","1,327,321","215,450","963,294","256,340","175,746","115,320","1,897,005","205,110","2,056,414","228,810","10,809,355","7,190","24,490","77,002","149,660","3,874,554","63,180","1,592,933","214,300","833,707","32,660","9,013","6,360","97,088","20,520","180,890","19,290","107,560","87,980","106,077","519,050","12,034,273","519,050","11,787,432","116,320","246,839","114,830","3,293,314","16,252,293","18,260","342,209","108,810","648,306","5,650","11,041","109,010","564,938","82,510","37,767","107,100","963,331","114,730","1,041,412","94,840","872,473","3,150","15,640","3,990","2,837","3,790","15,424","102,600","841,371","7,490","140,369","137,200","674,568","633,600","69,328,210","633,210","10,419,170",660,"1,941","3,760","20,839","355,880","1,016,595","85,670","29,334","55,700","30,096","64,490","91,211",0,0,"281,680","828,086","2,550","9,656","84,240","332,277",490,"2,974","4,140","26,098","3,620","6,981","630,490","10,634,564",0,0,0,0,"1,540","3,555","52,850","53,158",0,0,"630,800","9,402,575","631,700","9,803,839","4,030","1,066","1,140",400,"223,070","817,307","409,840","1,633,721","384,330","1,454,070","34,280","179,590",
00,"$200,000 under $500,000","161,160","14,910","141,730","3,560","147,960","8,630","112,990","51,210","466,510","164,040",0,0,0,0,"2,380","53,250","45,411,201","161,160","46,078,658","142,850","30,400,236","123,530","407,433","97,790","1,385,268","93,500","1,069,210","70,970","97,442","37,200","1,733,320","93,480","2,636,039","56,570","4,039,671","1,990","2,550","9,437","32,740","952,088","45,300","3,604,369","52,570","667,457","5,540","1,401","7,330","206,573","14,920","182,657","3,060","29,213",0,0,"96,470","2,287,909","96,470","2,238,670","22,940","49,261","64,730","2,450,506","19,087,371","3,270","101,164","61,770","794,099","2,820","6,170","61,230","490,670","40,360","21,948","61,980","613,430","64,690","670,211","53,850","702,295","1,790","11,300","2,640","1,232","5,550","36,427","60,730","758,836","4,640","150,702","63,830","842,857","161,150","39,804,649","161,090","7,800,112","1,910","10,190",420,"2,733","111,290","369,123","48,480","81,194","14,150","7,297",0,0,0,0,"73,640","218,445",640,"3,100","33,690","234,552",0,0,470,"3,068",660,"2,542","160,260","7,987,492",0,0,0,0,0,0,0,0,0,0,"160,950","7,430,754","161,080","7,826,942","65,550","48,763","76,230","79,626","78,010","768,966","82,790","918,171","63,470","554,740","24,440","362,867",
00,"$500,000 or more","34,510","3,420","30,070",750,"32,170","1,720","30,650","5,330","98,310","35,580",0,0,0,0,0,"12,790","50,914,545","34,510","51,416,902","30,200","17,443,293","32,360","1,144,335","28,340","2,726,537","27,540","2,186,470","17,450","260,272","9,220","1,080,515","28,940","11,343,132","10,280","853,426",490,50,205,"6,610","206,623","22,210","12,435,829","17,560","502,357",280,71,"3,310","151,578","7,990","120,657",800,"8,302",0,0,"12,020","283,396","12,020","276,469","3,230","6,816","22,480","2,864,914","38,927,034",90,"7,661","21,250","1,459,935","1,140","3,246","20,480","342,713","10,580","7,703","21,580","215,262","22,460","388,069","15,840","273,540",460,"5,927",740,236,"5,750","263,558","21,580","1,596,203","3,090","315,111","20,020","1,961,883","34,480","45,738,997","34,490","12,734,941","1,760","48,436",0,0,"23,070","559,691","19,250","378,953","1,570",892,0,0,0,0,200,242,0,0,"11,580","141,383",0,0,0,0,0,0,"34,330","13,814,919",0,0,0,0,0,0,0,0,0,0,"34,460","12,157,837","34,510","12,862,496","23,750","122,241","30,770","425,110","15,320","1,132,989","18,990","2,092,611","7,860","445,735","12,870","1,636,518",
,,,,,,,,,,,,,,,,,,,,,,,,,,,,,,,,,,,,,,,,,,,,,,,,,,,,,,,,,,,,,,,,,,,,,,,,,,,,,,,,,,,,,,,,,,,,,,,,,,,,,,,,,,,,,,,,,,,,,,,,,,,,,,,,,,,,,,,,,,,,,,,,,,,,,,,
01,,"335,080","162,270","139,630","27,890","305,150","13,430","183,130","206,530","600,060","149,250","9,300","4,650","4,690",960,"34,030","120,480","19,224,391","333,880","19,480,730","253,490","11,535,323","117,180","167,334","68,150","512,303","63,490","388,316","30,640","33,155","50,480","576,817","61,650","1,205,418","110,380","3,197,107","4,660","17,570","68,869","72,920","1,052,028","20,040","955,731","76,760","256,339","5,070","1,323","1,370","25,971","9,840","65,466","6,700","32,658","27,850","29,889","312,390","5,456,729","312,390","5,295,181","81,450","161,492","17,330","608,135","3,823,155","6,500","119,688","13,830","140,295","3,020","3,788","15,560","91,647","10,270","4,311","16,040","117,357","17,210","129,147","11,710","119,144",360,"2,048",540,134,"1,230","8,589","14,140","168,248","1,310","25,536","40,130","254,915","248,960","13,704,772","247,360","2,184,525",220,"1,705","8,300","12,361","103,940","194,071","20,230","8,840","8,680","4,463","14,260","16,008","23,650","4,752","64,660","139,511",530,"1,198","38,410","103,783","15,260","123,143","16,930","133,408","9,330","6,885","310,610","2,681,984","49,970","106,619","42,870","93,740","33,820","60,760","11,490","10,496","6,030","5,606","217,900","1,987,928","236,060","2,146,101","3,320","6,485","5,810","28,484","56,290","209,856","260,160","747,819","251,270","618,825","12,080","123,843",
01,Under $1,"5,340","3,060","1,990",160,"3,910",770,"3,650","1,140","8,110",920,30,30,**,0,90,"3,350","-333,040","4,140","-330,188","1,070","25,641","2,070","4,241","1,180","5,103","1,070","3,547",90,124,"1,880","-15,775","1,800","8,711","1,230","13,008",520,30,71,**,**,880,"-52,478",940,"2,852",0,0,**,**,240,941,**,**,160,160,0,0,0,0,0,0,0,0,0,0,0,0,0,0,0,0,0,0,0,0,0,0,0,0,0,0,0,0,0,0,0,0,0,0,0,0,0,0,0,50,14,**,**,40,12,0,0,0,0,0,0,0,0,0,0,0,0,0,0,570,967,490,"5,172",520,"4,864",0,0,"2,180","7,324",360,358,210,217,110,185,100,87,350,460,40,10,690,"1,207",**,**,0,0,370,404,"1,990","6,338","1,840","5,143",180,583,
01,"$1 under $10,000","53,080","43,860","6,000","2,760","46,700","2,980","23,840","26,440","48,460","7,220","3,630","1,730","1,900",390,"3,300","16,590","256,230","53,080","261,026","35,730","186,486","11,690","4,605","5,160","6,129","4,640","3,735",330,181,"5,730","17,406","4,540","1,188","10,410","50,841",360,530,"1,649",70,217,650,-470,"5,580","4,796",**,**,**,**,510,"1,315",120,317,800,640,"52,690","609,706","52,690","585,359","13,280","24,347",380,"8,813","1,933",330,"5,226",90,99,210,103,270,946,130,33,320,"1,062",360,"1,225",160,"1,107",**,**,0,0,**,**,200,257,**,**,30,6,990,"1,581",990,233,0,0,410,129,110,5,60,1,0,0,**,**,0,0,**,**,0,0,"4,570","3,273","1,490","13,195","1,540","12,952",**,**,"40,660","30,732","12,920","12,093","11,090","10,700","3,120","2,025",940,784,840,680,940,219,"5,970","3,694",0,0,0,0,"3,150","1,419","38,670","28,449","38,460","27,972",320,358,
01,"$10,000 under $25,000","71,290","46,730","13,760","9,630","65,270","2,490","34,240","50,710","104,580","24,690","2,920","1,560","1,370",410,"11,050","23,000","1,232,897","71,290","1,250,041","52,690","846,164","16,230","9,817","8,410","16,340","7,630","9,981","1,010",513,"9,210","72,604","7,090","11,981","20,160","252,756",640,"4,200","14,753","9,140","15,764","1,360","1,720","11,900","17,144",140,31,30,120,"1,150","3,362",610,"2,000","3,530","2,904","70,220","1,085,818","70,220","1,051,914","17,770","33,904","1,070","26,639","19,083",900,"16,842",390,571,560,356,760,"2,531",440,118,930,"3,193","1,030","3,532",430,"3,104",**,**,**,**,**,**,650,"1,853",30,271,"3,200","2,151","43,770","251,181","43,410","25,546",**,**,"1,650",735,"13,590","4,349",780,23,450,139,"2,470","1,148","5,410",901,"5,520","2,087",**,**,"7,630","12,353","4,640","35,724","4,740","35,456","2,910","1,559","65,820","164,783","20,730","59,095","17,780","52,953","12,130","20,609","2,170","1,745","2,220","1,687","34,860","21,197","41,240","35,505",0,0,0,0,"5,950","5,592","61,870","134,690","61,340","133,382",780,"1,212",
01,"$25,000 under $50,000","80,760","42,540","25,820","10,230","74,410","2,630","41,990","57,810","141,810","35,740","1,890","1,000",900,160,"11,610","25,570","2,915,660","80,760","2,953,128","64,670","2,085,447","22,600","15,757","12,060","30,416","11,190","19,873","3,720","1,643","10,300","94,241","10,240","31,252","24,280","494,448",870,"5,900","23,759","21,530","145,812","2,590","11,973","18,040","37,468",840,200,110,729,"1,800","6,587","1,720","6,972","8,240","8,251","78,710","1,335,222","78,710","1,299,710","17,740","35,512","2,050","50,990","77,128","1,460","24,862","1,240","2,219",710,693,"1,650","5,873","1,110",320,"1,810","7,681","2,020","8,647","1,130","8,030",30,95,30,11,70,59,"1,460","5,919",110,"1,180","8,620","12,835","79,720","1,513,432","78,760","163,547",0,0,"3,650","2,883","30,820","31,368","2,930",191,"1,720",849,"3,370","3,433","13,100","2,929","18,660","23,582",160,117,"7,840","17,762","6,380","48,206","6,630","50,395","4,320","2,787","78,650","306,942","15,370","34,832","13,380","29,702","13,430","27,789","2,060","1,743","2,030","1,947","63,390","132,179","67,620","153,940",**,**,0,0,"11,590","14,311","68,570","166,892","67,520","164,079","1,540","2,780",
01,"$50,000 under $75,000","47,330","15,610","27,600","3,290","43,520","1,600","27,940","30,410","101,070","26,220",580,240,350,**,"4,510","18,450","2,912,504","47,330","2,948,448","37,650","1,929,259","19,070","16,285","10,880","38,927","10,150","26,947","5,100","2,602","7,630","76,369","9,490","45,866","18,770","536,897",770,"3,380","13,964","15,670","246,924","2,530","20,786","13,370","35,944","1,000",246,110,831,"1,330","7,278","1,560","7,624","5,970","6,812","44,920","901,419","44,920","876,858","12,410","24,561","2,410","59,897","150,723","1,260","22,535","1,850","4,644",510,616,"2,150","7,913","1,500",565,"2,190","11,815","2,400","12,947","1,590","11,580",50,198,60,12,50,89,"1,770","8,776",180,"1,921","7,410","17,380","47,250","1,928,815","47,070","228,101",0,0,"1,600","3,491","20,000","40,153","3,430",368,"1,660",840,"2,680","3,376","5,140",922,"13,800","33,797",120,190,"5,620","14,411","1,870","17,501","2,400","20,709","1,320","1,224","46,660","281,742",590,241,410,168,"4,130","8,279","1,820","1,704",520,755,"42,710","187,948","44,120","205,029",0,0,0,0,"10,620","19,338","36,570","95,524","35,320","91,969","1,750","3,501",
01,"$75,000 under $100,000","30,970","5,320","24,410",990,"28,510","1,070","19,110","19,140","75,870","20,520",160,60,110,0,"2,010","12,820","2,684,350","30,970","2,713,896","24,800","1,726,717","15,130","16,168","9,020","41,604","8,490","29,289","5,000","3,165","5,570","65,150","8,040","57,051","13,730","512,168",540,"1,890","7,825","10,840","233,301","2,330","29,145","9,640","29,546","1,010",266,120,"1,121","1,030","6,397","1,070","5,366","4,300","5,326","28,820","649,270","28,820","631,598","8,530","17,671","2,150","59,765","187,003",940,"18,193","1,760","5,999",350,497,"1,970","8,620","1,400",513,"1,970","12,943","2,140","14,078","1,490","12,117",40,131,40,2,70,124,"1,710","9,777",170,"2,277","5,930","18,279","30,940","1,954,477","30,850","237,934",**,**,580,"2,526","13,870","36,893","3,180",407,"1,880","1,041","2,380","3,238",0,0,"10,630","31,371",90,214,"4,070","11,974",360,"3,139",700,"5,857",440,574,"30,680","269,133",0,0,0,0,800,"1,638","1,680","1,636",70,77,"29,960","201,042","30,310","215,156",**,**,0,0,"7,610","18,592","23,300","72,170","22,170","67,992","1,580","4,082",
01,"$100,000 under $200,000","36,460","4,020","31,580",660,"33,650","1,420","24,220","18,290","95,100","27,090",90,30,60,0,"1,390","15,650","4,798,877","36,460","4,859,574","29,160","2,904,823","22,050","34,638","14,680","118,024","13,830","86,799","11,430","9,622","7,440","132,817","13,690","184,163","17,230","940,147",690,"1,520","6,354","12,350","315,448","5,160","141,150","13,140","60,697","1,920",541,460,"6,929","1,970","17,248","1,370","7,900","4,850","5,796","31,390","740,504","31,390","719,632","9,600","20,871","5,070","158,591","713,232","1,370","26,421","4,520","25,557",500,"1,114","4,820","25,059","3,380","1,507","4,770","40,799","5,060","43,701","3,830","37,984",130,671,220,65,320,"1,272","4,420","36,956",430,"8,672","9,770","54,568","36,440","3,840,731","36,390","554,545",30,55,350,"2,430","19,140","52,184","6,010","1,622","2,590","1,388","3,360","4,813",0,0,"13,590","41,289",140,572,"5,530","23,299",30,206,380,"3,011",300,623,"36,210","580,252",0,0,0,0,100,235,"2,720","2,797",**,**,"36,170","502,361","36,260","530,528",120,25,30,6,"12,720","50,071","23,670","99,251","21,260","83,165","3,250","16,024",
01,"$200,000 under $500,000","8,000",920,"6,880",140,"7,440",380,"6,430","2,290","20,440","5,570",**,0,**,0,70,"4,080","2,291,113","8,000","2,337,165","6,230","1,101,216","6,590","30,148","5,200","118,089","4,970","92,518","3,080","5,805","2,170","97,134","5,170","222,166","3,870","338,368",210,120,494,"2,780","78,715","3,250","256,988","3,140","46,052",160,39,410,"11,459","1,300","15,159",220,"2,165",0,0,"4,970","118,841","4,970","114,715","1,880","4,121","3,030","127,345","910,096",240,"5,609","2,860","36,421",140,329,"2,860","23,315","1,780",907,"2,920","28,561","3,030","31,244","2,290","31,295",90,588,140,40,390,"2,996","2,810","40,955",250,"6,743","4,020","61,912","8,000","1,983,558","7,990","379,372",80,366,20,155,"5,120","15,044","2,780","2,431",350,186,0,0,0,0,"2,460","7,385",20,105,"1,950","14,483",0,0,20,164,40,118,"7,920","404,222",0,0,0,0,0,0,0,0,0,0,"7,980","364,108","8,000","387,980","2,240","1,762","4,130","5,868","3,530","43,999","4,460","59,450","2,940","30,025","1,930","29,157",
01,"$500,000 or more","1,850",210,"1,590",30,"1,740",90,"1,710",300,"4,620","1,280",0,0,0,0,**,970,"2,465,800","1,850","2,487,640","1,490","729,570","1,750","35,675","1,560","137,671","1,520","115,627",880,"9,500",550,"36,871","1,590","643,040",700,"58,474",60,**,**,540,"15,847","1,290","546,917","1,010","21,840",**,**,130,"4,782",510,"7,179",30,314,0,0,670,"15,949",670,"15,395",240,505,"1,170","116,095","1,763,957",**,**,"1,120","64,785",40,80,"1,080","17,390",530,348,"1,130","11,303","1,170","13,773",790,"13,927",20,365,50,4,330,"4,049","1,120","63,755",140,"4,472","1,150","87,784","1,850","2,230,997","1,850","595,233",110,"1,284",0,0,"1,290","14,075","1,060","3,797",30,20,0,0,0,0,**,**,**,**,630,"5,261",0,0,0,0,**,**,"1,830","636,854",0,0,0,0,0,0,0,0,0,0,"1,850","578,864","1,850","613,062",960,"4,698","1,650","22,610",750,"56,130","1,060","85,055",420,"15,098",750,"66,146",
,,,,,,,,,,,,,,,,,,,,,,,,,,,,,,,,,,,,,,,,,,,,,,,,,,,,,,,,,,,,,,,,,,,,,,,,,,,,,,,,,,,,,,,,,,,,,,,,,,,,,,,,,,,,,,,,,,,,,,,,,,,,,,,,,,,,,,,,,,,,,,,,,,,,,,,
02,,"351,060","166,900","140,650","38,130","320,090","15,930","178,660","224,080","671,050","208,040","6,790","4,520","2,250","1,190","42,900","93,260","21,036,126","349,860","21,284,996","291,200","14,619,403","114,310","166,530","60,020","393,782","55,580","289,650","42,180","40,138","47,220","602,257","53,450","1,091,943","87,990","2,114,957","2,490","11,030","36,902","53,570","772,455","16,670","1,371,808","82,650","248,870","6,360","1,642","1,200","22,609","7,540","52,019","5,560","27,231","34,550","38,773","326,490","5,614,393","326,490","5,493,038","61,050","121,346","20,810","762,922","4,663,099","5,710","103,535","18,020","174,877","2,480","3,085","18,880","98,541","13,870","6,427","19,620","149,350","20,720","161,069","14,370","121,687",440,"2,165",580,479,"1,090","13,259","18,100","324,884","1,240","24,806","38,980","337,038","269,740","14,946,820","268,340","2,372,485",210,"2,952","5,720","8,414","129,950","283,993","17,450","12,164","12,380","6,774","19,300","21,966","31,790","6,127","88,950","206,868",630,"1,375","37,680","104,913","9,930","65,930","11,260","73,241","8,380","5,808","329,870","2,892,407","53,550","125,594","47,640","112,283","44,230","81,184","15,230","14,091","3,780","3,456","228,950","2,088,414","247,570","2,242,923","3,900","6,406","5,650","28,134","56,120","206,539","278,770","856,148","272,420","716,022","9,000","136,038",
02,Under $1,"3,780","2,240","1,340",130,"2,570",730,"2,270",780,"5,780",800,30,30,**,0,80,"2,230","-211,627","2,580","-208,929",720,"22,282","1,210","2,944",750,"4,808",680,"2,325",100,237,"1,110","-13,896","1,190","6,312",760,"9,692",240,20,89,**,**,550,"-40,322",630,"2,698",**,**,**,**,180,992,**,**,140,137,0,0,0,0,0,0,0,0,0,0,0,0,0,0,0,0,0,0,0,0,0,0,0,0,0,0,0,0,0,0,0,0,0,0,0,0,0,0,0,60,25,**,**,50,14,**,**,0,0,0,0,0,0,0,0,**,**,0,0,340,832,330,"2,922",330,"2,704",0,0,"1,420","7,115",230,197,140,131,100,212,100,91,230,284,50,21,460,963,**,**,0,0,270,375,"1,290","6,547","1,230","5,249",80,712,
02,"$1 under $10,000","52,830","44,540","4,930","2,950","46,450","3,240","22,920","26,750","45,090","7,780","2,580","1,570","1,010",550,"3,720","14,260","259,271","52,830","263,365","37,520","197,059","10,910","3,620","4,710","5,284","4,250","2,895",340,156,"4,740","15,014","3,920","1,420","9,740","46,469",150,310,"1,070",130,563,430,"-1,569","4,840","4,094",30,7,**,**,320,769,70,238,710,607,"52,460","576,435","52,460","554,879","11,690","21,556",370,"8,537","1,940",300,"5,754",130,163,180,93,250,913,140,42,320,"1,014",350,"1,152",150,914,**,**,0,0,20,6,210,345,**,**,60,15,"1,150","1,900",970,240,0,0,310,124,150,22,90,2,0,0,**,**,**,**,20,9,0,0,"4,020","2,792","1,000","7,209","1,030","7,143",**,**,"41,340","30,546","11,570","12,456","10,300","11,265","3,430","2,260","1,070",892,480,361,920,219,"5,450","3,159",0,0,0,0,"2,800","1,233","39,710","28,626","39,570","28,134",200,270,
02,"$10,000 under $25,000","67,750","44,740","10,230","11,780","61,870","2,930","30,800","48,850","100,910","30,030","1,980","1,380",600,390,"12,330","16,860","1,165,157","67,750","1,179,694","53,650","875,255","13,080","7,883","6,460","12,987","5,890","7,225","1,030",492,"8,720","70,320","5,480","8,841","15,600","177,563",280,"2,140","7,616","7,280","13,143",790,-97,"11,240","14,537",220,46,30,192,760,"2,094",400,"1,313","3,480","3,008","66,910","1,009,343","66,910","983,303","13,440","26,040",850,"20,736","15,392",700,"12,933",350,435,420,317,610,"2,117",390,143,740,"2,522",820,"2,921",330,"2,104",**,**,**,**,**,**,560,"2,175",60,328,"2,920","1,924","42,790","243,991","42,400","24,778",**,**,"1,080",503,"16,300","5,503",600,25,550,189,"3,310","1,605","6,820","1,111","6,560","2,539",40,21,"7,350","11,658","3,000","18,976","3,070","18,989","2,600","1,309","63,190","171,957","20,950","68,741","18,760","62,196","14,370","24,994","2,960","2,455","1,390","1,001","31,760","19,275","38,270","32,634",0,0,0,0,"5,020","4,958","59,800","144,117","59,500","143,253",490,864,
02,"$25,000 under $50,000","88,790","48,520","21,990","16,040","81,700","3,480","43,100","65,760","160,680","50,670","1,650","1,230",410,250,"15,970","18,900","3,229,327","88,790","3,263,683","77,990","2,654,918","20,330","12,119","9,570","22,481","8,780","13,747","4,640","1,744","9,120","82,085","8,070","21,630","18,580","319,235",460,"3,810","12,419","15,310","108,259","1,570","8,680","18,930","34,356",880,205,70,427,"1,210","4,506","1,280","4,897","10,090","10,545","86,450","1,405,047","86,450","1,379,727","12,510","25,320","2,340","52,508","89,878","1,420","21,742","1,650","2,920",600,523,"1,840","6,410","1,340",602,"2,080","9,010","2,320","10,053","1,310","8,014",60,306,50,83,30,39,"1,770","9,859",130,"1,765","7,500","10,972","88,000","1,752,799","87,330","190,893",0,0,"2,330","1,972","39,560","45,004","2,460",139,"2,380","1,382","4,820","4,922","18,530","3,876","25,410","34,335",180,187,"6,900","16,035","3,890","23,774","4,140","25,374","3,830","2,273","87,070","351,236","19,990","43,875","17,830","38,445","18,710","39,039","2,950","2,476","1,200","1,174","66,590","145,889","71,190","165,620",**,**,0,0,"10,720","13,489","77,610","198,518","77,020","196,925",940,"1,593",
02,"$50,000 under $75,000","52,060","17,540","28,470","4,940","47,910","2,100","28,310","35,010","118,430","37,970",400,240,160,**,"6,100","14,400","3,204,990","52,060","3,241,442","45,550","2,493,898","19,080","13,465","9,380","28,803","8,700","18,506","7,030","2,871","7,570","81,659","8,090","34,369","14,570","356,248",410,"2,170","7,206","11,610","184,790","1,940","17,282","15,370","36,452","1,160",283,90,810,"1,050","5,457","1,240","5,784","7,850","9,101","49,070","963,455","49,070","945,737","8,910","17,718","3,000","69,180","187,238","1,200","20,884","2,500","6,828",460,614,"2,640","9,183","2,040",785,"2,790","15,324","2,990","16,368","2,030","12,762",60,279,70,92,60,112,"2,420","15,985",170,"1,997","7,200","16,700","51,990","2,150,645","51,870","256,102",**,**,"1,100","2,218","25,160","56,861","2,920",235,"2,190","1,096","3,470","4,368","6,440","1,140","18,970","49,209",150,289,"5,930","16,081","1,280","9,957","1,680","12,088","1,220","1,055","51,540","312,800",810,325,610,246,"6,240","12,162","2,230","2,104",400,530,"45,440","199,241","47,420","218,175",**,**,0,0,"10,420","18,943","41,540","112,837","40,720","110,094","1,220","2,744",
02,"$75,000 under $100,000","34,200","5,210","27,320","1,360","31,560","1,370","19,180","22,150","90,880","29,390",100,50,40,0,"2,670","10,490","2,960,695","34,200","2,990,817","30,100","2,254,842","16,300","12,965","8,240","30,357","7,600","20,257","7,690","3,857","5,820","69,524","7,110","44,887","11,240","349,158",320,"1,360","4,457","8,130","174,861","1,990","28,262","11,520","30,122","1,230",322,100,885,810,"4,909",980,"4,875","5,560","7,199","31,580","712,975","31,580","699,874","6,330","13,101","2,610","65,856","227,467",810,"14,624","2,300","8,298",300,451,"2,430","9,425","1,860",766,"2,460","16,883","2,610","17,877","1,930","13,211",40,167,70,76,60,163,"2,200","17,094",150,"2,180","6,080","18,265","34,170","2,159,645","34,100","262,764",**,**,510,"1,551","17,390","52,541","2,650",314,"2,550","1,484","3,100","4,293",0,0,"14,550","45,405",120,341,"4,520","12,938",360,"2,642",620,"4,336",420,481,"33,940","290,320",0,0,0,0,"1,220","2,088","2,140","2,116",80,106,"32,820","210,225","33,300","225,562",**,**,0,0,"7,790","17,387","26,350","81,619","25,560","78,701","1,160","2,837",
02,"$100,000 under $200,000","41,660","3,280","37,430",750,"38,610","1,680","24,280","21,960","120,400","41,340",50,20,30,0,"1,920","12,590","5,495,529","41,660","5,557,292","36,940","4,065,931","25,090","31,516","14,670","80,392","13,720","57,636","16,870","10,870","7,800","149,813","13,220","155,547","14,140","635,038",450,"1,130","3,696","9,020","232,889","4,860","136,545","16,010","61,763","2,530",702,430,"6,146","1,600","14,100","1,330","7,434","6,720","8,176","35,010","828,016","35,010","812,981","6,970","15,035","6,660","203,723","945,812","1,070","20,343","6,300","37,238",340,658,"6,390","29,715","4,930","2,274","6,370","56,571","6,660","59,246","5,140","43,019",150,690,220,170,250,"1,337","6,130","71,581",350,"6,365","10,050","54,814","41,650","4,403,304","41,620","637,350",40,85,310,"1,746","24,570","77,163","5,420","1,369","4,150","2,328","4,600","6,778",0,0,"19,840","63,963",120,434,"6,230","25,694",70,450,350,"2,310",260,522,"41,440","644,010",0,0,0,0,160,429,"3,780","3,957",**,**,"41,400","560,187","41,490","590,936",140,48,60,22,"14,600","52,630","27,020","104,890","25,240","92,957","2,500","11,933",
02,"$200,000 under $500,000","8,130",650,"7,310",140,"7,640",340,"6,090","2,500","23,730","8,310",**,0,**,0,110,"2,810","2,286,432","8,130","2,325,555","7,110","1,375,960","6,540","26,228","4,780","75,547","4,540","58,993","3,510","5,497","1,890","99,246","4,810","156,669","2,840","189,379",130,90,349,"1,730","47,500","3,140","292,216","3,100","39,123",310,77,350,"9,469","1,070","12,323",190,"1,998",0,0,"4,500","107,111","4,500","104,829","1,060","2,283","3,640","154,656","1,069,158",210,"7,255","3,500","44,300",130,307,"3,470","23,748","2,460","1,343","3,550","34,950","3,630","36,607","2,700","30,071",100,501,130,48,360,"2,489","3,490","67,914",240,"7,248","3,910","69,387","8,130","1,955,393","8,130","375,824",60,786,30,286,"5,590","18,967","2,350","2,548",510,264,0,0,0,0,"3,580","11,376",20,103,"1,840","13,139",0,0,40,297,50,168,"8,080","392,775",0,0,0,0,0,0,0,0,0,0,"8,120","356,843","8,130","377,885","2,750","2,006","3,940","4,102","3,790","40,516","4,320","54,735","3,120","31,774","1,580","22,632",
02,"$500,000 or more","1,860",180,"1,630",40,"1,780",60,"1,710",320,"5,150","1,750",0,0,0,0,**,720,"2,646,352","1,860","2,672,077","1,620","679,258","1,770","55,790","1,460","133,123","1,420","108,066",970,"14,414",450,"48,492","1,560","662,268",520,"32,175",50,**,**,360,"10,450","1,400","930,811","1,010","25,725",**,**,130,"4,680",540,"6,869",70,692,0,0,510,"12,011",510,"11,708",140,293,"1,340","187,726","2,126,214",**,**,"1,290","74,695",50,122,"1,250","17,030",710,472,"1,310","13,076","1,340","16,845",780,"11,592",30,222,40,10,310,"9,113","1,320","139,931",140,"4,923","1,260","164,961","1,860","2,279,143","1,860","624,509",110,"2,081",0,0,"1,230","27,932",960,"7,532",50,31,0,0,0,0,20,32,0,0,550,"5,744",0,0,0,0,**,**,"1,850","691,648",0,0,0,0,0,0,0,0,0,0,"1,850","596,514","1,860","627,989","1,010","4,352","1,650","24,010",710,"57,008","1,130","124,259",460,"28,935",830,"92,453",
,,,,,,,,,,,,,,,,,,,,,,,,,,,,,,,,,,,,,,,,,,,,,,,,,,,,,,,,,,,,,,,,,,,,,,,,,,,,,,,,,,,,,,,,,,,,,,,,,,,,,,,,,,,,,,,,,,,,,,,,,,,,,,,,,,,,,,,,,,,,,,,,,,,,,,,
03,,"348,160","169,180","135,530","37,790","316,970","15,800","179,180","218,910","662,970","206,220","7,790","5,960","1,840","1,650","43,340","88,790","25,696,402","347,100","26,004,068","289,700","16,648,167","121,350","377,072","64,550","813,765","60,090","642,929","48,830","56,187","49,940","685,652","56,710","2,187,285","85,350","2,221,189","3,320","9,640","32,727","51,640","780,831","18,250","1,832,151","87,060","307,666","6,410","1,653","1,920","48,416","8,540","63,521","5,310","25,212","37,600","43,352","318,490","5,412,346","318,490","5,299,086","57,420","113,260","26,140","1,288,289","8,299,430","5,910","113,293","23,180","302,131","2,630","3,352","23,860","152,086","17,080","7,655","24,490","197,567","26,050","229,602","19,240","185,347",510,"2,707",670,589,"1,470","84,611","22,460","535,431","1,540","128,089","41,330","417,571","272,110","19,166,999","270,380","3,370,140",330,"12,286","4,980","6,916","129,560","395,258","20,250","121,872","12,910","7,133","20,270","22,115","28,290","5,371","86,590","204,982",650,"1,642","39,880","124,552","8,520","50,269","9,720","55,746","8,350","5,851","329,070","3,998,915","51,260","121,917","45,590","109,206","41,290","75,923","15,430","13,981","3,430","3,280","234,180","2,973,941","251,890","3,226,131","7,730","15,093","9,180","90,522","60,210","275,584","273,750","1,044,233","265,920","731,086","10,360","312,744",
03,Under $1,"3,530","2,130","1,200",130,"2,400",670,"2,190",770,"5,300",770,20,20,**,0,90,"1,910","-241,370","2,470","-238,327",720,"34,914","1,210","6,727",750,"5,477",670,"3,884",140,518,"1,080","-17,680","1,080","16,471",670,"9,661",310,20,76,**,**,580,"-82,792",660,"3,043",**,**,**,**,200,"1,093",**,**,150,177,0,0,0,0,0,0,0,0,0,0,0,0,0,0,0,0,0,0,0,0,0,0,0,0,0,0,0,0,0,0,0,0,0,0,0,0,0,0,0,40,19,**,**,30,8,**,**,0,0,0,0,0,0,0,0,0,0,0,0,380,941,250,"2,200",260,"2,050",0,0,"1,470","10,130",240,275,140,176,120,254,110,104,180,259,30,16,490,"1,107",40,86,0,0,250,399,"1,350","9,140","1,230","6,912",160,"1,915",
03,"$1 under $10,000","49,290","41,840","3,920","3,100","43,280","2,910","22,020","25,130","42,280","8,050","2,430","1,730",710,760,"3,730","12,080","240,990","49,290","245,265","35,680","185,650","10,250","3,117","4,350","4,843","3,940","2,812",380,180,"4,940","15,553","3,650","1,737","8,020","38,566",160,300,983,110,432,370,"-1,213","4,980","4,275",40,8,**,**,360,"1,011",90,304,780,676,"48,910","525,943","48,910","508,091","9,800","17,853",380,"8,794","2,003",310,"5,851",110,111,200,109,240,822,130,72,310,980,350,"1,146",160,"1,088",**,**,**,**,**,**,190,306,**,**,60,14,"1,300","2,328",900,206,0,0,220,79,170,19,120,4,0,0,**,**,**,**,**,**,0,0,"4,100","2,868",810,"5,499",830,"5,377",20,8,"38,950","29,806","11,580","12,653","10,300","11,467","3,490","2,343","1,250","1,056",450,355,850,187,"5,370","3,196",0,0,0,0,"2,830","1,289","37,320","27,913","37,190","27,691",190,222,
03,"$10,000 under $25,000","66,860","44,910","8,740","12,260","61,080","2,850","30,450","48,660","99,980","30,870","2,500","1,990",510,570,"13,440","15,440","1,152,103","66,860","1,167,737","53,390","877,867","12,660","7,327","6,240","12,300","5,750","7,482","1,100",544,"9,000","70,524","5,280","9,209","14,390","166,911",380,"1,780","6,481","6,680","12,153",800,-26,"11,790","15,634",240,52,50,245,760,"2,396",380,"1,171","3,920","3,498","65,900","977,133","65,900","953,993","12,100","23,140",960,"22,717","17,261",760,"13,744",450,683,430,305,680,"2,346",470,167,830,"2,858",940,"3,260",420,"2,841",**,**,**,**,**,**,620,"2,161",60,473,"3,150","2,183","43,280","248,678","42,760","25,118",**,**,920,400,"16,710","5,711",690,24,530,193,"3,800","1,897","6,630","1,076","6,530","2,502",30,16,"7,530","11,910","2,700","15,329","2,740","15,011","2,690","1,410","62,850","173,602","21,180","70,156","18,990","63,374","14,710","25,788","3,200","2,629","1,310","1,054","31,830","19,407","38,340","33,102",0,0,0,0,"5,130","4,987","59,310","145,362","58,960","144,409",510,954,
03,"$25,000 under $50,000","84,180","48,510","18,800","14,620","77,310","3,290","40,610","61,670","147,650","45,450","2,160","1,790",370,320,"15,310","17,430","3,065,309","84,180","3,100,989","73,490","2,521,358","19,830","12,197","9,070","22,234","8,390","14,158","4,720","1,837","9,010","79,565","7,650","23,913","17,200","306,896",590,"3,130","10,200","13,740","98,419","1,580","6,636","19,420","35,680",960,227,90,715,"1,230","5,090","1,230","4,336","11,300","12,501","81,880","1,300,246","81,880","1,277,089","11,620","23,158","2,300","53,218","88,689","1,400","22,722","1,680","3,481",550,590,"1,780","6,399","1,310",548,"2,020","9,026","2,280","10,307","1,290","8,781",50,225,40,55,50,75,"1,730","9,173",100,"1,191","7,250","10,937","83,420","1,693,290","82,770","184,667",**,**,"2,160","1,689","36,310","41,207","2,350",189,"2,110","1,254","5,310","5,389","16,370","3,352","22,640","30,697",160,155,"6,640","15,311","3,420","18,174","3,680","19,513","3,760","2,233","82,550","331,181","17,630","38,562","15,690","33,987","16,510","34,923","3,010","2,536","1,100","1,044","64,330","143,459","68,380","162,408",**,**,0,0,"10,830","13,561","72,920","181,788","72,260","179,783",970,"2,005",
03,"$50,000 under $75,000","49,490","19,490","23,940","4,820","45,410","2,000","26,700","33,040","105,540","32,230",480,330,150,**,"5,770","13,590","3,043,483","49,490","3,078,557","42,820","2,351,972","19,220","13,739","9,220","28,371","8,520","18,789","7,320","2,917","7,180","76,448","7,780","34,042","13,940","354,211",530,"1,800","6,169","10,860","173,854","1,860","15,783","15,110","35,074","1,060",256,120,"1,162","1,070","5,519","1,150","5,334","8,320","10,004","46,140","872,003","46,140","855,082","8,570","16,921","3,350","75,251","211,309","1,200","21,429","2,860","8,294",450,556,"2,970","10,830","2,240",786,"3,060","17,909","3,340","19,511","2,390","15,521",70,379,60,77,60,120,"2,590","15,382",190,"2,300","6,830","15,865","49,380","2,074,583","49,280","250,540",**,**,940,"1,887","22,040","48,402","2,860",288,"1,860",977,"3,390","4,145","5,290",943,"16,200","41,284",130,249,"5,550","14,561","1,030","7,180","1,380","8,931","1,150","1,002","48,970","305,253",630,271,470,202,"5,280","10,532","2,040","1,889",320,466,"43,820","202,138","45,480","219,327",**,**,0,0,"9,940","18,574","39,450","103,873","38,560","101,033","1,260","2,840",
03,"$75,000 under $100,000","32,930","6,420","24,670","1,480","30,250","1,340","18,630","21,130","83,680","26,130",110,60,50,0,"2,610","10,140","2,856,471","32,930","2,886,661","28,650","2,143,931","16,330","13,517","8,240","33,119","7,640","22,299","7,840","4,041","5,730","70,508","7,020","47,180","10,920","354,163",450,"1,270","4,169","7,980","173,463","1,880","21,887","10,940","30,190","1,160",303,130,"1,449",820,"5,257",850,"4,213","5,510","7,236","29,830","659,686","29,830","646,805","6,280","12,880","3,100","76,658","269,858",860,"16,608","2,820","11,060",260,357,"2,880","11,290","2,170",832,"2,890","20,685","3,100","22,032","2,350","16,644",60,340,70,95,70,164,"2,530","17,954",160,"2,038","5,840","17,664","32,890","2,099,059","32,820","260,075",**,**,400,"1,276","16,090","47,039","2,760",323,"2,330","1,326","2,900","3,910",0,0,"13,110","40,581",100,253,"4,430","13,243",260,"1,571",500,"2,873",390,453,"32,680","289,549",0,0,0,0,"1,030","1,754","1,920","1,845",70,102,"31,740","213,036","32,140","228,541",**,**,0,0,"7,670","17,600","25,210","78,210","24,330","75,174","1,170","3,036",
03,"$100,000 under $200,000","46,350","4,670","40,370","1,050","42,710","2,050","26,830","23,960","131,440","44,760",90,40,50,0,"2,180","13,620","6,215,917","46,350","6,284,889","41,140","4,651,442","28,850","34,714","16,570","98,234","15,460","69,941","20,050","13,180","9,170","174,634","14,640","164,018","15,480","695,733",650,"1,190","4,009","9,700","249,386","5,000","135,304","17,850","68,972","2,530",702,510,"7,805","1,800","15,041","1,360","7,443","7,620","9,260","38,190","896,473","38,190","880,406","7,540","16,066","8,170","243,033","1,173,038","1,140","23,477","7,730","48,907",410,769,"7,810","39,172","5,820","2,535","7,740","70,196","8,160","74,673","6,540","58,301",170,768,250,245,290,"1,281","7,310","75,123",420,"8,538","10,990","57,730","46,330","5,012,318","46,300","739,134",40,86,260,"1,347","27,310","84,553","6,170","1,597","4,760","2,659","4,870","6,774",0,0,"22,010","70,277",200,754,"7,200","29,870",50,316,280,"1,757",280,490,"46,140","750,156",0,0,0,0,150,329,"3,900","3,922",**,**,"46,080","654,583","46,170","690,041",210,74,60,23,"16,530","58,492","29,730","117,737","27,700","103,254","2,760","14,484",
03,"$200,000 under $500,000","12,270",950,"10,980",270,"11,450",550,"8,840","3,990","37,290","14,060",**,0,**,0,210,"3,510","3,521,631","12,270","3,585,369","10,960","2,347,859","9,900","30,230","7,420","100,656","7,130","77,969","5,530","7,380","2,980","149,603","6,930","204,758","3,830","243,623",180,150,640,"2,050","57,835","3,970","378,498","4,560","63,738",390,97,690,"20,799","1,430","16,458",190,"1,843",0,0,"6,760","160,062","6,760","157,196","1,330","2,866","5,510","213,583","1,660,067",220,"7,030","5,280","71,627",220,437,"5,290","40,921","3,650","1,854","5,340","52,928","5,510","56,501","4,510","55,912",120,634,180,97,460,"2,442","5,200","81,492",320,"8,730","5,290","82,090","12,260","3,064,157","12,260","599,865",120,770,50,230,"8,690","29,065","3,510","3,083","1,140",617,0,0,0,0,"6,050","19,569",30,215,"2,920","22,128",0,0,50,234,60,255,"12,210","625,648",0,0,0,0,0,0,0,0,0,0,"12,250","570,800","12,260","605,972","5,270","4,198","6,170","6,010","5,690","56,900","6,550","75,904","4,900","45,214","2,070","30,690",
03,"$500,000 or more","3,260",260,"2,910",60,"3,080",140,"2,910",560,"9,810","3,900",0,0,0,0,**,"1,070","5,841,868","3,260","5,892,928","2,850","1,533,174","3,100","255,504","2,690","508,531","2,590","425,595","1,750","25,590",850,"66,497","2,680","1,685,957",900,"51,425",70,**,**,520,"15,289","2,210","1,358,074","1,750","51,060",30,8,330,"16,241",870,"11,656",60,568,0,0,880,"20,800",880,"20,424",180,376,"2,370","595,035","4,877,205",20,"2,432","2,250","157,968",110,229,"2,210","40,306","1,290",861,"2,300","22,985","2,370","42,172","1,580","26,259",40,361,70,20,540,"80,529","2,290","333,840",290,"104,819","1,920","231,088","3,250","4,972,586","3,250","1,310,516",170,"11,430",**,**,"2,240","139,262","1,790","116,364",180,107,0,0,0,0,50,72,**,**,"1,130","13,720",0,0,**,**,**,**,"3,250","1,483,590",0,0,0,0,0,0,0,0,0,0,"3,250","1,170,315","3,260","1,282,437","2,210","10,735","2,950","84,489","1,340","103,782","1,910","304,306",790,"47,616","1,270","256,598",
,,,,,,,,,,,,,,,,,,,,,,,,,,,,,,,,,,,,,,,,,,,,,,,,,,,,,,,,,,,,,,,,,,,,,,,,,,,,,,,,,,,,,,,,,,,,,,,,,,,,,,,,,,,,,,,,,,,,,,,,,,,,,,,,,,,,,,,,,,,,,,,,,,,,,,,
04,,"316,500","146,040","134,990","30,380","291,630","11,900","174,060","203,730","597,160","167,760","8,380","1,300","7,070",240,"34,420","100,760","18,101,452","315,250","18,293,474","244,810","12,315,297","103,440","134,043","54,890","296,225","51,000","226,624","33,100","25,869","43,030","475,010","48,150","638,773","97,250","2,615,338","7,730","13,420","46,651","61,670","859,373","13,980","692,744","68,460","192,022","5,440","1,437",890,"19,793","6,090","40,963","4,430","21,220","28,220","31,500","297,220","5,248,124","297,220","5,110,357","69,150","137,748","14,820","484,358","2,933,275","4,680","90,788","12,310","106,491","2,200","2,413","13,100","63,059","9,760","4,342","13,720","99,415","14,720","107,595","9,930","82,359",290,"1,180",230,94,600,"3,396","12,170","145,474","1,350","35,292","33,260","199,000","235,910","12,796,345","234,540","2,009,234",120,768,"5,050","6,951","105,240","207,752","15,170","10,080","10,270","5,447","16,230","18,101","23,320","4,656","71,450","159,635",540,"1,683","32,210","82,814","9,210","64,442","10,280","69,783","7,710","5,589","294,120","2,446,393","48,740","110,132","42,650","97,446","35,360","63,193","13,360","12,145","3,840","3,632","203,970","1,799,296","220,740","1,921,411","3,800","6,899","5,010","14,267","49,420","179,823","249,640","702,026","243,920","630,902","7,840","69,023",
04,Under $1,"4,460","2,490","1,740",140,"3,210",740,"2,920",990,"7,000",920,40,**,40,0,70,"2,570","-190,255","3,210","-187,426",890,"22,480","1,450","1,789",730,"1,634",650,"1,003",70,75,"1,370","-13,462","1,230","12,155",980,"11,562",710,**,**,**,**,600,"-41,137",760,"2,829",**,**,0,0,190,895,**,**,150,179,0,0,0,0,0,0,0,0,0,0,0,0,0,0,0,0,0,0,0,0,0,0,0,0,0,0,0,0,0,0,0,0,0,0,0,0,0,0,0,50,15,0,0,40,11,**,**,0,0,0,0,0,0,0,0,0,0,0,0,460,690,380,"3,537",400,"3,341",0,0,"1,850","5,678",330,347,180,195,100,194,120,102,290,370,50,13,590,787,**,**,0,0,320,338,"1,700","5,235","1,610","4,681",110,304,
04,"$1 under $10,000","49,000","39,640","5,640","3,220","44,060","2,410","21,890","24,900","47,620","8,510","3,790",560,"3,230",130,"3,430","14,690","236,461","49,000","240,780","32,210","169,206","10,250","3,742","4,030","4,128","3,670","2,647",330,173,"4,940","15,978","3,430","2,027","9,700","49,724",520,400,"1,268",110,452,430,-907,"4,800","4,319",**,**,**,**,390,"1,188",80,235,720,641,"48,690","574,444","48,690","553,043","11,730","21,401",310,"6,808","1,561",260,"4,927",90,87,140,69,180,478,110,37,250,624,280,717,110,582,0,0,0,0,0,0,120,130,**,**,30,15,"1,010","1,911",900,242,0,0,340,105,120,14,70,2,0,0,**,**,0,0,**,**,0,0,"3,960","2,910","1,130","8,727","1,160","8,577",**,**,"36,910","29,853","12,170","12,829","10,660","11,496","3,480","2,255","1,230","1,051",610,486,860,205,"5,240","3,304",0,0,0,0,"2,730","1,294","35,240","27,866","35,080","27,568",200,211,
04,"$10,000 under $25,000","67,460","42,840","13,590","9,980","62,450","2,370","32,580","49,190","102,220","26,830","2,460",420,"2,040",80,"10,990","20,670","1,158,978","67,460","1,172,571","49,470","795,377","14,140","9,142","6,380","10,745","5,860","7,007",870,394,"8,260","66,994","5,160","9,506","19,200","246,003","1,010","2,570","8,949","9,030","15,729",920,699,"10,420","13,593",210,46,**,**,830,"2,591",400,"1,242","3,080","2,625","66,670","1,044,010","66,670","1,011,864","16,530","32,147",780,"18,948","13,865",650,"12,414",320,388,400,270,530,"1,544",350,104,700,"2,035",760,"2,287",280,"1,733",**,**,20,1,**,**,470,"1,489",40,376,"2,780","1,822","40,400","226,770","40,000","22,972",20,42,"1,090",480,"13,550","4,505",550,17,450,144,"3,010","1,418","5,240",896,"5,420","2,012",**,**,"6,760","11,070","2,950","19,398","3,020","19,062","2,480","1,297","62,540","162,515","20,130","61,459","17,660","55,080","12,550","21,546","2,720","2,228","1,430","1,166","31,080","18,466","37,250","31,279",**,**,0,0,"4,860","4,610","59,370","135,741","58,990","134,972",560,762,
04,"$25,000 under $50,000","73,920","37,170","24,300","10,530","68,790","2,280","39,680","54,890","135,840","38,200","1,380",250,"1,130",30,"11,450","21,520","2,687,733","73,920","2,714,764","59,620","1,956,723","18,580","15,005","9,200","20,269","8,470","13,429","3,320","1,356","8,280","73,984","7,540","22,574","21,550","437,102","1,480","4,230","14,946","18,610","128,468","1,610","6,743","14,730","27,031",740,174,40,215,"1,070","4,536","1,010","3,822","7,450","7,752","72,280","1,240,155","72,280","1,209,291","15,160","30,863","1,640","40,849","62,415","1,120","21,895",980,"1,842",590,530,"1,250","3,770",940,343,"1,470","5,663","1,620","6,338",810,"4,821",30,120,**,**,**,**,"1,120","5,248",110,"1,371","7,030","9,938","72,930","1,393,319","72,200","150,698",**,**,"2,080","1,711","30,230","32,999","2,090",109,"1,590",813,"3,700","3,777","12,950","2,858","19,370","25,191",120,97,"6,040","13,533","3,520","23,205","3,700","24,358","3,470","2,228","72,220","292,010","15,480","35,244","13,700","30,492","13,830","29,005","2,230","1,849","1,190","1,225","56,400","117,699","60,300","134,568",0,0,0,0,"9,100","11,468","64,300","168,492","63,590","166,625","1,050","1,867",
04,"$50,000 under $75,000","45,220","14,570","25,600","4,080","42,020","1,420","27,210","30,670","99,580","28,830",460,50,400,**,"4,670","15,100","2,786,180","45,220","2,814,131","37,260","1,964,700","16,260","15,292","8,370","25,126","7,740","17,043","5,330","2,374","6,490","55,545","7,160","34,942","15,890","442,885","1,250","2,730","9,413","13,070","209,251","1,800","14,041","12,280","27,951",990,246,70,507,810,"4,678","1,020","4,897","6,240","7,284","43,130","857,869","43,130","837,829","10,010","20,040","2,090","50,763","130,592",980,"18,271","1,630","4,173",430,502,"1,820","6,055","1,390",520,"1,880","9,709","2,080","10,644","1,340","8,494",50,229,20,1,40,55,"1,590","9,203",210,"2,921","6,260","13,942","45,150","1,858,500","45,040","220,710",0,0,910,"2,044","20,220","43,763","2,470",174,"1,850",957,"2,850","3,618","5,130",902,"15,070","37,446",130,304,"4,710","11,563","1,000","8,029","1,320","10,000","1,150","1,087","44,660","275,944",630,253,450,183,"4,510","8,587","1,940","1,779",280,363,"40,280","176,947","41,710","191,167",**,**,0,0,"8,950","16,423","36,160","100,763","35,340","98,547","1,160","2,216",
04,"$75,000 under $100,000","29,290","5,010","22,560","1,430","27,270",920,"18,380","19,270","73,340","21,500",170,20,150,0,"2,100","10,390","2,536,547","29,290","2,560,037","24,500","1,763,014","13,210","13,692","7,390","27,298","6,870","19,199","5,550","2,898","4,670","48,741","6,320","40,277","11,600","414,690",950,"1,730","6,093","8,930","195,119","1,660","18,306","8,800","23,490",960,253,70,660,600,"3,947",690,"3,642","4,480","5,711","27,360","611,073","27,360","596,909","6,810","14,164","1,930","48,228","168,126",660,"12,226","1,660","5,724",250,352,"1,760","6,402","1,390",567,"1,750","11,343","1,920","12,487","1,360","9,098",30,156,30,4,40,85,"1,540","10,502",170,"2,706","4,920","14,079","29,280","1,859,457","29,230","228,318",**,**,370,"1,339","13,690","38,737","2,400",260,"2,070","1,188","2,500","3,412",0,0,"11,130","32,930",110,367,"3,350","9,303",230,"1,546",440,"2,932",380,474,"29,060","258,430",0,0,0,0,780,"1,336","1,740","1,713",40,22,"28,370","189,581","28,640","201,044",0,0,0,0,"6,540","15,115","22,710","72,324","21,940","69,934","1,040","2,390",
04,"$100,000 under $200,000","38,210","3,560","33,580",840,"35,460","1,410","24,460","21,190","106,380","34,620",80,0,80,0,"1,620","12,590","5,060,646","38,210","5,107,483","33,010","3,592,401","22,060","30,649","13,030","71,698","12,180","53,400","13,980","9,323","6,890","101,947","11,700","135,011","14,810","745,461","1,440","1,650","5,531","9,850","251,680","3,750","88,295","13,450","46,837","2,270",649,290,"4,174","1,170","10,668","1,060","5,719","6,100","7,308","33,520","788,013","33,520","771,870","7,510","16,143","4,690","141,954","664,393",910,"18,019","4,400","24,921",270,438,"4,440","19,679","3,490","1,629","4,390","37,613","4,690","40,531","3,570","29,027",110,354,90,65,140,371,"4,170","40,912",460,"11,449","8,260","41,218","38,200","4,084,307","38,180","597,329",**,**,220,"1,261","21,540","64,413","4,610",951,"3,730","2,065","4,170","5,876",0,0,"17,390","52,970",150,776,"4,950","18,808",**,**,240,"1,513",200,396,"37,990","613,320",0,0,0,0,110,270,"3,380","3,423",0,0,"37,990","532,916","38,070","556,288",140,32,40,4,"12,590","45,081","25,570","101,551","24,090","91,973","2,050","9,578",
04,"$200,000 under $500,000","7,430",640,"6,620",130,"6,950",280,"5,560","2,390","20,930","6,910",**,0,**,0,90,"2,680","2,091,799","7,430","2,122,164","6,480","1,298,250","6,050","20,183","4,530","65,853","4,350","53,331","2,960","4,073","1,740","85,110","4,350","131,064","3,020","228,389",310,110,451,"1,770","49,783","2,260","181,317","2,490","30,365",270,69,310,"9,296",700,"7,860",140,"1,295",0,0,"4,920","117,138","4,920","114,460","1,250","2,678","2,520","101,976","744,434",100,"3,036","2,420","30,286",80,166,"2,350","15,249","1,650",859,"2,430","23,955","2,510","25,423","1,890","20,641",70,321,70,23,190,650,"2,340","37,965",250,"10,436","3,090","45,487","7,430","1,825,839","7,430","353,920",50,201,**,**,"4,920","14,435","2,180","2,120",520,251,0,0,0,0,"3,070","9,086",30,139,"1,520","10,663",0,0,**,**,30,107,"7,390","363,480",0,0,0,0,0,0,0,0,0,0,"7,430","339,485","7,430","357,881","2,660","2,049","3,630","3,738","3,590","36,573","3,830","41,824","2,930","25,354","1,180","16,470",
04,"$500,000 or more","1,510",120,"1,360",30,"1,420",70,"1,380",240,"4,250","1,440",0,0,0,0,**,550,"1,733,363","1,510","1,748,970","1,370","753,146","1,440","24,549","1,230","69,474","1,210","59,565",690,"5,203",390,"40,173","1,260","251,217",500,"39,522",60,**,**,300,"8,891",950,"425,387",730,"15,607",**,**,110,"4,941",330,"4,600",30,368,0,0,650,"15,422",650,"15,091",150,312,860,"74,832","1,147,889",**,**,810,"39,070",40,86,770,"9,882",440,283,850,"8,473",860,"9,168",570,"7,963",**,**,**,**,190,"2,235",820,"40,025",110,"6,033",890,"72,499","1,510","1,546,242","1,510","435,030",50,525,0,0,970,"8,886",800,"6,447",60,29,0,0,0,0,**,**,0,0,460,"4,274",0,0,0,0,0,0,"1,500","445,163",0,0,0,0,0,0,0,0,0,0,"1,510","423,984","1,510","445,093","1,000","4,818","1,340","10,525",740,"48,921",760,"48,230",350,"11,248",490,"35,225",
,,,,,,,,,,,,,,,,,,,,,,,,,,,,,,,,,,,,,,,,,,,,,,,,,,,,,,,,,,,,,,,,,,,,,,,,,,,,,,,,,,,,,,,,,,,,,,,,,,,,,,,,,,,,,,,,,,,,,,,,,,,,,,,,,,,,,,,,,,,,,,,,,,,,,,,
05,,"319,780","158,970","107,470","48,070","292,010","13,970","176,040","214,860","580,180","173,310","8,430","4,570","3,870",930,"44,480","99,240","16,126,328","318,480","16,283,656","246,360","10,965,678","87,910","99,879","45,530","238,441","42,220","168,894","32,650","23,277","44,280","417,832","40,530","486,139","95,850","2,477,858","2,140","14,500","45,676","61,900","812,367","10,480","608,394","64,450","157,328","5,320","1,400",670,"13,789","4,460","30,913","3,740","17,163","25,340","27,658","301,040","5,079,646","301,040","4,948,168","68,060","131,478","15,250","459,656","2,527,335","4,870","79,284","12,760","96,087","2,200","2,650","13,290","58,736","10,530","5,824","13,760","96,078","15,140","107,850","10,650","83,578",380,"1,640",330,196,580,"6,531","12,950","140,926","1,460","31,600","26,330","153,048","231,860","10,990,285","230,840","1,684,966",140,"1,062","3,980","4,784","100,940","174,543","12,260","4,014","8,730","4,592","16,200","17,782","20,750","3,898","70,330","135,286",710,"1,278","31,750","73,813","7,060","41,083","7,850","44,730","6,880","4,831","299,370","2,210,962","64,930","169,260","58,740","149,648","45,960","78,355","14,570","13,134","2,840","2,581","196,560","1,510,299","216,670","1,613,350","2,640","3,955","3,230","11,149","44,570","141,857","259,010","736,860","254,840","670,026","5,610","66,433",
05,Under $1,"3,460","2,300",940,140,"2,300",690,"2,000",890,"4,820",560,**,**,**,0,140,"1,850","-99,168","2,170","-97,466",570,"15,847",920,"1,587",500,"1,933",450,"1,216",60,190,960,"-9,780",870,"1,586",610,"7,290",180,**,**,**,**,370,"-19,759",450,"1,702",**,**,0,0,100,596,**,**,100,119,0,0,0,0,0,0,0,0,0,0,0,0,0,0,0,0,0,0,0,0,0,0,0,0,0,0,0,0,0,0,0,0,0,0,0,0,0,0,0,30,10,0,0,30,8,**,**,0,0,0,0,0,0,0,0,0,0,0,0,250,335,210,"1,639",220,"1,489",0,0,"1,420","4,797",220,195,130,133,50,104,170,154,150,207,30,9,360,472,**,**,0,0,200,190,"1,320","4,512","1,270","3,842",80,420,
05,"$1 under $10,000","50,810","42,240","3,680","4,460","45,670","2,640","24,100","26,830","50,810","10,440","3,670","2,250","1,420",490,"4,990","13,750","243,277","50,800","247,210","33,380","175,865","9,740","2,687","3,190","3,308","2,850","1,905",280,130,"5,430","18,969","2,690",568,"8,780","47,246",120,470,"1,480",120,427,370,-926,"5,060","3,933",50,11,**,**,280,778,90,270,630,560,"50,540","585,210","50,540","566,812","10,550","18,398",270,"5,785","1,518",220,"4,238",90,87,120,65,140,403,90,24,210,476,240,580,90,650,0,0,**,**,**,**,120,172,**,**,40,13,720,"1,272",660,152,0,0,190,63,90,10,50,2,0,0,**,**,**,**,**,**,0,0,"4,280","3,286",740,"4,981",760,"4,749",**,**,"38,610","34,741","15,130","17,159","13,590","15,249","4,600","3,125","1,400","1,184",440,369,630,140,"5,440","3,557",0,0,0,0,"2,490","1,137","37,000","32,327","36,890","32,109",160,193,
05,"$10,000 under $25,000","82,970","50,230","11,500","20,150","76,360","3,390","41,650","63,970","136,290","47,180","2,640","1,390","1,250",340,"18,160","23,720","1,417,042","82,970","1,433,168","61,120","960,992","13,680","7,776","6,100","9,620","5,550","5,694","1,200",511,"13,270","102,264","5,060","4,645","22,420","306,078",270,"2,970","10,409","11,630","21,474",860,"1,657","14,380","16,126",270,62,20,74,600,"1,918",440,"1,360","3,000","2,514","81,990","1,261,989","81,990","1,227,415","18,650","34,574",970,"21,917","17,825",780,"13,123",420,477,480,313,650,"1,852",490,231,840,"2,399",950,"2,788",430,"2,670",**,**,**,**,40,54,620,"2,385",60,450,"3,320","1,925","49,530","268,877","49,090","27,127",**,**,890,355,"18,080","6,135",580,20,640,200,"3,360","1,609","5,290",900,"9,430","3,377",50,21,"10,800","17,252","2,330","13,030","2,380","12,877","2,360","1,234","78,790","241,553","31,940","113,073","29,240","99,894","22,450","38,560","3,840","3,250","1,120",808,"35,640","20,992","46,150","39,908",**,**,0,0,"5,060","4,464","75,380","205,974","75,090","205,284",410,690,
05,"$25,000 under $50,000","75,890","38,730","20,270","14,790","69,550","2,940","40,520","56,820","135,440","39,860","1,530",770,760,100,"12,930","22,780","2,726,313","75,890","2,750,781","61,250","1,976,463","16,950","11,817","8,360","17,867","7,740","11,020","4,080","1,578","8,050","49,758","7,270","13,189","23,130","497,779",410,"4,290","14,637","19,610","141,333","1,360","7,215","13,800","24,468",890,215,50,358,810,"3,480","1,010","3,779","7,290","7,393","73,860","1,232,301","73,860","1,200,597","15,970","31,704","2,020","43,831","76,995","1,230","17,429","1,370","2,363",580,564,"1,550","4,691","1,320",773,"1,720","6,824","1,990","8,006","1,120","6,468",60,312,50,42,**,**,"1,590","8,803",170,"1,888","5,750","7,976","75,030","1,432,174","74,580","155,703",**,**,"1,820","1,395","31,650","35,490","2,010",103,"2,080","1,151","4,330","4,556","11,970","2,414","21,400","26,978",200,165,"5,070","11,423","2,940","16,015","3,090","17,074","3,070","1,941","74,660","294,031","17,170","38,633","15,430","34,220","14,950","29,679","2,790","2,363",900,942,"57,890","120,213","61,210","134,588",**,**,0,0,"9,550","11,614","66,080","170,568","65,560","169,300",750,"1,268",
05,"$50,000 under $75,000","41,710","15,520","19,980","5,210","38,170","1,700","25,260","28,270","85,470","23,860",390,120,280,0,"4,520","14,340","2,565,190","41,710","2,588,562","34,130","1,791,286","13,810","11,746","7,520","22,786","6,990","14,722","5,890","2,422","5,520","39,582","6,520","24,781","15,410","448,792",330,"2,680","8,381","12,570","208,445","1,320","11,185","10,540","23,372","1,040",260,50,441,600,"3,332",790,"3,754","5,750","6,670","39,150","745,670","39,150","726,911","9,510","18,759","2,560","57,144","160,919","1,080","16,256","2,090","5,692",420,539,"2,190","7,035","1,850","1,026","2,230","11,877","2,550","13,550","1,710","9,952",50,219,40,35,30,59,"2,100","12,724",240,"3,399","4,650","9,805","41,660","1,745,241","41,590","210,767",0,0,660,"1,374","17,610","36,542","2,280",187,"1,590",801,"2,700","3,461","3,490",584,"13,260","30,961",170,274,"3,540","8,940",690,"4,571",940,"5,925",940,836,"41,280","257,413",470,200,350,152,"3,320","5,908","1,840","1,697",210,238,"38,130","174,225","39,080","185,333",**,**,0,0,"8,580","16,258","33,060","87,843","32,450","86,087",820,"1,756",
05,"$75,000 under $100,000","26,370","5,680","18,290","2,050","24,240","1,060","16,580","17,610","62,690","18,060",140,40,100,0,"2,130","9,400","2,282,543","26,370","2,300,883","22,200","1,608,676","10,910","10,934","6,200","23,050","5,750","15,572","5,650","2,712","3,960","36,086","5,500","28,532","10,290","376,462",300,"1,970","5,257","7,980","177,920","1,190","14,124","7,140","18,340",910,237,60,669,410,"2,762",530,"2,595","3,600","4,415","24,080","521,301","24,080","509,010","5,990","12,291","2,290","53,811","198,979",670,"10,595","2,020","7,142",260,391,"2,080","7,564","1,720",957,"2,070","13,712","2,280","15,100","1,680","10,634",60,213,50,24,40,151,"1,930","13,022",220,"3,113","3,820","9,929","26,360","1,692,937","26,340","214,090",**,**,230,708,"11,990","31,912","2,020",200,"1,520",857,"2,200","2,952",0,0,"9,820","27,243",120,246,"2,620","7,261",150,847,280,"1,552",300,363,"26,190","243,681",0,0,0,0,530,867,"1,540","1,454",20,17,"25,770","182,255","25,940","191,289",**,**,0,0,"5,690","13,827","20,650","65,920","20,090","63,921",760,"1,999",
05,"$100,000 under $200,000","32,210","3,630","27,260","1,120","29,760","1,300","20,880","18,500","87,070","27,620",60,0,60,0,"1,540","10,960","4,252,357","32,210","4,287,513","28,130","3,099,178","16,980","22,091","9,940","54,704","9,320","39,044","12,460","7,827","5,620","72,229","8,910","83,661","12,720","607,806",430,"1,990","5,126","8,450","218,611","2,660","67,722","10,750","35,156","1,960",561,230,"3,457",830,"7,153",730,"3,974","4,970","5,987","27,650","643,691","27,650","630,112","6,370","13,579","4,560","134,060","637,099",790,"14,407","4,280","24,913",260,600,"4,310","18,442","3,490","1,842","4,220","36,366","4,550","39,699","3,650","29,045",120,387,110,63,130,517,"4,130","37,589",480,"11,256","6,080","27,826","32,200","3,441,303","32,190","510,319",30,61,160,881,"17,520","49,153","3,430",595,"2,540","1,399","3,610","5,204",0,0,"14,290","40,548",170,572,"3,760","13,896",**,**,180,"1,064",180,363,"32,100","529,659",0,0,0,0,60,112,"2,990","3,032",0,0,"32,110","461,166","32,130","478,711",140,29,40,13,"10,050","36,134","22,130","86,459","21,050","79,411","1,440","7,049",
05,"$200,000 under $500,000","5,330",510,"4,680",120,"5,000",200,"4,100","1,790","14,810","4,810",**,0,**,0,70,"2,000","1,473,264","5,330","1,494,614","4,680","930,203","3,970","14,209","2,900","40,963","2,770","31,941","2,480","2,982","1,220","65,589","2,850","82,212","2,170","160,442",80,130,386,"1,300","36,915","1,610","122,417","1,750","21,350",200,54,180,"5,340",540,"6,700",120,"1,128",0,0,"3,370","80,020","3,370","78,113",890,"1,907","1,960","75,984","568,614",100,"3,236","1,890","23,189",60,131,"1,830","11,855","1,260",721,"1,870","18,397","1,960","20,162","1,570","18,145",90,509,80,32,180,"1,353","1,860","24,728",210,"7,517","2,060","29,410","5,330","1,286,623","5,330","251,052",60,266,**,**,"3,360","10,022","1,350","1,389",330,170,0,0,0,0,"2,130","6,179",**,**,"1,080","7,500",0,0,**,**,30,94,"5,300","257,385",0,0,0,0,0,0,0,0,0,0,"5,330","241,030","5,330","253,647","1,800","1,313","2,300","2,448","2,530","26,795","2,790","30,187","2,180","19,105",780,"11,082",
05,"$500,000 or more","1,030",130,870,30,960,50,950,180,"2,780",920,0,0,0,0,**,440,"1,265,510","1,030","1,278,391",900,"407,168",950,"17,032",820,"64,210",800,"47,780",550,"4,925",250,"43,135",860,"246,965",320,"25,963",20,**,**,240,"7,242",740,"404,759",580,"12,881",**,**,80,"3,450",290,"4,194",30,303,0,0,400,"9,464",400,"9,198",130,266,620,"67,124","865,386",**,**,600,"32,224",20,47,540,"6,894",310,250,600,"6,027",620,"7,965",400,"6,014",**,**,**,**,160,"4,397",600,"41,503",80,"3,977",610,"66,164","1,030","1,121,858","1,030","315,746",50,735,0,0,640,"5,279",540,"1,518",30,14,0,0,0,0,**,**,0,0,350,"3,920",0,0,0,0,**,**,"1,020","347,702",0,0,0,0,0,0,0,0,0,0,"1,030","310,269","1,030","325,845",700,"2,613",890,"8,688",420,"31,438",600,"53,070",260,"10,967",410,"41,976",
,,,,,,,,,,,,,,,,,,,,,,,,,,,,,,,,,,,,,,,,,,,,,,,,,,,,,,,,,,,,,,,,,,,,,,,,,,,,,,,,,,,,,,,,,,,,,,,,,,,,,,,,,,,,,,,,,,,,,,,,,,,,,,,,,,,,,,,,,,,,,,,,,,,,,,,
06,,"336,290","161,080","131,110","38,060","306,130","15,060","165,080","214,640","633,910","190,930","6,900","2,260","4,640",610,"46,060","96,340","21,282,412","335,040","21,544,128","274,980","14,641,708","104,490","160,345","60,950","477,479","56,870","365,986","39,500","41,245","46,200","609,357","55,020","1,123,405","88,120","2,289,031","4,140","10,040","36,344","55,010","827,507","15,560","1,186,377","76,880","261,716","5,970","1,534","1,550","34,372","8,460","61,389","5,250","25,907","29,940","33,832","310,740","5,332,943","310,740","5,208,094","63,480","124,849","21,270","734,050","5,010,485","6,060","109,600","18,450","188,354","2,490","3,120","19,120","109,022","12,650","5,570","19,830","153,118","21,170","168,005","15,270","147,158",420,"2,186",560,308,"1,100","12,735","17,870","254,928","1,390","32,213","37,220","306,266","256,190","15,578,373","254,630","2,604,576",250,"2,525","5,230","8,436","120,530","245,366","18,640","13,593","11,160","6,107","17,710","18,714","26,220","4,968","80,590","179,974",730,"1,898","37,100","110,479","9,750","73,236","10,910","80,240","8,740","6,366","314,980","3,100,963","53,400","127,004","47,530","114,241","41,450","75,637","14,320","12,813","3,810","3,750","219,030","2,351,229","236,500","2,516,341","5,500","10,689","7,250","26,419","55,860","244,089","264,420","829,632","257,290","695,379","9,800","129,335",
06,Under $1,"4,280","2,530","1,510",130,"2,970",790,"2,660",960,"6,460",830,**,**,**,0,90,"2,520","-249,451","3,030","-245,098",860,"29,920","1,460","6,459",850,"5,966",770,"3,523",150,417,"1,310","-18,036","1,330","11,296",890,"11,542",470,**,**,**,**,690,"-107,837",780,"4,353",**,**,**,**,250,"1,438",**,**,150,176,0,0,0,0,0,0,0,0,0,0,0,0,0,0,0,0,0,0,0,0,0,0,0,0,0,0,0,0,0,0,0,0,0,0,0,0,0,0,0,50,12,0,0,50,10,**,**,0,0,0,0,0,0,0,0,0,0,0,0,460,958,340,"3,453",350,"3,219",0,0,"1,750","10,057",270,268,150,180,110,232,160,147,250,370,40,6,570,"1,139",**,**,0,0,340,401,"1,590","9,354","1,500","6,674",130,"1,192",
06,"$1 under $10,000","51,060","42,580","4,770","3,200","45,120","3,020","21,130","26,390","46,830","8,440","3,030",710,"2,320",260,"4,220","14,500","249,159","51,060","253,533","35,670","188,742","9,880","3,477","4,520","5,087","4,060","2,980",360,175,"4,900","14,409","3,890","1,461","9,370","43,823",290,320,"1,110",120,500,390,"-1,778","4,960","4,374",50,11,**,**,450,"1,246",80,326,670,553,"50,670","574,019","50,670","552,434","11,850","21,585",380,"7,644","1,903",320,"5,190",120,97,190,103,220,799,150,56,310,952,350,"1,028",140,823,**,**,**,**,**,**,200,325,**,**,60,22,"1,080","2,076",900,233,0,0,290,98,140,16,80,3,0,0,**,**,**,**,**,**,0,0,"4,080","2,863","1,080","9,208","1,120","9,011",20,12,"39,590","31,720","12,550","13,382","11,230","12,146","3,670","2,405","1,400","1,196",570,480,840,215,"5,310","3,437",0,0,0,0,"2,750","1,205","38,020","29,714","37,840","29,403",250,311,
06,"$10,000 under $25,000","67,390","43,720","9,800","12,840","61,540","2,770","28,590","49,670","103,880","32,530","2,030",810,"1,220",250,"14,540","16,950","1,157,220","67,390","1,171,615","53,660","873,400","11,720","7,762","6,400","12,318","5,830","7,462","1,030",528,"8,590","68,852","5,460","10,693","14,820","167,801",450,"2,170","7,784","7,170","12,737",740,601,"10,940","14,395",220,50,40,126,860,"2,606",360,"1,187","3,110","2,772","66,500","1,004,043","66,500","978,694","13,240","25,348",890,"20,730","16,012",730,"12,520",400,553,410,303,620,"2,097",390,111,770,"2,608",860,"2,962",400,"2,679",**,**,30,4,**,**,550,"1,812",50,341,"2,850","1,937","42,520","239,481","42,030","24,178",0,0,960,411,"16,300","5,535",650,25,580,209,"3,490","1,704","6,090",984,"6,880","2,578",40,12,"7,330","11,823","2,960","20,970","3,030","20,739","2,680","1,379","63,070","178,237","22,390","73,996","20,070","67,449","15,200","26,651","3,170","2,652","1,400","1,091","31,070","18,643","37,480","32,206",0,0,0,0,"5,010","4,946","59,730","150,810","59,380","149,966",540,814,
06,"$25,000 under $50,000","79,730","43,150","19,840","14,270","73,330","3,010","36,770","59,280","144,250","45,330","1,330",610,720,100,"15,640","18,580","2,893,922","79,730","2,925,736","69,120","2,336,181","16,940","12,157","8,980","23,218","8,310","15,071","3,860","1,743","8,380","82,124","7,780","25,544","17,610","302,446",680,"3,230","11,440","14,820","106,214","1,470","4,539","16,680","31,814",950,225,100,821,"1,350","5,218","1,180","4,343","8,480","8,892","77,680","1,263,767","77,680","1,239,014","12,430","24,754","2,050","48,464","78,790","1,330","22,623","1,440","2,570",540,486,"1,590","5,785","1,120",432,"1,790","7,626","2,030","8,831","1,130","7,618",50,220,**,**,50,79,"1,480","7,434",110,"1,006","6,870","10,745","78,910","1,564,005","78,190","169,827",**,**,"2,210","1,778","35,180","39,304","2,290",146,"2,060","1,237","4,580","4,535","15,080","3,093","22,550","29,973",150,157,"6,520","15,962","3,860","26,429","4,010","27,721","3,950","2,481","77,990","318,869","17,570","39,096","15,610","34,268","16,370","34,527","2,710","2,267","1,180","1,255","60,030","130,523","64,100","150,220",**,**,0,0,"10,140","13,253","69,130","181,342","68,400","177,916","1,100","2,045",
06,"$50,000 under $75,000","47,980","17,720","24,190","4,850","44,010","1,870","25,270","32,290","103,540","31,460",340,110,230,**,"6,290","14,390","2,951,562","47,980","2,984,848","41,230","2,244,985","16,270","13,796","8,840","30,269","8,200","20,239","6,310","3,080","6,910","77,160","7,720","36,459","14,220","347,455",640,"1,860","6,806","11,520","185,150","1,720","14,840","13,530","33,286","1,130",279,120,"1,304","1,110","5,937","1,160","5,287","6,700","8,021","45,060","863,982","45,060","845,875","9,260","18,107","2,920","68,117","183,530","1,300","22,021","2,410","6,471",450,557,"2,540","9,002","1,830",728,"2,660","14,645","2,900","15,832","1,970","13,784",50,234,60,50,50,184,"2,240","12,898",180,"2,427","6,480","15,673","47,880","1,998,032","47,760","240,017",**,**,970,"2,317","21,680","46,993","2,820",270,"1,860",964,"2,950","3,539","5,050",891,"16,050","40,644",140,265,"5,350","14,971","1,160","10,257","1,520","12,482","1,290","1,175","47,380","295,732",620,262,470,198,"4,980","9,843","1,830","1,658",340,451,"42,610","193,024","44,150","210,701",**,**,0,0,"9,830","19,083","38,050","103,420","37,170","100,577","1,260","2,843",
06,"$75,000 under $100,000","31,220","5,770","23,620","1,460","28,690","1,220","17,250","20,240","78,560","23,760",110,20,90,0,"2,930","10,460","2,706,325","31,220","2,735,849","26,990","1,999,648","13,830","13,115","7,900","33,656","7,380","22,940","6,510","4,006","5,270","66,425","6,980","46,423","10,930","347,247",530,"1,150","4,058","8,250","178,109","1,740","21,190","9,840","29,524","1,060",277,150,"1,908",880,"6,079",860,"4,533","4,570","5,786","28,570","633,833","28,570","620,394","6,580","13,439","2,650","68,576","231,109",890,"17,640","2,350","8,521",280,414,"2,440","9,936","1,770",656,"2,470","16,868","2,650","17,973","1,980","14,250",60,220,60,36,70,269,"2,110","15,023",170,"2,491","5,420","16,013","31,190","1,984,111","31,120","245,331",0,0,450,"1,831","15,080","42,568","2,700",314,"2,030","1,165","2,530","3,289",0,0,"12,180","36,850",140,387,"4,090","12,473",300,"2,525",550,"4,503",430,525,"30,940","276,870",0,0,0,0,980,"1,636","1,700","1,617",70,103,"30,080","202,763","30,430","217,476",**,**,0,0,"7,090","17,633","24,070","76,531","23,150","72,294","1,280","3,647",
06,"$100,000 under $200,000","42,130","4,330","36,500","1,050","38,780","1,850","24,050","22,210","115,490","36,910",60,0,60,0,"2,180","14,150","5,616,290","42,130","5,678,602","36,740","4,044,787","24,070","31,030","15,080","96,432","14,220","70,852","15,880","12,126","7,850","146,133","13,700","168,219","15,700","729,732",760,"1,180","4,529","10,250","262,141","4,330","111,906","15,330","62,312","2,250",614,450,"7,215","1,710","15,378","1,340","7,540","6,260","7,632","35,480","832,570","35,480","815,013","8,230","17,557","6,650","199,513","944,826","1,230","21,956","6,250","37,503",380,750,"6,340","31,710","4,380","1,951","6,300","55,699","6,650","58,710","5,340","48,440",130,645,220,155,240,982,"5,920","58,820",410,"8,517","9,850","52,113","42,110","4,526,703","42,090","664,792",30,43,260,"1,630","23,840","69,852","5,660","1,510","3,850","2,128","4,160","5,647",0,0,"18,750","57,238",200,802,"6,240","26,221",50,394,290,"2,204",310,590,"41,860","681,517",0,0,0,0,140,343,"3,350","3,276",**,**,"41,880","594,939","41,970","626,808",200,49,50,23,"14,810","55,953","27,250","109,153","25,370","96,006","2,590","13,147",
06,"$200,000 under $500,000","10,170","1,040","8,850",210,"9,490",430,"7,290","3,240","28,350","9,370",**,0,**,0,170,"3,850","2,889,258","10,170","2,939,613","8,700","1,775,908","8,110","28,456","6,460","107,123","6,220","84,358","4,270","7,150","2,400","118,791","6,210","203,392","3,890","278,711",240,130,617,"2,410","68,177","3,020","277,130","3,600","50,355",310,78,510,"15,884","1,240","14,994",220,"2,135",0,0,"5,980","142,053","5,980","138,486","1,660","3,567","4,190","164,843","1,251,002",260,"7,650","4,010","51,620",170,375,"3,970","29,644","2,330","1,190","4,040","39,826","4,190","42,469","3,290","41,647",100,547,150,59,340,"2,265","3,900","60,481",290,"9,458","4,320","65,171","10,170","2,515,375","10,160","488,391",100,465,40,361,"6,740","21,162","3,160","3,404",690,357,0,0,0,0,"4,160","12,671",60,275,"2,320","17,583",0,0,40,361,60,204,"10,080","505,386",0,0,0,0,0,0,0,0,0,0,"10,150","467,229","10,160","495,737","3,830","2,927","5,110","5,775","4,810","53,554","5,330","62,563","3,950","37,401","1,790","25,162",
06,"$500,000 or more","2,330",240,"2,030",50,"2,200",100,"2,070",360,"6,550","2,300",0,0,0,0,**,940,"3,068,127","2,330","3,099,430","2,010","1,148,137","2,210","44,093","1,920","163,410","1,880","138,561","1,130","12,020",590,"53,499","1,950","619,918",690,"60,274",80,**,**,470,"14,479","1,460","865,786","1,220","31,303",**,**,180,"7,114",610,"8,493",50,556,0,0,800,"18,676",800,"18,184",230,492,"1,540","156,163","2,303,313",**,**,"1,470","81,019",70,132,"1,400","20,049",680,446,"1,490","14,894","1,540","20,200","1,020","17,917",30,320,40,4,350,"8,956","1,470","98,135",180,"7,973","1,370","144,592","2,330","2,748,590","2,330","771,795",120,"2,017",**,**,"1,570","19,936","1,280","7,921",90,47,0,0,0,0,20,20,**,**,710,"7,625",0,0,**,**,**,**,"2,320","802,575",0,0,0,0,0,0,0,0,0,0,"2,330","743,887","2,330","778,617","1,470","7,713","2,090","20,621","1,080","78,061","1,250","106,745",530,"25,142",860,"80,174",
,,,,,,,,,,,,,,,,,,,,,,,,,,,,,,,,,,,,,,,,,,,,,,,,,,,,,,,,,,,,,,,,,,,,,,,,,,,,,,,,,,,,,,,,,,,,,,,,,,,,,,,,,,,,,,,,,,,,,,,,,,,,,,,,,,,,,,,,,,,,,,,,,,,,,,,
07,,"333,880","156,030","137,050","34,760","303,800","14,950","180,380","210,530","627,850","181,280","5,700","4,270","1,420",970,"37,790","102,270","20,910,692","332,740","21,126,938","266,420","14,810,836","105,350","135,390","62,330","349,210","57,750","257,078","46,220","41,473","45,450","537,947","54,010","699,662","100,640","2,745,505","5,890","13,050","40,963","64,240","949,520","15,060","729,557","74,070","216,246","6,180","1,601","1,300","25,268","6,450","46,165","4,640","22,322","30,960","34,453","308,460","5,380,167","308,460","5,245,319","68,480","134,846","21,540","661,831","3,780,552","5,850","108,269","18,620","145,187","2,560","3,181","19,560","98,838","14,130","6,402","19,870","151,692","21,440","166,049","16,470","151,974",530,"2,272",620,260,840,"6,784","17,870","185,374","1,210","28,086","36,720","212,622","259,580","15,203,445","258,150","2,386,099",210,"2,117","4,760","7,069","115,420","240,871","17,650","11,594","11,310","6,022","18,100","20,815","22,240","4,145","80,310","182,671",830,"2,884","34,830","96,875","8,470","59,117","9,530","64,782","7,210","5,205","314,030","2,808,886","46,090","106,018","40,520","93,672","35,060","62,732","14,610","13,412","3,560","3,560","228,020","2,143,886","244,070","2,281,847","4,730","7,247","5,500","15,744","58,920","213,852","260,220","737,906","254,050","654,670","8,380","81,990",
07,Under $1,"3,880","2,380","1,250",150,"2,700",700,"2,490",840,"5,690",720,30,30,**,0,80,"2,260","-175,824","2,740","-173,468",730,"20,661","1,230","2,679",750,"2,845",670,"2,128",120,231,"1,190","-20,054","1,140","8,323",840,"11,731",490,**,**,0,0,550,"-38,281",650,"2,356",**,**,0,0,180,865,**,**,130,154,0,0,0,0,0,0,0,0,0,0,0,0,0,0,0,0,0,0,0,0,0,0,0,0,0,0,0,0,0,0,0,0,0,0,0,0,0,0,0,50,14,0,0,50,12,**,**,0,0,0,0,**,**,0,0,**,**,0,0,390,619,330,"3,218",340,"2,936",0,0,"1,590","6,281",280,287,160,194,90,171,90,91,240,386,50,12,530,785,**,**,0,0,290,288,"1,460","5,800","1,380","4,344",110,"1,003",
07,"$1 under $10,000","46,810","39,280","4,110","2,920","41,550","2,650","21,380","24,060","41,290","7,590","2,180","1,770",410,490,"3,250","12,630","230,327","46,810","234,642","32,340","168,640","9,210","3,410","4,080","4,186","3,680","2,601",380,199,"4,680","14,269","3,500","1,039","9,060","46,624",360,310,979,120,460,390,-375,"4,680","4,315",40,9,**,**,390,"1,274",80,257,710,619,"46,440","513,412","46,440","494,808","10,340","18,604",370,"7,571","1,900",310,"4,593",130,148,180,86,240,929,150,53,330,"1,024",360,"1,151",170,"1,340",**,**,20,1,**,**,190,266,**,**,50,12,"1,070","2,064",860,239,0,0,260,102,140,25,80,2,0,0,**,**,**,**,30,16,0,0,"3,860","2,694",930,"6,960",960,"6,722",**,**,"36,530","28,568","10,930","11,886","9,630","10,673","3,290","2,175",990,828,540,486,810,214,"5,070","3,040",0,0,0,0,"2,710","1,193","34,920","26,708","34,770","26,280",220,390,
07,"$10,000 under $25,000","62,330","41,120","10,060","10,140","56,900","2,660","29,980","44,790","92,340","25,910","1,800","1,390",410,340,"10,920","18,290","1,069,784","62,330","1,082,797","46,070","742,258","11,930","8,194","6,330","11,431","5,740","7,047","1,070",559,"8,000","64,849","5,190","8,500","17,170","216,825",720,"1,750","6,193","8,780","16,238",910,"1,106","10,080","13,013",190,42,30,159,740,"2,432",320,984,"2,960","2,616","61,320","932,292","61,320","904,491","14,630","27,800","1,000","24,392","18,236",830,"14,806",430,650,480,308,710,"2,621",460,206,880,"3,111",970,"3,534",460,"3,168",**,**,**,**,**,**,640,"2,000",40,389,"2,830","1,922","38,660","217,149","38,190","21,912",**,**,890,395,"12,980","4,358",580,27,480,159,"2,740","1,321","4,810",757,"5,430","2,070",**,**,"6,820","11,285","2,590","17,401","2,650","17,059","2,290","1,184","57,830","154,093","18,690","59,674","16,570","53,228","12,220","21,107","2,460","2,039","1,360","1,119","29,550","17,554","35,580","30,387",0,0,0,0,"4,780","4,670","54,790","128,228","54,440","127,417",500,811,
07,"$25,000 under $50,000","76,130","41,260","20,150","12,500","69,780","2,920","39,110","55,530","134,240","38,710","1,240",930,310,140,"12,630","21,040","2,775,437","76,130","2,803,270","62,740","2,099,786","17,490","12,350","9,520","22,234","8,730","14,669","4,220","1,907","8,100","68,033","7,760","21,486","20,870","414,178","1,070","3,570","11,423","17,710","128,491","1,620","8,846","15,300","27,833",830,199,60,395,"1,040","4,628","1,000","3,827","8,150","8,495","74,010","1,218,303","74,010","1,188,920","14,670","29,383","2,120","47,242","80,888","1,270","20,136","1,440","2,617",600,571,"1,730","6,216","1,270",453,"1,830","8,251","2,100","9,383","1,290","8,528",50,201,40,13,40,65,"1,550","7,190",100,"1,092","6,800","9,967","75,260","1,492,706","74,620","162,163",**,**,"2,080","1,714","30,820","34,851","2,250",127,"1,970","1,057","4,070","4,186","13,010","2,627","19,860","26,589",180,173,"5,920","13,906","3,380","21,772","3,560","23,101","3,230","2,001","74,430","296,011","15,640","33,943","13,720","29,399","14,070","28,981","2,520","2,144","1,070","1,101","58,940","127,312","62,570","144,294",**,**,0,0,"10,180","13,171","65,510","164,387","64,850","162,574",980,"1,812",
07,"$50,000 under $75,000","49,650","19,070","23,930","5,330","45,460","1,930","28,630","33,100","103,040","29,570",290,120,170,**,"5,580","16,110","3,067,151","49,650","3,097,398","41,570","2,235,721","16,550","13,433","9,500","28,885","8,820","19,317","7,120","3,511","6,590","62,089","8,000","33,193","16,760","459,023",930,"2,740","8,658","13,470","218,913","1,860","17,949","12,900","30,247","1,080",266,110,991,930,"5,331","1,020","4,712","6,650","7,709","46,490","882,800","46,490","862,236","10,400","20,564","3,160","71,131","199,295","1,220","22,344","2,660","6,947",450,512,"2,790","10,107","2,130",816,"2,850","16,172","3,140","17,710","2,310","15,746",80,286,60,21,40,101,"2,390","12,489",150,"1,550","6,400","14,455","49,560","2,092,023","49,480","253,313",**,**,870,"2,022","20,980","45,219","2,810",247,"1,830",955,"3,130","3,948","4,420",761,"15,660","38,530",190,430,"4,850","12,556",970,"7,733","1,300","9,763","1,020",945,"49,090","309,543",550,228,440,178,"4,420","8,539","2,080","1,938",300,405,"44,840","208,094","46,120","223,196",0,0,0,0,"10,280","19,523","39,280","105,260","38,450","102,619","1,180","2,641",
07,"$75,000 under $100,000","34,940","7,230","25,110","2,110","32,010","1,420","20,890","22,590","84,850","24,850",110,30,70,0,"2,860","12,160","3,030,253","34,940","3,055,979","29,810","2,188,340","14,470","14,451","8,810","32,652","8,190","22,517","7,850","4,757","5,410","54,184","7,430","45,086","13,220","453,395",800,"2,070","6,044","9,960","217,725","1,790","20,672","9,790","25,726","1,030",270,110,"1,059",670,"4,333",770,"3,921","4,840","5,883","31,770","695,180","31,770","679,420","7,690","15,759","3,170","75,615","276,083",850,"15,946","2,860","10,495",290,412,"2,950","12,233","2,260",894,"2,930","20,773","3,160","22,348","2,510","18,890",80,309,80,47,60,62,"2,520","14,834",140,"2,095","5,640","15,199","34,910","2,239,431","34,860","280,932",**,**,360,"1,368","15,940","43,889","2,720",294,"2,050","1,113","2,830","3,836",0,0,"13,070","37,824",130,424,"3,920","10,948",230,"1,832",440,"3,282",370,454,"34,710","315,813",0,0,0,0,830,"1,439","2,030","1,944",50,63,"33,960","237,043","34,260","250,278",**,**,0,0,"8,100","18,717","26,780","83,796","25,960","80,775","1,140","3,022",
07,"$100,000 under $200,000","49,030","4,800","42,470","1,410","45,120","2,140","29,890","26,310","134,730","43,280",50,**,50,0,"2,320","15,920","6,553,855","49,030","6,613,021","43,280","4,853,412","25,830","29,677","16,530","89,476","15,410","65,459","20,220","16,056","8,800","142,594","14,480","150,917","18,590","855,620","1,180","2,450","7,234","11,810","300,088","4,400","101,318","16,780","59,166","2,620",717,460,"7,111","1,330","11,813","1,260","6,814","7,520","8,977","41,750","979,642","41,750","960,345","9,130","19,297","7,280","211,709","1,025,745","1,180","24,568","6,900","40,324",340,719,"6,980","33,122","5,260","2,500","6,780","60,160","7,270","64,868","6,120","56,793",210,864,230,132,210,644,"6,420","54,399",420,"8,152","10,290","48,644","49,010","5,306,735","48,980","785,343",40,94,250,"1,456","27,200","79,487","5,840","1,330","4,210","2,354","5,330","7,524",0,0,"21,970","65,135",260,"1,337","6,520","25,514",40,201,260,"1,746",270,493,"48,800","800,256",0,0,0,0,140,320,"4,440","4,428",**,**,"48,770","705,856","48,840","737,049",220,50,60,14,"17,140","59,628","31,840","122,068","30,080","110,779","2,380","11,289",
07,"$200,000 under $500,000","9,630",750,"8,670",170,"8,900",460,"6,700","3,100","27,570","9,300",**,0,**,0,150,"3,250","2,647,082","9,630","2,683,791","8,580","1,757,211","7,260","21,278","5,600","74,475","5,340","58,427","4,470","6,676","2,260","107,086","5,310","153,348","3,640","252,275",280,160,432,"2,050","57,328","2,580","194,996","3,130","36,709",370,93,410,"10,842",860,"10,799",170,"1,590",0,0,"6,090","144,894","6,090","141,808","1,440","3,086","3,540","134,340","1,022,447",190,"5,876","3,370","41,593",160,386,"3,350","23,425","2,210","1,211","3,410","33,619","3,540","36,002","3,000","37,883",110,612,160,39,280,"1,586","3,300","42,609",230,"8,437","3,840","50,028","9,630","2,316,242","9,630","447,212",90,472,**,**,"6,430","19,968","2,610","2,984",710,356,0,0,0,0,"4,290","12,507",70,520,"2,050","14,406",0,0,20,173,30,128,"9,570","452,906",0,0,0,0,0,0,0,0,0,0,"9,620","427,244","9,620","450,755","3,500","2,389","4,100","4,239","4,750","47,359","4,860","48,922","3,810","30,180","1,340","18,743",
07,"$500,000 or more","1,480",140,"1,300",30,"1,380",70,"1,310",210,"4,100","1,350",0,0,0,0,**,610,"1,712,627","1,480","1,729,508","1,300","744,807","1,380","29,918","1,210","83,026","1,170","64,913",770,"7,577",420,"44,897","1,200","277,770",490,"35,834",60,**,**,340,"10,277",960,"423,326",760,"16,881",20,5,120,"4,711",310,"4,690",20,217,0,0,590,"13,644",590,"13,291",180,353,900,"89,831","1,155,958",**,**,830,"42,413",60,187,810,"10,185",390,269,860,"8,582",900,"11,053",610,"9,626",**,**,30,7,210,"4,326",860,"51,587",130,"6,371",870,"72,395","1,480","1,537,095","1,480","434,971",80,"1,551",0,0,930,"13,074",760,"6,583",60,28,0,0,0,0,**,**,**,**,500,"4,947",0,0,0,0,**,**,"1,480","445,415",0,0,0,0,0,0,0,0,0,0,"1,480","420,557","1,480","442,063","1,010","4,808","1,340","11,491",690,"49,303",780,"52,737",310,"9,702",530,"42,279",
,,,,,,,,,,,,,,,,,,,,,,,,,,,,,,,,,,,,,,,,,,,,,,,,,,,,,,,,,,,,,,,,,,,,,,,,,,,,,,,,,,,,,,,,,,,,,,,,,,,,,,,,,,,,,,,,,,,,,,,,,,,,,,,,,,,,,,,,,,,,,,,,,,,,,,,
08,,"352,020","171,300","144,450","30,240","314,830","19,630","175,770","210,510","656,450","192,410","6,160","2,460","3,690",640,"33,150","98,200","28,568,156","350,680","28,898,535","287,150","20,185,097","126,770","210,995","80,630","520,801","75,340","378,566","63,310","60,284","53,990","824,473","73,040","1,317,295","95,260","3,097,106","1,560","10,490","36,395","61,300","1,060,380","21,620","1,691,623","88,010","330,379","7,230","1,853","2,340","51,719","9,190","74,527","6,150","31,965","35,060","40,676","310,520","5,284,681","310,520","5,162,011","62,290","122,668","37,580","1,161,365","8,238,557","7,980","138,212","33,530","323,140","3,640","4,988","34,820","205,304","25,800","12,052","34,940","290,063","37,450","317,505","30,930","327,182",990,"6,111","1,450",989,"1,720","15,534","32,390","300,673","1,820","51,269","46,570","386,929","279,260","22,423,335","277,210","3,990,595",460,"4,203","5,030","7,764","128,980","308,480","26,800","36,740","14,550","7,705","21,890","24,739","16,780","3,162","86,780","211,810",680,"2,099","41,560","132,448","8,660","50,574","9,970","56,595","6,950","5,346","332,890","4,389,733","38,010","83,422","32,540","71,664","26,900","46,984","17,040","15,789","3,900","3,901","252,410","3,682,112","267,830","3,888,114","12,530","20,716","12,780","32,774","73,080","363,900","265,110","859,900","256,810","695,580","11,000","164,318",
08,Under $1,"3,900","2,580","1,070",160,"2,460",950,"2,230",810,"5,490",800,**,**,**,0,50,"2,000","-390,378","2,560","-386,946",780,"33,942","1,210","6,983",840,"5,319",780,"3,621",160,681,"1,150","-12,889","1,270","29,597",660,"10,730",110,30,85,**,**,680,"-92,560",700,"3,432",**,**,**,**,190,"1,265",**,**,170,208,0,0,0,0,0,0,0,0,0,0,0,0,0,0,0,0,0,0,0,0,0,0,0,0,0,0,0,0,0,0,0,0,0,0,0,0,0,0,0,60,757,**,**,40,16,**,**,0,0,0,0,20,6,0,0,**,**,0,0,400,947,270,"2,113",290,"1,957",0,0,"1,500","13,513",230,272,140,168,140,299,160,158,210,279,50,743,520,"1,761",30,18,0,0,270,984,"1,380","11,881","1,250","8,183",160,"3,698",
08,"$1 under $10,000","49,790","44,240","2,790","2,290","42,780","3,660","20,250","25,400","35,180","5,530","2,320",950,"1,370",330,"2,860","10,180","238,925","49,790","243,650","36,960","189,076","8,950","3,103","4,870","5,124","4,460","3,250",440,243,"5,060","16,189","4,200","2,374","6,820","34,475",70,280,930,100,378,470,"-2,875","5,100","4,725",50,11,**,**,390,"1,313",100,387,890,822,"49,270","477,916","49,270","463,535","8,110","14,382",510,"10,594","2,647",420,"6,511",180,280,250,132,320,"1,313",210,56,420,"1,393",480,"1,643",250,"1,904",20,89,**,**,**,**,280,405,**,**,80,26,"1,850","3,226","1,130",259,0,0,200,73,230,36,150,6,0,0,**,**,**,**,30,16,0,0,"4,140","2,884",860,"5,652",890,"5,408",20,9,"39,910","26,490","9,720","9,293","8,330","8,126","2,420","1,601","1,440","1,250",560,471,"1,070",232,"5,630","3,293",0,0,0,0,"3,030","1,359","38,160","24,581","37,990","23,908",240,673,
08,"$10,000 under $25,000","59,370","43,090","7,030","8,370","53,300","3,080","26,090","42,060","79,410","20,840","1,800",780,"1,010",230,"9,530","14,250","1,014,790","59,370","1,030,022","45,880","737,848","11,330","6,418","6,220","11,733","5,720","7,085","1,200",543,"8,930","73,164","5,410","8,084","13,180","166,750",140,"1,590","5,858","6,970","13,360","1,010","1,643","11,210","15,232",230,47,60,288,890,"2,885",410,"1,373","3,440","3,093","58,110","837,388","58,110","817,109","10,890","20,279","1,260","29,620","22,423",990,"17,537",580,718,570,403,910,"3,484",650,235,"1,080","4,082","1,220","4,730",650,"4,454",**,**,30,16,30,47,800,"2,163",60,394,"3,310","2,194","39,380","224,942","38,760","22,668",**,**,890,335,"12,710","4,455",700,29,430,160,"3,980","1,935","4,190",704,"4,230","1,612",**,**,"7,490","12,348","2,780","15,067","2,840","14,651","2,090","1,082","55,380","136,638","16,180","48,830","13,940","42,353","9,890","16,922","3,130","2,590","1,540","1,231","30,410","18,213","36,310","31,940",**,**,0,0,"5,190","5,590","51,880","110,148","51,540","109,194",490,953,
08,"$25,000 under $50,000","67,720","41,620","14,630","9,550","61,330","3,110","31,500","48,070","109,810","28,420","1,380",610,760,80,"10,150","17,070","2,470,197","67,720","2,502,890","55,860","1,879,612","16,840","12,267","9,230","24,434","8,480","15,425","4,710","2,117","8,310","81,078","7,990","20,994","16,790","342,652",210,"2,860","10,406","13,890","106,036","1,880","9,979","16,420","32,693",910,215,110,831,"1,320","5,841","1,130","4,490","9,150","10,384","64,970","1,017,980","64,970","995,376","11,550","22,603","2,750","61,740","104,595","1,640","24,904","1,900","3,855",750,695,"2,200","9,064","1,740",635,"2,390","11,463","2,720","13,123","1,750","12,801",60,363,70,25,60,142,"2,070","8,356",140,"1,247","6,740","11,009","66,960","1,374,341","66,410","150,236",40,784,"2,150","1,747","25,760","27,848","2,400",170,"1,760",984,"5,100","5,246","9,460","1,909","14,940","19,360",110,84,"6,080","15,340","3,450","18,625","3,670","19,771","3,050","1,913","66,080","258,592","11,500","24,868","9,850","20,898","10,270","20,278","2,760","2,371","1,210","1,343","54,550","122,388","57,560","140,609",20,15,0,0,"10,130","14,157","57,230","131,684","56,570","128,570",970,"3,113",
08,"$50,000 under $75,000","45,340","20,980","18,270","4,710","40,760","2,190","23,320","29,570","86,880","23,380",410,100,320,**,"4,590","14,210","2,806,092","45,340","2,840,358","37,460","2,035,879","16,450","13,986","9,620","30,462","8,920","20,417","7,500","3,333","6,660","75,587","8,450","32,546","14,410","410,664",210,"1,840","6,484","11,430","194,485","1,970","21,112","13,420","34,266",940,231,150,"1,730","1,140","6,474","1,070","4,886","7,460","9,109","41,000","740,145","41,000","722,258","9,160","17,887","4,340","93,617","274,612","1,560","24,292","3,680","9,761",600,713,"3,900","15,643","3,060","1,134","3,870","23,710","4,320","26,191","3,370","24,827",110,605,140,107,80,282,"3,360","14,336",170,"2,051","6,280","15,274","45,230","1,949,998","45,120","240,763",**,**,930,"2,021","17,900","36,350","3,030",301,"1,660",872,"3,220","4,052","3,130",549,"12,800","30,101",100,144,"4,840","13,688",970,"6,993","1,350","8,897",980,892,"44,770","290,550",380,159,280,119,"3,240","5,954","1,960","1,844",320,490,"41,700","204,413","42,780","220,368",**,**,0,0,"10,000","20,332","35,250","89,960","34,410","87,397","1,150","2,563",
08,"$75,000 under $100,000","35,090","9,590","22,440","2,400","31,660","1,700","19,360","22,100","81,110","23,650",160,20,140,0,"2,620","12,200","3,051,955","35,090","3,083,023","29,410","2,182,317","15,940","15,246","9,870","37,899","9,190","25,859","9,160","4,857","5,820","67,438","8,750","43,370","12,560","461,538",210,"1,540","4,813","9,760","219,780","2,200","28,441","10,190","31,068",980,248,160,"1,715",900,"5,935",910,"5,041","4,690","6,028","30,370","642,917","30,370","627,177","7,720","15,740","4,710","107,226","411,348","1,140","19,621","4,290","15,558",390,597,"4,440","19,669","3,440","1,364","4,360","31,999","4,710","34,396","3,960","31,470",130,787,150,98,100,230,"3,830","17,789",160,"1,971","6,020","17,511","35,050","2,277,700","34,990","295,101",**,**,450,"1,456","16,170","41,890","3,440",663,"2,090","1,126","2,790","3,810",0,0,"12,600","35,459",110,324,"4,210","12,416",290,"1,858",540,"3,403",420,520,"34,800","328,797",0,0,0,0,760,"1,451","1,900","1,835",60,87,"34,160","253,211","34,450","267,623",**,**,0,0,"8,560","21,185","26,470","81,834","25,580","78,315","1,210","3,520",
08,"$100,000 under $200,000","66,370","7,520","56,060","2,260","60,100","3,570","36,300","34,780","184,330","61,980",90,0,90,0,"2,960","21,060","9,155,131","66,370","9,243,545","58,500","6,918,060","37,200","45,333","24,820","125,540","23,280","89,677","28,720","18,602","12,430","208,875","22,230","187,567","22,970","1,127,774",410,"2,040","6,640","15,090","404,056","6,220","143,094","22,710","88,414","3,270",886,700,"10,036","1,990","18,087","2,100","11,517","9,260","11,032","53,130","1,241,965","53,130","1,216,442","11,920","25,523","13,240","377,815","1,909,155","1,860","34,728","12,630","74,793",590,"1,254","12,810","67,977","9,860","4,500","12,430","114,069","13,230","122,220","11,620","118,646",380,"2,095",560,490,370,"1,629","11,850","86,826",560,"9,099","14,400","65,748","66,350","7,457,579","66,300","1,132,478",60,188,320,"1,822","39,020","113,719","9,250","2,742","6,410","3,461","6,780","9,690",0,0,"31,550","93,793",260,"1,093","9,180","34,852",40,266,340,"2,199",310,595,"66,110","1,147,723",0,0,0,0,180,479,"5,690","5,741",**,**,"66,050","1,018,761","66,150","1,059,602",480,105,110,36,"23,950","82,219","42,310","169,301","40,000","152,204","3,090","17,097",
08,"$200,000 under $500,000","20,660","1,390","18,770",420,"18,910","1,180","13,450","7,080","62,790","23,410",**,0,**,0,390,"6,040","5,783,106","20,660","5,854,668","18,880","4,194,397","15,320","42,939","12,120","131,087","11,560","99,371","9,520","11,676","4,660","195,586","11,620","259,417","6,800","461,146",150,290,"1,108","3,510","104,728","4,960","382,976","6,420","71,562",800,202,820,"20,681","1,510","18,883",350,"3,449",0,0,"12,260","292,912","12,260","287,320","2,630","5,591","8,400","301,194","2,444,381",370,"10,619","8,050","100,039",340,892,"8,050","59,165","5,600","3,181","8,090","80,409","8,400","86,076","7,490","101,931",230,"1,505",390,210,570,"3,294","7,920","84,052",470,"13,278","7,610","90,612","20,660","5,094,791","20,660","998,649",200,982,50,294,"14,750","46,307","5,780","8,148","2,010","1,004",0,0,0,0,"10,590","31,432",100,454,"4,070","25,868",0,0,50,309,80,335,"20,580","1,016,109",0,0,0,0,0,0,0,0,0,0,"20,640","952,342","20,650","997,335","9,210","6,611","9,310","8,340","10,130","88,561","10,480","106,330","8,550","70,310","2,490","36,019",
08,"$500,000 or more","3,780",290,"3,390",80,"3,530",190,"3,270",640,"11,450","4,400",0,0,0,0,**,"1,190","4,438,338","3,780","4,487,325","3,420","2,013,966","3,530","64,720","3,040","149,203","2,950","113,861","1,900","18,232",970,"119,445","3,120","733,346","1,070","81,377",50,20,71,550,"17,557","2,230","1,199,813","1,840","48,987",50,13,340,"16,438",860,"13,844",80,822,0,0,"1,410","33,458","1,410","32,794",310,663,"2,370","179,559","3,069,396",**,**,"2,220","118,136",150,302,"2,190","28,989","1,240",947,"2,300","22,938","2,370","29,126","1,840","31,149",60,667,110,43,510,"9,910","2,280","86,746",260,"23,229","2,130","184,555","3,780","4,040,758","3,780","1,149,684",160,"2,249",**,**,"2,440","37,875","2,050","24,681",190,98,0,0,0,0,40,37,**,**,"1,150","14,105",0,0,**,**,**,**,"3,760","1,171,321",0,0,0,0,0,0,0,0,0,0,"3,780","1,111,809","3,780","1,165,583","2,790","13,967","3,360","24,398","1,820","129,513","1,950","134,181",920,"37,499","1,200","96,682",
,,,,,,,,,,,,,,,,,,,,,,,,,,,,,,,,,,,,,,,,,,,,,,,,,,,,,,,,,,,,,,,,,,,,,,,,,,,,,,,,,,,,,,,,,,,,,,,,,,,,,,,,,,,,,,,,,,,,,,,,,,,,,,,,,,,,,,,,,,,,,,,,,,,,,,,
09,,"375,730","207,310","118,100","43,420","334,850","22,250","207,360","224,090","648,020","178,120","5,810","2,990","2,830",600,"45,070","103,800","25,889,964","374,110","26,189,745","299,550","17,801,482","109,340","245,946","71,840","679,367","67,270","514,195","50,590","56,394","58,770","755,413","62,310","1,838,807","91,980","2,414,974",170,"13,080","43,625","56,800","848,772","18,860","1,486,466","87,180","299,781","6,000","1,514","1,990","53,877","8,160","60,945","5,780","27,232","34,310","38,727","337,880","5,513,685","337,880","5,387,478","66,950","126,207","33,710","1,099,223","8,095,593","8,570","135,350","29,950","341,907","3,350","4,093","30,180","193,053","22,320","10,029","30,720","240,740","33,570","279,003","25,700","239,839",750,"5,076","1,040",635,"1,850","33,399","28,450","313,329","2,500","86,461","41,080","334,938","291,680","19,831,861","289,990","3,597,848",450,"7,169","6,750","7,908","122,670","262,612","22,780","55,368","12,210","6,378","21,940","23,525","21,300","3,786","77,780","154,471",730,"1,165","43,340","129,897","11,140","54,778","12,820","61,812","8,810","6,324","348,100","4,248,768","57,520","138,163","49,720","118,554","38,770","67,829","17,580","15,807","4,640","3,604","256,440","3,335,235","277,700","3,559,595","8,390","18,393","9,410","56,531","68,600","305,462","286,320","989,224","278,440","732,916","10,070","256,309",
09,Under $1,"4,150","2,970",900,170,"2,570","1,000","2,350",790,"5,530",730,**,**,**,0,110,"2,190","-441,645","2,530","-439,021",690,"31,490","1,070","9,863",790,"25,879",700,"23,652",110,320,"1,030","-20,188","1,270","11,491",540,"6,705",**,20,99,**,**,640,"-220,832",590,"2,624",**,**,0,0,150,796,**,**,170,184,0,0,0,0,0,0,0,0,0,0,0,0,0,0,0,0,0,0,0,0,0,0,0,0,0,0,0,0,0,0,0,0,0,0,0,0,0,0,0,70,376,30,393,60,18,**,**,0,0,0,0,**,**,0,0,**,**,0,0,320,871,280,"1,870",310,"1,779",0,0,"1,500","11,444",260,316,170,224,110,222,180,161,210,245,60,361,450,"1,852",40,48,0,0,240,382,"1,400","9,988","1,270","5,646",170,"4,342",
09,"$1 under $10,000","53,480","45,190","4,960","2,800","46,760","3,670","28,980","22,560","49,200","6,660","2,560","1,340","1,220",270,"3,430","17,930","244,677","53,480","249,537","31,600","169,761","12,240","3,569","5,310","6,021","4,790","3,663",440,247,"6,620","21,268","4,190","1,137","10,240","49,116",**,400,"1,304",160,599,520,-355,"6,270","4,860",50,12,**,**,470,"1,346",100,305,770,651,"52,900","609,806","52,900","584,637","14,350","25,169",580,"11,510","2,795",460,"7,207",170,233,290,134,390,"1,660",230,73,470,"1,585",540,"1,999",260,"1,613",**,**,**,**,**,**,280,389,20,150,80,25,"1,410","2,766","1,030",252,0,0,270,107,210,40,130,4,0,0,**,**,**,**,40,20,0,0,"5,420","4,028","1,130","6,083","1,190","5,916",20,9,"37,170","28,413","12,810","11,826","10,570","10,063","2,670","1,897","1,410","1,219",730,511,970,227,"6,800","4,407",0,0,0,0,"3,930","1,872","34,690","25,872","34,460","25,425",300,446,
09,"$10,000 under $25,000","74,400","49,880","10,040","13,450","66,810","4,130","40,040","50,890","113,540","35,430","1,630",830,810,220,"13,950","18,360","1,278,251","74,400","1,297,724","55,890","929,156","12,010","8,248","7,260","14,367","6,660","9,423","1,550",672,"15,160","101,254","5,730","8,301","16,220","197,860",40,"2,470","9,086","8,220","15,622","1,490","7,065","15,610","19,473",280,65,60,271,"1,050","3,352",510,"1,622","3,400","3,010","72,950","1,084,538","72,950","1,059,146","13,960","25,392","1,450","30,027","26,263","1,160","16,439",740,853,600,393,"1,090","4,191",860,373,"1,210","4,771","1,420","5,574",700,"3,875",30,140,30,11,30,37,"1,060","2,936",90,753,"4,670","3,229","47,500","268,181","46,830","26,988",**,**,"1,300",488,"16,710","5,886",800,39,670,229,"4,380","2,192","5,230",889,"6,840","2,506",50,28,"11,870","19,980","3,890","18,898","3,970","18,420","2,660","1,426","69,260","197,135","26,060","85,387","22,910","73,463","16,580","28,638","4,330","3,688","2,110","1,410","35,190","21,102","44,930","42,976",**,**,0,0,"6,960","8,197","64,640","162,129","64,200","161,052",580,"1,077",
09,"$25,000 under $50,000","90,680","55,320","17,510","15,510","81,530","4,820","47,160","63,550","150,160","42,880","1,180",670,510,110,"15,310","19,990","3,304,416","90,680","3,341,240","77,830","2,688,586","17,410","13,909","10,450","26,393","9,670","17,757","6,230","2,370","12,170","83,407","8,520","22,233","18,810","342,370",**,"4,260","14,348","15,350","112,403","2,390","17,629","20,080","36,824","1,240",294,100,689,"1,450","5,742","1,460","5,395","10,780","11,937","86,960","1,347,938","86,960","1,323,239","12,990","24,699","3,720","77,889","142,906","2,200","27,960","2,820","5,134",820,885,"2,900","11,435","2,530","1,359","3,160","15,403","3,700","18,196","2,170","13,756",70,496,70,51,50,202,"2,990","12,949",270,"2,757","8,460","14,267","89,940","1,852,655","89,380","203,668",**,**,"3,280","2,481","36,580","40,243","2,630",213,"2,870","1,705","7,330","7,804","12,740","2,334","22,620","27,870",230,216,"7,680","18,762","4,630","21,130","5,100","23,670","4,190","2,605","88,490","348,602","17,950","40,457","15,730","34,670","15,510","30,639","4,480","3,870","1,310","1,111","71,710","163,425","75,760","186,079",30,21,0,0,"13,320","20,189","76,960","182,050","76,240","179,835",990,"2,216",
09,"$50,000 under $75,000","55,160","29,000","18,210","6,380","49,280","3,000","29,840","35,810","98,800","25,580",310,120,190,**,"6,490","14,780","3,395,370","55,160","3,428,363","47,720","2,672,581","16,410","15,274","10,610","33,610","9,930","23,252","8,670","3,348","6,990","60,977","8,960","31,880","14,460","371,302",40,"2,430","7,993","11,380","185,569","2,090","28,518","15,090","32,993","1,030",250,90,910,980,"5,431","1,240","5,403","8,790","10,413","49,780","851,950","49,780","834,700","9,140","17,250","5,380","111,823","338,849","1,880","27,151","4,780","13,037",550,696,"4,690","19,024","3,830","1,415","4,850","30,108","5,370","32,995","3,960","26,058",110,566,140,109,60,201,"4,250","19,253",320,"4,147","6,270","15,384","55,050","2,405,980","54,970","301,739",**,**,"1,130","2,051","20,290","39,924","3,190",395,"1,910",987,"3,800","4,698","3,330",563,"14,490","32,792",160,219,"4,670","12,145",990,"5,735","1,450","7,928","1,220","1,067","54,460","358,014",440,177,340,134,"3,410","5,697","2,370","2,174",240,283,"51,390","261,815","52,420","276,734",**,**,0,0,"11,830","23,482","43,230","104,122","42,390","101,374","1,100","2,748",
09,"$75,000 under $100,000","35,690","13,550","18,710","2,780","31,840","2,050","19,770","22,480","73,410","19,060",90,30,60,0,"3,210","10,590","3,086,194","35,690","3,111,890","31,190","2,392,880","13,710","15,546","9,230","37,082","8,660","25,993","8,400","3,872","4,970","56,277","7,820","39,208","10,840","347,662",**,"1,550","4,806","8,100","172,146","1,700","25,151","9,030","25,696","1,040",266,120,"1,443",700,"4,725",750,"3,931","4,260","4,951","30,280","599,210","30,280","586,757","6,320","12,453","5,410","115,990","470,786","1,170","18,654","5,040","18,922",350,520,"5,000","21,618","3,960","1,556","4,910","36,540","5,400","39,964","4,430","30,228",120,530,170,131,90,281,"4,370","20,461",310,"4,258","5,050","14,503","35,650","2,349,716","35,610","318,623",**,**,400,"1,248","14,220","33,319","3,110",533,"1,770",886,"2,450","3,307",0,0,"10,800","28,015",100,179,"3,500","10,326",190,932,460,"2,351",380,464,"35,440","355,220",0,0,0,0,440,633,"1,680","1,572",40,44,"35,130","285,304","35,290","297,905",**,**,0,0,"8,510","21,205","27,130","77,985","26,360","74,534","1,020","3,451",
09,"$100,000 under $200,000","46,460","9,390","34,610","1,930","41,740","2,650","27,260","23,790","113,960","32,940",40,0,40,0,"2,390","14,460","6,226,327","46,460","6,283,243","41,000","4,735,285","24,010","36,466","17,420","108,461","16,480","78,765","18,250","11,849","7,930","138,856","15,390","149,296","15,560","684,283",50,"1,760","5,291","10,170","257,855","4,240","107,039","14,630","56,916","1,940",519,460,"7,326","1,400","11,632","1,410","7,619","6,140","7,581","36,960","831,248","36,960","814,770","7,970","16,478","9,500","253,606","1,318,864","1,390","26,494","9,100","54,006",380,616,"9,010","49,119","6,760","2,767","8,830","79,896","9,490","86,839","7,990","68,848",230,"1,221",320,213,330,"1,261","8,270","54,425",670,"13,090","9,550","44,065","46,430","5,087,369","46,410","782,442",70,230,270,"1,282","23,930","60,848","6,710","2,751","3,670","1,860","3,980","5,524",0,0,"17,900","48,487",140,371,"5,790","23,047",30,130,300,"1,520",280,527,"46,160","805,414",0,0,0,0,50,103,"3,130","3,123",**,**,"46,310","721,594","46,350","749,631",410,131,130,83,"16,600","61,860","29,810","116,663","27,970","102,893","2,430","13,770",
09,"$200,000 under $500,000","12,180","1,620","10,140",320,"11,060",740,"8,780","3,750","33,420","11,160",**,0,**,0,180,"4,150","3,494,246","12,180","3,550,501","10,620","2,337,245","9,190","34,065","7,800","128,737","7,490","98,341","5,140","7,069","2,890","146,523","7,400","253,552","4,220","302,752",40,190,698,"2,670","79,641","3,490","220,896","4,050","56,255",390,100,700,"19,651","1,140","13,971",230,"2,090",0,0,"6,950","162,996","6,950","159,003","1,860","3,993","5,240","198,815","1,574,742",290,"9,796","5,010","67,535",230,434,"4,910","45,218","3,090","1,649","4,980","49,410","5,230","56,266","4,400","61,208",130,"1,041",220,83,560,"4,527","4,910","49,528",430,"15,727","4,940","55,848","12,180","3,075,154","12,170","612,974",180,860,40,233,"8,300","31,375","4,100","11,408","1,150",614,0,0,0,0,"5,070","14,754",50,152,"2,750","20,529",0,0,40,228,60,226,"12,120","635,957",0,0,0,0,0,0,0,0,0,0,"12,160","581,599","12,170","615,220","5,350","4,286","6,150","6,907","5,710","58,763","6,450","78,607","4,800","45,329","2,060","33,278",
09,"$500,000 or more","3,530",390,"3,020",80,"3,260",190,"3,180",470,"10,000","3,680",0,0,0,0,**,"1,350","5,302,128","3,530","5,366,268","3,010","1,844,498","3,290","109,006","2,970","298,817","2,890","233,349","1,800","26,647","1,010","167,039","3,030","1,321,709","1,090","112,924",**,**,**,750,"24,937","2,300","1,301,355","1,830","64,140",30,8,460,"23,587",820,"13,950",80,867,0,0,"1,100","25,999","1,100","25,226",360,773,"2,430","299,563","4,220,388",20,"1,649","2,290","182,187",130,415,"2,190","40,788","1,060",837,"2,310","23,027","2,420","37,170","1,790","34,253",60,"1,082",90,37,730,"26,890","2,320","153,388",390,"45,579","2,060","187,617","3,520","4,790,040","3,520","1,350,786",170,"5,686",**,**,"2,430","50,977","2,110","40,025",170,97,0,0,0,0,20,27,**,**,"1,340","20,209",0,0,**,**,**,**,"3,500","1,508,569",0,0,0,0,0,0,0,0,0,0,"3,520","1,299,808","3,530","1,384,791","2,560","13,907","3,130","49,541","1,500","109,512","2,010","231,808",750,"36,828","1,420","194,981",
,,,,,,,,,,,,,,,,,,,,,,,,,,,,,,,,,,,,,,,,,,,,,,,,,,,,,,,,,,,,,,,,,,,,,,,,,,,,,,,,,,,,,,,,,,,,,,,,,,,,,,,,,,,,,,,,,,,,,,,,,,,,,,,,,,,,,,,,,,,,,,,,,,,,,,,
10,,"360,470","172,640","150,930","31,630","326,240","18,160","215,220","216,150","670,320","190,060","2,830","1,060","1,770",230,"31,560","108,250","23,323,487","359,220","23,587,896","285,300","16,513,548","118,660","181,499","70,830","339,124","65,930","249,242","57,710","45,428","52,350","615,836","63,070","744,837","102,430","2,776,464","5,200","16,350","54,784","66,150","982,586","21,300","1,271,849","81,250","264,409","7,210","1,886","1,220","22,283","8,550","63,564","6,380","33,202","29,650","32,150","327,880","5,688,800","327,880","5,546,959","72,010","141,835","27,940","808,632","4,605,471","7,220","114,756","24,570","180,731","3,020","3,686","25,700","120,902","20,230","9,548","25,850","200,275","27,840","219,278","22,540","213,133",940,"4,702","1,000",655,940,"7,936","24,020","172,678","2,000","65,649","42,030","317,225","277,380","17,200,662","275,740","2,765,231",270,"1,850","6,760","9,388","122,690","265,462","19,490","14,426","11,630","5,532","21,440","25,063","19,340","3,780","85,650","197,808",820,"2,427","39,300","107,610","11,810","76,862","13,360","84,438","8,140","6,279","336,270","3,217,220","44,400","99,123","37,690","84,047","31,500","55,610","17,320","15,995","5,040","4,990","247,310","2,497,319","265,760","2,646,573","5,440","6,771","6,190","15,533","64,760","250,743","277,850","819,919","270,910","705,548","9,450","114,738",
10,Under $1,"4,630","2,770","1,600",170,"3,340",740,"3,160",950,"6,930",920,**,**,**,0,70,"2,610","-284,306","3,390","-279,065",960,"34,384","1,610","4,689",940,"4,204",840,"3,031",140,544,"1,320","-10,471","1,550","8,818",990,"13,041",520,30,66,**,**,810,"-42,758",860,"5,241",**,**,**,**,230,"1,261",20,106,160,183,0,0,0,0,0,0,0,0,0,0,0,0,0,0,0,0,0,0,0,0,0,0,0,0,0,0,0,0,0,0,0,0,0,0,0,0,0,0,0,70,202,20,207,60,19,**,**,0,0,0,0,**,**,0,0,**,**,0,0,520,956,430,"3,799",450,"3,558",0,0,"1,950","11,346",360,378,200,246,140,280,150,132,330,439,60,193,660,"1,345",20,16,0,0,380,418,"1,750","10,445","1,670","9,279",120,"1,030",
10,"$1 under $10,000","53,810","45,940","4,970","2,440","47,310","3,480","28,860","24,720","43,580","6,640","1,130",440,690,110,"2,700","14,650","253,949","53,800","259,258","36,460","185,492","11,450","4,344","5,130","5,018","4,650","3,086",430,228,"5,580","18,942","4,490","1,270","9,580","47,177",380,380,"1,372",110,453,590,"-1,367","5,520","5,309",50,10,**,**,500,"1,597",90,272,730,661,"53,330","569,923","53,330","548,621","11,800","21,302",470,"9,830","2,429",390,"6,132",130,183,260,128,320,"1,057",200,80,390,"1,239",440,"1,396",230,"1,585",**,**,20,4,**,**,230,302,**,**,60,50,"1,470","2,436","1,120",258,0,0,330,119,150,26,80,2,0,0,**,**,**,**,30,10,0,0,"4,630","3,429","1,260","8,972","1,300","8,612",**,**,"41,030","28,390","10,860","10,662","9,090","9,191","2,690","1,859","1,110",945,760,668,"1,060",239,"6,120","3,804",0,0,0,0,"3,370","1,535","38,940","26,122","38,760","25,729",250,380,
10,"$10,000 under $25,000","66,710","45,460","11,390","8,910","60,400","3,360","36,400","45,060","94,420","24,120",840,330,510,90,"9,090","19,290","1,145,136","66,710","1,162,048","48,670","784,142","13,690","10,355","7,660","12,744","7,050","8,072","1,370",622,"9,940","83,416","6,380","8,569","17,690","225,599",710,"2,480","8,700","9,070","17,179","1,410","2,796","11,810","16,912",220,48,40,147,"1,080","3,708",430,"1,536","3,030","2,557","65,490","990,217","65,490","961,497","15,180","28,720","1,220","27,497","22,053",980,"15,139",560,745,580,374,950,"3,378",690,216,"1,080","3,849","1,210","4,416",660,"4,732",30,111,**,**,**,**,820,"2,248",80,643,"3,480","2,509","41,710","236,607","41,240","24,008",**,**,"1,260",546,"12,980","4,470",740,30,470,146,"3,360","1,660","4,500",767,"4,880","1,850",20,6,"8,330","14,362","3,720","22,909","3,800","22,379","2,370","1,252","61,460","155,054","18,380","56,150","15,910","48,484","11,190","19,145","2,860","2,365","1,960","1,534","32,780","19,538","39,770","35,485",**,**,0,0,"5,810","6,436","57,780","125,816","57,350","124,699",640,"1,117",
10,"$25,000 under $50,000","76,430","42,580","21,790","10,310","69,710","3,360","44,060","53,030","132,910","35,650",530,200,330,30,"10,050","21,550","2,776,024","76,430","2,810,319","62,010","2,044,615","18,950","16,469","10,680","23,853","9,840","15,584","4,890","2,015","9,810","93,606","9,050","22,370","20,610","414,288",990,"4,760","17,471","18,250","132,345","2,750","21,267","16,330","34,295",860,205,70,512,"1,550","6,915","1,320","5,469","7,630","7,965","73,860","1,222,484","73,860","1,192,221","15,070","30,263","2,560","58,390","97,661","1,580","24,605","1,710","3,277",760,681,"2,120","7,449","1,710",742,"2,240","10,090","2,530","11,461","1,630","11,686",60,315,50,27,60,97,"1,950","7,534",150,"1,793","8,300","13,802","75,450","1,475,476","74,750","160,688",**,**,"2,860","2,387","29,710","31,921","2,580",167,"1,700",857,"4,810","4,998","10,730","2,297","18,290","23,330",160,153,"7,140","17,976","4,590","28,273","4,900","30,053","3,660","2,356","74,340","291,585","14,240","31,717","12,090","25,968","12,450","25,373","2,900","2,473","1,550","1,663","60,250","128,767","64,380","149,974",**,**,0,0,"10,800","15,400","65,160","156,415","64,400","154,241","1,150","2,174",
10,"$50,000 under $75,000","50,060","19,930","24,080","4,930","45,600","2,170","31,450","32,420","102,360","28,350",200,60,140,**,"4,520","16,470","3,094,772","50,060","3,128,861","41,310","2,231,486","17,290","16,910","10,060","29,697","9,380","20,253","8,150","3,510","7,110","67,157","8,660","35,115","16,280","455,388",840,"3,160","11,105","13,670","225,812","2,710","31,420","12,900","34,089","1,060",263,110,"1,020","1,140","6,803","1,260","6,028","6,110","6,967","46,080","874,979","46,080","853,668","10,740","21,311","3,980","88,027","251,658","1,570","23,881","3,360","8,993",550,724,"3,560","12,861","2,980","1,265","3,570","20,726","3,960","23,022","3,010","22,678",110,484,120,73,40,63,"3,250","13,966",220,"2,827","6,740","17,998","49,970","2,105,609","49,850","255,747",**,**,"1,280","2,319","20,690","43,181","2,990",390,"1,660",767,"3,370","4,295","4,110",716,"15,190","36,265",190,423,"4,950","13,784","1,370","10,372","1,790","12,688","1,290","1,222","49,370","315,982",560,216,400,158,"4,090","7,286","2,270","2,112",370,597,"45,530","212,566","46,840","228,920",0,0,0,0,"10,270","20,123","39,670","106,590","38,740","103,090","1,290","3,500",
10,"$75,000 under $100,000","36,980","8,500","25,380","2,640","33,790","1,630","23,780","23,640","88,610","26,290",90,30,60,0,"2,540","12,530","3,211,443","36,980","3,244,124","31,390","2,326,977","15,540","17,917","9,550","33,571","8,880","23,581","9,600","4,895","5,840","64,797","8,320","45,556","13,080","460,708",630,"2,310","7,052","10,240","225,039","2,570","35,064","10,140","32,681","1,160",296,120,"1,394",900,"6,722","1,010","5,426","4,310","5,058","32,690","709,323","32,690","693,010","7,930","16,313","4,290","98,444","373,820","1,070","17,302","3,930","14,244",340,520,"4,000","15,877","3,380","1,405","3,940","27,940","4,280","30,415","3,580","28,634",140,603,140,64,60,90,"3,590","16,916",270,"3,562","6,030","19,615","36,950","2,378,539","36,900","302,205",**,**,560,"1,804","17,030","45,819","3,030",418,"1,980",942,"3,120","4,363",0,0,"13,890","39,158",150,482,"4,120","12,226",390,"2,308",660,"4,383",460,587,"36,660","342,163",0,0,0,0,820,"1,432","2,240","2,151",70,89,"36,000","256,386","36,310","270,742",**,**,0,0,"8,360","20,871","28,580","91,853","27,670","88,565","1,220","3,288",
10,"$100,000 under $200,000","58,680","6,390","49,980","1,940","53,860","2,790","37,520","32,260","163,010","54,410",40,0,40,0,"2,420","17,260","7,928,771","58,680","8,000,233","52,520","6,107,388","30,300","43,784","19,520","89,710","18,320","65,036","26,570","16,646","10,050","141,017","17,460","157,538","19,940","882,084",890,"2,970","8,197","12,530","318,746","5,810","147,290","19,170","71,462","3,320",923,440,"6,396","1,660","15,740","1,860","10,547","7,680","8,759","48,370","1,130,590","48,370","1,110,078","9,670","20,512","10,310","288,754","1,459,616","1,470","24,332","9,930","58,766",370,859,"9,930","45,530","8,010","3,917","9,730","87,874","10,310","93,991","9,140","88,904",380,"1,891",450,356,260,"1,163","9,360","63,119",730,"12,579","11,880","60,655","58,660","6,440,564","58,640","966,583",50,123,360,"1,837","33,480","97,772","6,620","1,818","4,880","2,384","6,780","9,747",0,0,"27,830","80,813",250,"1,112","7,040","25,961",50,229,400,"2,357",310,615,"58,370","989,573",0,0,0,0,120,235,"5,790","5,817",**,**,"58,460","868,810","58,510","900,420",280,77,70,25,"19,460","69,560","39,150","157,764","37,240","143,502","2,610","14,262",
10,"$200,000 under $500,000","11,400",850,"10,250",240,"10,560",550,"8,350","3,810","33,750","12,120",**,0,**,0,170,"3,260","3,085,206","11,400","3,126,415","10,390","2,116,026","8,180","27,594","5,950","67,395","5,670","50,703","5,660","6,618","2,300","101,801","5,740","149,804","3,770","245,625",200,260,821,"1,960","53,236","3,360","287,949","3,580","41,209",520,135,350,"9,312","1,040","14,022",320,"3,080",0,0,"7,260","172,649","7,260","169,631","1,430","3,018","4,140","148,756","1,162,758",160,"3,365","4,020","48,795",120,325,"3,940","24,899","2,800","1,578","3,960","39,217","4,140","42,572","3,620","44,646",190,"1,069",190,125,290,"1,460","3,900","39,644",390,"14,541","4,330","65,806","11,400","2,696,120","11,400","522,438",130,488,50,357,"7,590","23,643","2,600","3,226",910,423,0,0,0,0,"5,540","16,382",50,251,"2,050","13,829",0,0,60,408,50,247,"11,330","533,128",0,0,0,0,0,0,0,0,0,0,"11,400","498,795","11,400","522,218","4,050","2,557","4,560","4,290","5,530","54,222","5,840","63,376","4,680","39,326","1,500","24,083",
10,"$500,000 or more","1,770",220,"1,490",50,"1,670",80,"1,640",260,"4,750","1,560",0,0,0,0,**,630,"2,112,492","1,770","2,135,703","1,590","683,038","1,650","39,437","1,340","72,932","1,300","59,896",900,"10,350",400,"55,571","1,420","315,797",490,"32,554",40,**,**,320,"9,776","1,290","790,188",940,"23,211",20,6,90,"3,502",450,"6,796",70,738,0,0,800,"18,635",800,"18,233",190,396,970,"88,934","1,235,476",**,**,930,"45,728",40,75,880,"9,851",460,345,940,"9,340",970,"12,005",670,"10,268",30,229,30,6,230,"5,063",920,"28,949",160,"29,704","1,210","136,790","1,770","1,865,311","1,770","533,102",70,"1,032",**,**,"1,060","18,630",850,"8,375",30,13,0,0,0,0,**,**,**,**,520,"5,087",0,0,**,**,**,**,"1,760","549,999",0,0,0,0,0,0,0,0,0,0,"1,770","512,025","1,770","533,665","1,090","4,121","1,560","11,218",780,"62,178",980,"81,538",400,"17,117",670,"64,904",
,,,,,,,,,,,,,,,,,,,,,,,,,,,,,,,,,,,,,,,,,,,,,,,,,,,,,,,,,,,,,,,,,,,,,,,,,,,,,,,,,,,,,,,,,,,,,,,,,,,,,,,,,,,,,,,,,,,,,,,,,,,,,,,,,,,,,,,,,,,,,,,,,,,,,,,
11,,"383,070","186,790","162,250","27,330","339,250","24,320","203,670","212,230","712,770","202,580","5,620",690,"4,920",150,"27,830","111,340","38,866,142","381,840","39,331,953","310,470","26,404,161","156,120","439,214","110,000","1,044,115","103,350","768,485","76,510","126,389","58,070","1,017,616","98,940","2,430,588","104,210","3,427,815",290,"10,610","37,826","67,790","1,204,061","29,040","3,165,088","95,260","465,811","8,800","2,266","3,440","93,184","11,300","95,955","8,140","45,056","33,440","38,822","327,670","5,598,058","327,670","5,462,605","69,350","135,453","51,390","1,784,313","14,258,117","10,650","184,778","46,060","600,339","4,790","6,571","47,100","341,502","33,860","15,564","47,740","403,401","51,230","493,811","41,710","459,174","1,240","8,024","1,860","1,128","3,070","71,804","44,530","498,759","3,010","80,054","55,000","568,393","312,980","31,705,009","310,260","6,231,480",770,"11,690","6,010","8,814","146,300","444,059","38,950","126,650","16,900","8,954","24,350","28,766","14,520","2,710","95,270","231,563",620,"1,414","45,170","168,218","9,700","52,075","11,480","59,573","6,770","5,351","360,950","6,801,680","29,820","59,043","24,310","48,391","19,780","33,715","18,690","17,597","4,370","4,291","289,480","5,787,418","304,470","6,099,691","19,690","40,075","19,550","79,844","89,600","510,886","277,840","1,202,296","265,700","789,132","15,680","413,165",
11,Under $1,"4,000","2,580","1,150",140,"2,640",840,"2,510",800,"5,770","1,020",40,**,40,0,60,"2,010","-505,744","2,770","-500,636",920,"49,196","1,310","13,266",980,"15,003",870,"8,774",220,"1,403","1,110","-34,767","1,520","52,333",540,"9,527",20,30,107,**,**,840,"-139,505",740,"5,108",**,**,20,212,240,"1,788",30,153,160,191,0,0,0,0,0,0,0,0,0,0,0,0,0,0,0,0,0,0,0,0,0,0,0,0,0,0,0,0,0,0,0,0,0,0,0,0,0,0,0,70,259,20,257,50,30,30,20,0,0,0,0,**,**,0,0,20,15,0,0,430,"1,226",320,"2,383",360,"2,229",0,0,"1,660","19,405",270,334,180,217,180,376,180,178,250,383,50,238,570,"2,962",40,76,0,0,280,583,"1,530","17,025","1,380","11,240",210,"5,785",
11,"$1 under $10,000","49,660","44,850","3,010","1,380","42,170","3,970","22,690","22,080","31,470","3,420","2,060",250,"1,810",60,"1,740","11,510","228,839","49,660","233,563","35,100","174,703","11,030","4,446","6,420","7,555","5,860","4,968",460,302,"5,430","17,078","5,380","1,990","7,420","35,932",**,230,802,130,448,540,"-3,267","5,400","4,724",50,9,**,**,470,"1,417",120,378,740,702,"49,050","458,171","49,050","441,638","9,320","16,533",600,"12,850","2,804",480,"7,873",190,255,310,147,400,"1,778",260,67,500,"1,808",560,"2,071",300,"2,209",20,116,**,**,30,91,330,376,30,91,110,31,"2,430","4,387","1,450",336,0,0,220,109,260,32,190,7,0,0,30,11,**,**,30,11,0,0,"4,530","3,088",990,"5,738","1,050","5,488",20,13,"38,120","22,401","7,730","6,173","6,180","5,110","1,330",916,"1,330","1,183",670,581,"1,370",304,"6,270","3,524",0,0,0,0,"3,670","1,613","36,040","20,500","35,780","19,810",330,691,
11,"$10,000 under $25,000","53,400","40,280","6,680","5,530","47,030","3,370","25,650","34,550","66,500","14,380","1,490",190,"1,290",60,"6,650","14,850","909,152","53,400","925,370","39,230","634,074","12,160","8,457","7,780","15,932","7,120","9,820","1,330",790,"8,700","70,668","6,580","10,428","13,210","161,469",20,"1,250","4,830","7,060","13,627","1,260","1,328","10,420","16,218",290,65,50,395,"1,040","3,582",440,"1,591","2,880","2,834","51,860","740,212","51,860","719,282","11,370","20,929","1,530","35,517","27,354","1,200","20,034",730,"1,204",680,409,"1,100","4,886",820,312,"1,290","5,205","1,490","6,178",780,"5,742",**,**,40,18,40,93,"1,010","2,587",70,539,"3,470","2,454","35,570","203,870","34,690","20,307",**,**,"1,020",387,"10,810","3,789",890,54,360,119,"3,810","1,920","3,600",610,"2,820","1,074",**,**,"7,180","12,425","3,090","15,915","3,160","15,341","1,870",982,"48,910","110,739","12,280","33,015","10,130","27,495","6,650","11,238","3,010","2,566","1,770","1,440","27,950","16,518","33,240","30,311",20,23,0,0,"5,590","6,242","45,250","86,534","44,790","84,991",670,"1,543",
11,"$25,000 under $50,000","67,370","43,600","13,780","8,120","59,990","3,830","33,080","45,230","103,750","23,810","1,150",200,950,30,"8,670","18,540","2,480,592","67,370","2,517,591","54,550","1,852,214","18,120","15,347","11,670","33,491","10,830","21,503","4,920","2,281","8,880","90,623","9,990","26,676","17,300","342,341",30,"2,670","10,157","14,630","114,761","2,550","14,465","16,670","36,999","1,180",277,160,"1,346","1,560","7,205","1,390","5,921","8,510","9,860","63,820","984,994","63,820","961,094","12,370","23,900","3,550","79,624","137,273","2,110","32,310","2,500","4,820",930,837,"2,820","12,789","2,240",811,"3,050","15,239","3,510","17,911","2,190","16,678",70,440,90,58,90,319,"2,690","9,553",170,"1,534","7,590","12,596","66,560","1,399,136","65,920","152,774",**,**,"2,570","1,986","24,270","25,255","3,140",302,"1,630",924,"5,600","6,179","8,220","1,614","12,670","16,042",100,87,"6,520","17,008","3,870","19,339","4,200","21,054","2,960","1,866","65,280","252,496","9,270","19,408","7,640","15,493","8,130","15,478","3,100","2,756","1,300","1,364","55,920","127,519","58,880","147,109",**,**,0,0,"11,090","16,089","55,800","120,859","54,940","117,016","1,220","3,843",
11,"$50,000 under $75,000","50,720","26,610","17,600","5,050","45,300","2,870","27,070","32,100","90,040","21,910",510,50,460,**,"4,510","16,240","3,148,779","50,720","3,188,976","41,640","2,301,520","19,110","18,882","12,670","45,744","11,870","30,229","8,510","3,906","6,770","77,170","10,960","40,655","15,390","433,309",30,"1,880","6,758","12,700","217,347","2,610","30,486","14,570","40,197","1,160",284,180,"2,216","1,330","7,927","1,420","7,141","7,770","9,292","45,050","781,823","45,050","761,976","10,290","19,847","5,670","123,575","359,444","2,160","33,592","4,820","12,947",770,873,"5,030","22,068","4,020","1,436","5,120","31,925","5,660","35,280","4,270","31,773",150,759,180,146,120,298,"4,490","17,970",270,"2,815","6,890","17,558","50,580","2,219,028","50,440","277,129",20,32,"1,140","2,232","18,570","34,473","4,120",654,"1,590",841,"3,700","4,739","2,700",486,"12,450","27,297",110,156,"4,910","14,461","1,070","6,768","1,540","9,076","1,060",957,"49,970","334,074",270,113,180,76,"2,780","4,636","2,250","2,165",310,428,"47,440","242,655","48,410","259,146",**,**,0,0,"11,380","22,897","39,180","97,128","38,040","93,151","1,570","3,977",
11,"$75,000 under $100,000","41,100","14,100","23,020","3,130","36,770","2,310","22,730","25,610","88,130","24,130",200,0,200,0,"2,710","13,800","3,573,071","41,100","3,609,995","34,520","2,601,647","18,730","24,343","12,910","58,032","12,120","38,112","10,330","5,395","6,030","77,865","11,480","55,962","13,650","492,021",30,"1,510","4,948","10,770","242,301","2,700","25,521","10,770","36,924","1,280",333,200,"2,559","1,020","7,269","1,110","6,472","4,330","5,183","34,450","699,871","34,450","682,705","8,520","17,166","6,650","155,420","581,229","1,630","28,409","6,060","23,231",560,791,"6,160","29,410","4,870","1,834","6,170","46,364","6,650","49,914","5,480","43,667",170,902,230,116,150,632,"5,400","24,901",270,"3,300","6,530","20,220","41,040","2,693,397","40,950","359,592",**,**,510,"1,556","18,080","42,190","4,490","1,183","1,840",987,"3,200","4,541",0,0,"13,520","34,611",90,185,"4,410","13,851",310,"1,641",610,"3,428",390,482,"40,720","403,737",0,0,0,0,600,854,"2,180","2,124",70,95,"40,270","317,402","40,490","333,309",20,18,0,0,"9,960","24,690","31,070","94,476","29,860","88,921","1,620","5,554",
11,"$100,000 under $200,000","81,120","11,830","65,310","3,140","72,850","4,920","45,450","41,480","218,910","72,640",170,0,170,0,"3,120","24,810","11,281,541","81,120","11,390,685","71,810","8,657,624","47,300","67,658","33,700","182,554","31,800","131,286","34,340","22,926","13,710","231,643","30,200","247,136","26,460","1,257,082",90,"2,500","8,172","17,360","463,268","8,080","187,115","25,430","109,144","3,780","1,033",910,"14,576","2,410","21,214","3,040","17,542","9,050","10,760","63,610","1,463,516","63,610","1,433,967","13,920","29,549","17,510","487,625","2,512,326","2,570","46,129","16,720","99,629",740,"1,338","16,680","98,543","12,480","5,518","16,440","151,992","17,500","163,378","15,150","153,538",470,"2,657",680,442,610,"2,269","15,610","102,530",940,"14,673","16,970","77,782","81,100","9,236,895","81,050","1,423,285",90,277,430,"2,127","48,370","133,746","13,120","6,792","7,670","4,123","8,010","11,376",0,0,"38,180","107,296",220,649,"9,970","38,889",50,291,480,"2,547",390,734,"80,730","1,436,378",0,0,0,0,110,217,"6,640","6,625",**,**,"80,840","1,289,538","80,920","1,335,122",760,204,200,57,"29,750","107,552","51,230","205,526","47,950","182,482","4,320","23,045",
11,"$200,000 under $500,000","29,480","2,390","26,220",700,"26,750","1,860","19,130","9,450","89,730","34,110",**,0,**,0,370,"7,680","8,311,155","29,480","8,418,574","27,130","6,207,051","22,540","65,234","18,660","210,643","17,830","159,219","13,220","16,422","5,920","270,707","17,540","379,824","8,580","557,639",70,510,"1,918","4,270","125,094","6,750","507,230","8,310","107,419",990,248,"1,230","37,124","1,960","24,808",460,"4,487",0,0,"17,660","418,149","17,660","411,548","3,120","6,601","11,830","416,441","3,478,818",470,"14,305","11,210","142,723",590,"1,257","11,240","99,310","7,380","4,148","11,310","112,372","11,820","122,550","10,430","146,174",270,"2,083",490,283,950,"5,596","11,110","106,394",690,"18,821","10,080","112,331","29,480","7,358,631","29,470","1,455,909",360,"1,964",70,387,"21,700","80,654","9,430","24,766","3,430","1,733",0,0,0,0,"15,530","45,163",100,337,"5,180","36,470",0,0,80,410,80,317,"29,360","1,457,343",0,0,0,0,0,0,0,0,0,0,"29,430","1,375,255","29,470","1,439,989","14,050","10,401","13,810","12,960","14,970","131,237","14,450","146,858","11,560","91,364","3,580","55,494",
11,"$500,000 or more","6,220",550,"5,480",140,"5,750",350,"5,360",930,"18,470","7,160",0,0,0,0,**,"1,900","9,438,757","6,220","9,547,835","5,570","3,926,132","5,820","221,581","5,210","475,161","5,050","364,574","3,180","72,964","1,520","216,629","5,290","1,615,584","1,660","138,495",**,30,134,870,"27,215","3,710","2,541,715","2,950","109,078",70,17,690,"34,756","1,270","20,745",130,"1,371",0,0,"2,170","51,322","2,170","50,395",440,928,"4,050","473,261","7,158,869",30,"2,126","3,830","315,530",210,919,"3,670","72,718","1,790","1,438","3,860","38,496","4,040","96,529","3,110","59,393",90,"1,067",150,65,"1,080","62,506","3,890","234,448",570,"38,281","3,360","325,421","6,220","8,589,665","6,220","2,541,889",280,"9,160",**,**,"4,210","123,900","3,570","92,892",380,227,0,0,0,0,50,54,**,**,"2,040","30,800",0,0,**,**,**,**,"6,200","2,765,107",0,0,0,0,0,0,0,0,0,0,"6,210","2,417,989","6,220","2,548,219","4,800","29,353","5,540","66,827","2,910","199,983","3,290","413,390","1,400","100,157","2,160","313,233",
,,,,,,,,,,,,,,,,,,,,,,,,,,,,,,,,,,,,,,,,,,,,,,,,,,,,,,,,,,,,,,,,,,,,,,,,,,,,,,,,,,,,,,,,,,,,,,,,,,,,,,,,,,,,,,,,,,,,,,,,,,,,,,,,,,,,,,,,,,,,,,,,,,,,,,,
12,,"348,190","184,470","117,630","39,440","312,790","18,110","186,810","217,130","631,270","190,300","4,770","1,970","2,820",520,"40,610","90,450","23,240,342","346,770","23,469,001","282,570","16,778,155","104,830","163,726","64,350","487,927","60,190","361,741","47,800","42,546","53,470","626,029","55,980","1,273,721","86,140","2,518,140",400,"12,700","41,807","53,530","839,318","15,980","716,806","80,900","228,659","6,800","1,741","1,800","37,168","5,530","39,432","4,470","21,333","32,770","37,094","315,770","5,213,269","315,770","5,102,156","58,330","111,115","28,960","871,538","5,973,047","6,850","118,912","25,600","220,939","2,990","3,981","26,100","177,046","18,940","8,456","26,520","214,302","28,870","243,146","21,870","197,367",950,"4,255",910,540,"1,220","12,955","24,570","248,602","1,810","43,156","36,880","209,898","268,840","17,700,630","267,350","3,030,219",440,"4,359","4,630","5,724","119,960","251,928","20,660","32,256","11,150","5,977","24,680","26,293","19,070","3,480","77,520","166,866",790,"1,758","39,610","104,142","8,110","42,003","9,150","46,726","6,720","4,677","326,200","3,515,533","53,410","135,307","47,260","115,173","38,210","68,992","19,750","17,821","3,300","2,930","235,150","2,778,276","255,680","2,952,478","8,010","13,847","8,900","39,004","62,620","292,911","269,260","850,869","263,040","733,761","8,130","112,269",
12,Under $1,"3,460","2,430",780,160,"2,110",800,"1,930",770,"4,840",790,**,**,**,0,90,"1,510","-366,640","2,040","-364,231",690,"34,325",770,"12,411",520,"10,087",480,"2,733",100,693,890,"-8,470",850,"35,848",450,"7,005",30,20,101,**,**,440,"-124,097",490,"2,409",**,**,**,**,100,664,**,**,140,152,0,0,0,0,0,0,0,0,0,0,0,0,0,0,0,0,0,0,0,0,0,0,0,0,0,0,0,0,0,0,0,0,0,0,0,0,0,0,0,50,71,**,**,40,12,**,**,0,0,0,0,**,**,0,0,**,**,0,0,260,895,220,"1,498",230,"1,455",0,0,"1,320","15,358",230,308,140,232,90,205,260,238,150,162,40,57,350,"1,786",30,65,0,0,200,317,"1,210","13,890","1,150","7,406",80,"1,645",
12,"$1 under $10,000","49,710","42,560","3,820","2,870","44,050","2,760","25,590","23,910","44,270","7,580","1,760",720,"1,050",230,"3,500","12,800","237,530","49,710","241,869","33,230","185,841","9,950","3,021","3,950","4,227","3,580","2,724",390,200,"5,910","19,080","3,220","1,270","8,210","41,340",**,260,951,130,452,500,"-1,072","5,690","4,339",70,16,**,**,290,780,90,304,830,730,"49,300","540,683","49,300","523,072","10,100","17,611",410,"8,473","2,100",330,"5,196",160,156,180,90,270,"1,234",180,61,330,"1,195",380,"1,514",190,"1,295",**,**,20,7,**,**,200,266,**,**,60,23,"1,270","2,518",920,228,0,0,210,77,190,33,100,5,0,0,**,**,**,**,30,12,0,0,"4,810","3,510",880,"5,021",910,"4,846",20,12,"37,260","29,056","12,170","12,022","10,480","10,347","2,880","2,009","1,990","1,688",540,402,860,197,"6,100","3,857",0,0,0,0,"3,290","1,538","35,210","26,740","35,070","26,437",180,302,
12,"$10,000 under $25,000","70,460","46,770","10,600","12,140","63,670","3,570","36,630","50,660","113,230","38,730","1,470",630,850,200,"12,600","15,840","1,201,029","70,460","1,218,526","53,720","872,500","11,000","6,898","5,810","11,201","5,340","7,222","1,230",622,"13,590","108,755","4,660","6,752","14,490","182,308",40,"1,730","6,568","7,480","14,200","1,500","6,440","15,000","17,497",320,72,50,365,680,"1,955",370,"1,233","3,490","2,972","69,240","1,036,628","69,240","1,014,558","12,120","22,071","1,210","24,662","21,735",940,"12,631",620,674,490,313,890,"4,141",690,237,"1,010","4,244","1,170","5,058",590,"3,369",40,148,**,**,30,52,860,"2,613",80,666,"3,900","2,517","43,790","245,886","43,250","24,705",30,85,910,310,"15,990","5,675",630,40,450,150,"5,210","2,520","4,840",823,"5,910","2,123",30,15,"11,240","19,003","2,800","14,001","2,840","13,502","2,100","1,111","66,040","193,923","24,850","86,368","22,300","73,075","16,570","29,144","5,170","4,364","1,430","1,058","32,100","19,029","42,120","39,597",**,**,0,0,"5,810","5,958","62,200","160,120","61,960","159,418",380,702,
12,"$25,000 under $50,000","79,900","48,080","16,520","13,040","72,360","3,770","39,950","57,770","136,290","40,760","1,100",550,550,90,"13,280","17,450","2,910,274","79,900","2,940,706","68,310","2,333,346","16,360","12,757","9,260","22,690","8,560","15,394","4,930","2,069","9,600","68,038","7,570","18,835","17,250","337,237",50,"3,610","12,399","14,040","105,694","2,290","19,599","17,740","30,432","1,300",308,70,567,940,"3,820","1,100","4,208","10,060","10,985","77,090","1,204,776","77,090","1,182,398","11,630","22,378","2,810","59,127","108,615","1,500","20,797","2,060","3,845",660,833,"2,200","9,432","1,800",787,"2,440","12,391","2,800","14,322","1,660","10,537",90,281,60,56,30,41,"2,170","9,958",180,"2,244","7,280","11,149","79,280","1,625,845","78,770","177,977",**,**,"2,190","1,613","33,180","37,487","2,290",247,"2,150","1,268","7,710","8,121","11,220","2,145","19,970","25,450",180,154,"6,280","14,710","3,300","15,810","3,520","17,209","3,080","1,822","78,010","311,001","15,710","36,410","13,990","31,368","14,220","29,366","4,200","3,633",960,958,"62,480","140,490","66,180","158,081",**,**,0,0,"11,530","15,998","68,000","168,336","67,470","166,850",770,"1,486",
12,"$50,000 under $75,000","48,240","23,840","16,800","6,040","43,490","2,360","25,970","32,520","90,830","25,930",280,70,210,**,"5,690","12,770","2,973,544","48,240","3,002,504","41,630","2,323,752","14,980","12,660","8,810","27,751","8,230","19,078","7,140","3,012","5,990","48,493","7,440","27,074","13,090","353,851",50,"2,770","9,218","10,070","167,970","1,670","19,620","13,140","28,960","1,090",270,120,"1,397",700,"4,106",920,"4,090","7,860","9,525","43,940","764,105","43,940","748,899","7,990","15,206","4,300","90,710","271,868","1,400","20,823","3,800","10,269",460,573,"3,800","17,176","3,010","1,249","3,850","25,039","4,300","27,984","3,200","20,943",150,564,100,82,50,109,"3,420","16,198",220,"2,747","5,300","12,099","48,160","2,098,517","48,090","261,606",**,**,720,"1,382","18,940","39,743","2,620",361,"1,540",823,"4,030","5,039","3,010",512,"13,780","32,410",180,292,"3,960","10,072",680,"4,395",990,"5,743",920,803,"47,650","315,970",450,199,350,151,"3,630","6,882","2,400","2,241",190,293,"44,310","221,862","45,310","233,868",**,**,0,0,"9,840","18,944","38,340","100,289","37,700","98,131",860,"2,158",
12,"$75,000 under $100,000","32,430","10,930","18,100","2,730","29,180","1,570","18,290","20,950","70,960","20,480",90,0,90,0,"2,770","9,800","2,808,297","32,430","2,830,471","28,270","2,144,071","13,240","13,690","8,250","33,045","7,730","22,988","7,670","3,988","4,620","44,425","7,100","36,092","10,320","351,475",50,"1,900","5,450","7,710","167,419","1,510","19,162","8,300","22,174","1,080",278,120,"1,337",500,"3,131",630,"3,434","3,970","4,761","28,010","565,231","28,010","553,754","5,840","11,478","4,420","97,655","384,004","1,010","17,461","4,090","14,608",310,455,"4,040","19,031","3,180","1,218","4,070","30,778","4,420","33,266","3,480","23,382",130,415,130,82,80,202,"3,650","19,179",240,"2,763","4,510","12,114","32,390","2,128,213","32,360","284,124",**,**,290,841,"13,920","35,816","2,670",593,"1,450",787,"2,790","3,781",0,0,"10,940","29,961",120,249,"3,080","8,520",190,"1,046",360,"2,090",340,396,"32,200","319,126",0,0,0,0,710,"1,156","1,830","1,749",30,57,"31,610","248,307","31,820","258,521",**,**,0,0,"7,490","17,862","24,900","77,857","24,230","74,792",900,"3,066",
12,"$100,000 under $200,000","48,190","8,170","37,380","2,080","43,540","2,420","27,730","25,810","125,760","40,260",70,0,70,0,"2,460","14,800","6,534,195","48,190","6,588,563","42,750","4,974,890","25,930","34,680","17,400","103,575","16,320","75,460","19,560","13,287","8,520","127,528","15,240","137,573","16,750","777,422",110,"2,210","6,413","10,720","275,827","3,850","92,980","15,150","54,368","2,460",674,510,"7,829","1,100","9,615","1,170","6,438","6,420","7,969","39,070","886,088","39,070","868,814","8,320","17,274","9,120","253,717","1,281,732","1,340","29,160","8,620","50,444",470,787,"8,600","51,055","6,390","2,859","8,450","77,494","9,110","84,496","7,450","63,306",370,"1,563",310,205,250,952,"8,040","62,101",570,"10,540","9,520","40,887","48,150","5,343,895","48,120","821,124",60,303,230,"1,194","26,700","73,765","6,600","2,749","3,960","2,073","4,940","6,832",0,0,"20,890","59,513",220,682,"5,970","21,910",40,232,260,"1,572",230,429,"47,970","837,284",0,0,0,0,110,230,"3,900","3,908",**,**,"47,970","747,358","48,010","774,030",410,118,130,32,"16,720","60,828","31,380","123,029","29,660","111,300","2,250","11,729",
12,"$200,000 under $500,000","13,280","1,430","11,440",320,"12,060",740,"8,580","4,330","37,770","13,070",**,0,**,0,220,"4,570","3,759,554","13,280","3,801,846","11,720","2,568,433","10,260","29,952","8,280","125,488","7,930","96,621","5,620","7,265","3,540","131,058","7,820","205,783","4,810","386,339",70,200,707,"2,860","90,158","2,880","205,530","4,210","42,292",460,118,640,"14,690",840,"10,050",150,"1,255",0,0,"8,210","194,436","8,210","189,888","2,070","4,548","5,070","191,975","1,505,910",310,"11,390","4,770","59,602",290,562,"4,800","47,952","2,960","1,546","4,820","47,723","5,070","53,443","4,130","54,802",140,939,230,93,400,"2,702","4,690","56,339",320,"12,015","5,080","49,168","13,280","3,321,726","13,270","655,242",190,"1,123",40,295,"9,290","30,715","4,290","7,874","1,400",763,0,0,0,0,"6,000","17,397",60,366,"3,070","16,172",0,0,40,309,30,104,"13,230","662,777",0,0,0,0,0,0,0,0,0,0,"13,260","624,527","13,270","654,683","5,700","4,387","6,500","6,992","6,510","59,603","6,740","66,889","5,250","43,410","1,870","23,479",
12,"$500,000 or more","2,520",260,"2,190",60,"2,330",120,"2,140",410,"7,320","2,700",0,0,0,0,**,910,"3,182,559","2,520","3,208,747","2,250","1,340,997","2,340","37,657","2,070","149,863","2,020","119,521","1,160","11,410",810,"87,122","2,080","804,494",770,"81,163",**,**,**,520,"17,598","1,340","478,644","1,180","26,188",20,5,290,"10,983",380,"5,311",40,371,0,0,910,"21,322",910,"20,773",260,549,"1,620","145,219","2,397,083",20,"1,454","1,480","81,341",130,368,"1,500","27,025",730,499,"1,550","15,438","1,620","23,063","1,170","19,733",30,345,60,15,380,"8,897","1,540","81,948",200,"12,181","1,230","81,941","2,520","2,934,030","2,520","805,142",160,"2,848",**,**,"1,750","28,694","1,460","20,387",200,113,0,0,0,0,**,**,**,**,940,"9,350",0,0,**,**,**,**,"2,520","831,038",0,0,0,0,0,0,0,0,0,0,"2,520","776,449","2,520","828,055","1,870","9,277","2,270","31,980","1,230","111,863","1,280","113,719",550,"46,017",840,"67,702",
,,,,,,,,,,,,,,,,,,,,,,,,,,,,,,,,,,,,,,,,,,,,,,,,,,,,,,,,,,,,,,,,,,,,,,,,,,,,,,,,,,,,,,,,,,,,,,,,,,,,,,,,,,,,,,,,,,,,,,,,,,,,,,,,,,,,,,,,,,,,,,,,,,,,,,,
13,,"279,130","150,120","53,410","70,250","245,090","17,940","150,870","190,610","511,160","191,140","10,980","8,270","2,710","1,790","67,540","63,780","11,047,689","277,700","11,130,165","224,950","8,201,539","41,310","77,690","19,640","190,867","17,990","162,870","19,920","18,701","53,450","202,312","15,570","281,186","56,990","1,175,157",60,"12,680","44,663","31,430","357,932","5,580","94,810","55,670","82,476","2,820",700,160,"2,728","1,650","8,562","1,990","7,328","17,520","19,115","263,070","4,111,608","263,070","4,037,513","41,160","74,095","13,430","395,915","2,009,331","4,560","53,292","11,860","90,753","1,290","2,024","10,400","39,596","9,060","5,161","11,060","68,987","13,360","107,510","7,770","46,414",280,"1,841",200,201,190,"4,275","11,700","147,053","1,490","29,558","16,190","84,326","190,560","6,934,332","190,300","1,077,933",140,"3,745","2,740","2,834","88,950","135,412","4,250","13,944","7,740","4,777","16,660","16,557","20,070","3,595","63,370","92,279",880,"1,104","34,050","58,965","4,880","21,916","5,530","24,692","5,960","3,964","259,730","1,701,836","88,330","267,294","82,320","231,350","65,610","114,429","18,530","17,026","1,820","1,307","145,560","942,522","174,980","1,026,335",720,"1,201",860,"13,569","36,010","84,375","227,920","756,957","226,770","662,758","1,550","94,200",
13,Under $1,"2,610","1,940",400,180,"1,420",700,"1,090",720,"3,480",540,40,40,**,0,220,"1,150","-37,735","1,190","-36,296",340,"8,681",270,456,160,"2,498",150,"2,268",40,118,700,"-9,682",290,"2,509",220,"2,306",**,**,**,**,**,200,"-9,277",280,"1,439",**,**,0,0,50,249,**,**,90,123,0,0,0,0,0,0,0,0,0,0,0,0,0,0,0,0,0,0,0,0,0,0,0,0,0,0,0,0,0,0,0,0,0,0,0,0,0,0,0,20,74,**,**,20,3,**,**,0,0,0,0,**,**,0,0,**,**,0,0,150,296,130,793,130,720,0,0,"1,050","2,904",160,228,120,161,50,103,260,238,90,96,20,68,220,682,**,**,0,0,120,140,"1,000","2,374",980,"2,140",30,234,
13,"$1 under $10,000","46,970","38,400","2,650","5,360","41,580","2,850","23,420","24,020","53,280","11,760","5,380","4,350","1,030",950,"7,690","13,520","223,820","46,960","227,296","29,400","175,542","7,110","1,225","1,670","1,624","1,450","1,026",310,180,"6,500","14,808","1,210",426,"7,130","35,777",20,430,"1,411",120,532,270,-51,"5,440","3,476",70,15,**,**,160,427,50,170,580,528,"46,710","570,227","46,710","553,247","10,030","16,980",250,"4,147","1,323",190,"2,684",130,132,70,50,140,431,110,74,200,546,230,634,80,413,20,171,0,0,0,0,140,205,20,113,**,**,300,628,390,107,0,0,140,47,60,23,**,**,0,0,**,**,**,**,30,14,0,0,"4,770","3,824",530,"2,793",550,"2,689",30,16,"34,240","38,070","16,950","20,637","15,430","18,062","5,200","3,884","2,510","2,253",300,204,350,91,"5,540","4,023",0,0,0,0,"2,310","1,093","32,690","35,135","32,630","35,039",70,96,
13,"$10,000 under $25,000","89,520","47,290","8,270","32,960","80,700","4,850","49,750","71,720","176,660","82,520","3,050","2,240",810,610,"31,720","15,770","1,500,411","89,520","1,521,078","70,400","1,139,855","6,470","2,985","2,870","4,271","2,590","2,702","1,190",515,"26,570","157,268","2,020","2,789","14,300","177,442",**,"3,410","12,991","6,790","13,113",970,"4,289","22,880","20,667",310,72,**,**,340,878,250,692,"2,300","1,991","88,560","1,356,339","88,560","1,335,851","11,590","20,488",950,"17,394","18,025",680,"7,821",600,653,270,238,610,"1,620",550,376,760,"2,334",940,"3,039",390,"1,959",**,**,**,**,**,**,740,"3,275",90,737,"4,740","2,874","50,700","260,612","50,520","26,420",**,**,650,233,"24,430","8,577",260,8,940,343,"4,690","2,184","5,880","1,020","14,380","4,978",80,32,"20,240","32,215","1,880","8,274","1,950","8,192","2,200","1,166","86,310","344,090","49,190","196,483","46,600","168,056","38,070","65,703","7,140","6,582",860,543,"30,280","17,843","50,330","51,681",**,**,0,0,"5,240","5,197","82,730","297,409","82,610","297,138",170,271,
13,"$25,000 under $50,000","74,230","38,410","11,670","22,120","64,830","4,820","38,520","54,570","138,400","53,000","2,020","1,470",550,230,"19,550","14,880","2,645,074","74,230","2,662,995","65,780","2,256,015","8,680","5,207","4,230","7,649","3,850","5,146","4,220","1,724","10,400","-3,936","3,190","6,698","14,840","277,328",**,"4,310","15,345","10,880","78,423","1,270","12,538","12,080","17,921",830,200,30,108,380,"1,368",730,"2,327","6,520","6,849","71,230","1,116,092","71,230","1,099,228","9,140","16,864","3,000","60,429","114,638","1,650","17,675","2,460","4,889",450,721,"1,990","6,257","1,980","1,213","2,330","10,069","2,970","13,337","1,250","6,012",50,214,30,31,**,**,"2,590","16,996",310,"3,545","4,600","6,723","73,790","1,440,318","73,620","158,570",0,0,"1,320",983,"36,620","45,029",850,59,"3,660","2,545","6,690","7,359","12,450","2,290","26,240","32,318",360,324,"4,230","9,202","1,940","8,101","2,130","9,267","2,740","1,693","72,930","293,029","21,750","49,822","19,950","44,972","19,300","39,191","4,790","4,312",500,393,"52,270","113,542","55,610","125,179",30,41,0,0,"10,610","14,623","63,480","181,579","63,320","181,036",250,543,
13,"$50,000 under $75,000","32,650","15,060","10,030","6,480","27,880","2,390","18,150","21,190","63,070","20,470",380,170,210,**,"5,250","8,520","1,993,659","32,650","2,006,517","28,980","1,614,390","6,830","4,544","3,600","8,263","3,320","5,815","4,700","2,097","4,400","9,549","2,760","8,883","8,950","229,780",20,"2,300","8,370","6,420","103,801",780,"11,074","7,230","12,858",690,170,30,305,230,"1,187",460,"1,632","4,360","5,099","29,470","504,944","29,470","495,648","5,030","9,296","3,180","66,728","197,902","1,120","12,319","2,900","8,889",230,445,"2,510","7,416","2,270","1,321","2,590","14,681","3,170","18,125","1,840","9,536",60,267,40,45,30,71,"2,810","20,773",320,"3,826","2,540","6,008","32,630","1,403,052","32,610","175,547",**,**,410,793,"13,410","29,297",880,88,"1,440",890,"2,600","3,315","1,740",285,"10,900","24,212",260,385,"2,000","4,627",340,"1,665",530,"2,607",680,596,"32,290","204,483",280,124,220,99,"2,670","5,005","1,770","1,649",70,71,"29,850","146,250","30,410","152,206",**,**,0,0,"7,280","14,793","25,350","66,276","25,180","65,637",230,639,
13,"$75,000 under $100,000","16,490","5,510","8,490","2,130","14,140","1,190","9,540","10,140","35,530","10,590",60,0,60,0,"1,970","4,710","1,417,868","16,490","1,424,796","14,870","1,132,916","4,810","3,934","2,730","7,935","2,530","5,761","3,610","1,806","2,280","8,816","2,220","11,831","5,260","165,776",**,"1,230","3,728","3,570","74,062",530,"8,684","3,460","6,928",390,101,**,**,130,713,200,926,"1,760","1,999","14,150","278,905","14,150","273,740","2,700","5,165","2,340","51,782","202,565",490,"6,037","2,210","9,392",120,279,"1,940","5,803","1,660",802,"2,000","13,547","2,340","15,880","1,580","9,116",40,199,50,68,**,**,"2,070","16,322",240,"3,309","1,640","4,327","16,490","1,076,280","16,480","146,138",**,**,110,320,"6,750","17,183",770,137,750,454,"1,260","1,712",0,0,"5,720","14,596",110,184,"1,160","2,591",60,290,140,693,190,245,"16,380","158,933",0,0,0,0,290,486,930,857,**,**,"16,180","128,955","16,250","132,630",**,**,0,0,"4,200","10,700","12,280","36,516","12,130","36,016",200,501,
13,"$100,000 under $200,000","14,880","3,140","10,580",950,"12,970","1,020","9,040","7,770","36,130","10,690",50,**,50,0,"1,110","4,650","1,916,925","14,880","1,927,659","13,640","1,498,781","5,940","7,404","3,500","13,326","3,270","9,936","5,130","3,363","2,290","19,908","2,980","25,229","5,660","233,246",20,960,"2,663","3,280","78,417",930,"29,270","3,820","10,734",490,132,50,701,210,"1,620",250,"1,183","1,910","2,526","11,920","262,233","11,920","257,366","2,450","4,867","2,960","79,971","394,002",400,"5,721","2,850","18,508",110,220,"2,580","8,645","2,100","1,029","2,530","21,424","2,960","25,539","2,130","13,776",90,540,80,57,30,179,"2,650","26,451",370,"7,027","2,060","9,676","14,880","1,559,024","14,880","240,553",40,136,90,455,"6,690","18,163","1,040",637,860,488,"1,420","1,987",0,0,"5,560","14,562",70,179,"1,240","4,060",**,**,100,524,120,248,"14,780","242,672",0,0,0,0,30,57,"1,130","1,135",**,**,"14,830","222,390","14,840","228,694",120,27,30,4,"5,320","20,238","9,550","33,876","9,310","32,395",320,"1,480",
13,"$200,000 under $500,000","1,530",310,"1,150",70,"1,350",100,"1,130",440,"3,990","1,320",**,0,**,0,30,510,"411,177","1,530","415,316","1,350","250,822",980,"3,143",710,"11,507",670,"9,576",610,804,250,"11,515",710,"25,507",590,"49,196",**,40,155,320,"8,318",440,"43,630",370,"4,139",40,10,50,"1,614",110,"1,368",50,398,0,0,960,"21,430",960,"21,022",220,435,570,"25,121","160,494",30,"1,035",550,"7,366",40,71,480,"3,056",310,258,510,"4,985",570,"6,297",410,"4,037",**,**,**,**,40,851,530,"7,463",80,"4,918",490,"8,433","1,530","355,808","1,530","71,267",40,134,**,**,840,"2,999",320,959,90,57,0,0,0,0,540,"1,599",**,**,200,"1,349",0,0,**,**,**,**,"1,510","67,483",0,0,0,0,0,0,0,0,0,0,"1,530","68,267","1,530","71,160",460,290,620,743,840,"10,969",690,"7,185",560,"5,225",160,"1,960",
13,"$500,000 or more",250,60,170,**,220,20,230,40,620,250,0,0,0,0,0,70,"976,490",250,"980,804",190,"124,537",220,"48,792",170,"133,794",160,"120,640",110,"8,094",60,"-5,934",190,"197,314",40,"4,306",**,**,**,50,"1,266",190,"-5,347",110,"4,314",0,0,**,**,40,752,**,**,0,0,70,"1,438",70,"1,411",**,**,180,"90,343","920,382",**,**,160,"40,924",**,**,150,"6,368",80,88,140,"1,401",180,"24,659",90,"1,565",20,450,**,**,90,"3,174",170,"55,568",60,"6,083",120,"46,285",240,"838,610",250,"259,257",60,"3,475",**,**,150,"14,141",130,"12,056",**,**,0,0,0,0,**,**,0,0,60,801,0,0,**,**,**,**,240,"350,172",0,0,0,0,0,0,0,0,0,0,250,"245,116",250,"260,080",110,843,210,"12,822",90,"6,622",150,"96,607",50,"8,132",120,"88,476",
,,,,,,,,,,,,,,,,,,,,,,,,,,,,,,,,,,,,,,,,,,,,,,,,,,,,,,,,,,,,,,,,,,,,,,,,,,,,,,,,,,,,,,,,,,,,,,,,,,,,,,,,,,,,,,,,,,,,,,,,,,,,,,,,,,,,,,,,,,,,,,,,,,,,,,,
14,,"302,580","158,540","73,340","63,810","261,740","21,350","172,220","180,620","552,270","193,580","9,370","6,710","2,660","1,410","59,110","82,420","22,080,913","301,130","22,327,429","239,610","12,955,487","67,840","263,783","47,120","605,914","44,000","448,381","36,710","61,080","65,250","546,206","42,280","2,411,266","72,820","2,167,693",90,"10,550","36,689","45,460","736,555","15,980","1,448,709","70,920","246,516","5,000","1,267","1,800","47,424","6,370","53,845","3,760","18,965","20,760","23,833","266,880","4,214,357","266,880","4,122,207","49,900","92,151","32,110","1,104,986","9,416,829","8,710","121,478","28,360","344,107","3,240","4,135","26,970","176,603","20,120","10,283","27,950","216,950","31,960","275,767","22,180","204,467",670,"4,652",810,600,"1,800","40,056","28,570","402,028","2,730","57,222","31,640","286,971","219,810","17,323,177","218,550","3,323,560",550,"6,579","3,800","5,305","104,580","217,116","17,020","41,046","10,300","6,150","18,220","19,187","17,210","3,098","68,630","113,219",950,"1,267","42,700","117,448","6,640","33,904","7,740","38,806","5,590","4,117","281,610","4,022,434","76,160","230,097","70,450","199,328","55,920","98,566","18,750","17,449","2,820","2,427","178,320","3,106,443","206,090","3,309,087","7,310","14,800","8,820","53,162","56,910","272,784","230,420","981,576","223,260","724,259","8,900","257,038",
14,Under $1,"3,590","2,510",770,190,"2,240",800,"2,070",830,"4,940",860,**,**,**,0,200,"1,710","-486,233","2,140","-483,730",690,"29,521",830,"9,831",650,"17,292",590,"13,441",120,575,"1,010","-26,298",950,"56,404",480,"9,175",20,20,93,**,**,570,"-133,729",530,"2,503",**,**,**,**,120,786,**,**,140,176,0,0,0,0,0,0,0,0,0,0,0,0,0,0,0,0,0,0,0,0,0,0,0,0,0,0,0,0,0,0,0,0,0,0,0,0,0,0,0,40,585,**,**,30,11,**,**,0,0,0,0,**,**,0,0,**,**,0,0,310,879,220,"1,554",230,"1,361",0,0,"1,570","10,131",220,315,160,227,120,258,270,262,180,258,30,571,420,"1,833",30,47,0,0,200,786,"1,480","9,100","1,370","5,765",140,"3,335",
14,"$1 under $10,000","45,550","38,380","2,530","4,040","39,370","3,260","23,630","21,550","45,180","8,920","4,130","3,250",880,690,"6,190","12,260","216,318","45,550","220,402","29,400","169,473","7,050","2,057","3,140","3,873","2,840","2,382",400,226,"6,820","14,183","2,630","1,367","6,410","32,955",**,410,"1,305",150,647,390,"-1,524","5,710","4,084",80,19,**,**,280,792,100,342,610,605,"45,120","509,419","45,120","493,944","9,090","15,475",430,"8,093","2,228",330,"4,190",170,354,190,88,270,"1,298",170,97,320,"1,164",400,"1,641",210,"1,514",**,**,20,37,**,**,240,400,30,178,80,48,"1,240","2,456",820,175,0,0,150,51,190,36,120,4,0,0,20,10,**,**,30,16,0,0,"5,040","3,949",710,"3,752",750,"3,586",20,14,"33,400","33,342","14,220","16,269","12,550","13,982","3,890","2,922","2,280","2,066",450,315,750,152,"6,260","4,277",0,0,0,0,"3,020","1,400","31,570","30,510","31,400","29,915",210,317,
14,"$10,000 under $25,000","81,030","44,690","7,310","28,030","72,410","4,640","45,720","62,140","155,010","70,740","2,670","1,900",770,530,"27,540","15,430","1,360,139","81,030","1,382,037","63,130","1,025,780","6,450","3,961","3,850","8,799","3,510","5,538","1,310",668,"25,050","134,163","3,210","6,002","13,630","171,462",**,"3,100","11,567","6,890","13,592",990,"2,869","21,430","21,898",390,90,40,249,650,"2,073",360,"1,123","2,450","2,413","79,660","1,205,782","79,660","1,186,313","11,140","19,470","1,360","27,133","25,069","1,000","12,225",790,"1,142",450,280,910,"3,555",730,553,"1,090","4,179","1,330","5,207",640,"4,394",20,127,**,**,30,102,990,"3,766",110,886,"4,880","2,822","46,810","243,483","46,450","24,620",**,**,780,290,"22,550","7,995",520,35,910,327,"4,620","2,212","5,320",944,"12,700","4,427",80,37,"18,590","29,202","2,420","11,818","2,490","11,743","1,990","1,080","77,330","301,319","42,610","169,148","40,280","144,990","32,610","56,431","6,480","6,034","1,260",851,"28,030","16,625","45,890","47,395",**,**,0,0,"5,860","6,145","73,360","259,882","73,060","258,781",400,"1,100",
14,"$25,000 under $50,000","68,680","36,720","10,230","19,620","59,030","4,700","36,650","46,850","124,880","46,570","2,000","1,390",610,190,"16,940","15,620","2,456,770","68,680","2,481,241","58,850","2,021,274","9,040","7,297","5,680","16,609","5,200","11,028","4,340","2,101","12,050","3,181","4,750","13,571","15,340","295,888",**,"3,600","12,284","11,520","89,031","1,610","11,671","13,180","24,471","1,070",257,80,794,920,"4,198",870,"3,097","6,740","7,575","64,630","1,001,072","64,630","983,510","9,740","17,562","4,050","85,905","154,529","2,350","26,691","3,120","6,041",790,821,"2,710","10,935","2,490","1,375","3,240","15,167","4,010","19,432","1,900","12,518",60,381,50,52,60,127,"3,460","21,029",330,"3,353","5,480","8,704","68,160","1,339,960","67,810","147,580",50,643,"1,660","1,350","33,260","40,090","1,510",156,"3,360","2,304","6,870","7,856","10,570","1,931","22,930","27,429",330,289,"5,150","12,083","2,510","11,885","2,780","13,180","2,460","1,540","66,860","266,611","18,880","44,266","17,300","40,058","16,690","33,911","4,770","4,342",750,745,"48,930","107,490","52,120","122,015",30,33,0,0,"12,030","18,426","56,340","162,324","55,800","160,447",720,"1,877",
14,"$50,000 under $75,000","35,180","18,360","8,780","6,540","29,410","2,840","19,990","20,170","62,150","18,310",390,150,240,**,"4,650","10,930","2,160,117","35,180","2,181,559","29,530","1,635,651","8,600","8,495","5,790","22,634","5,370","15,258","5,730","2,900","5,810","22,477","4,970","20,811","10,780","298,279",20,"1,500","5,197","8,160","138,572","1,460","17,387","9,290","21,442","1,010",253,80,845,630,"3,806",680,"2,923","5,230","6,381","29,960","491,391","29,960","479,765","6,320","11,626","5,220","114,263","327,389","1,950","23,581","4,540","13,455",590,736,"4,140","17,044","3,480","1,735","4,360","26,496","5,200","31,794","3,290","20,855",90,487,90,112,80,212,"4,570","30,165",410,"4,465","3,850","9,528","35,100","1,529,779","35,020","193,521",**,**,650,"1,304","13,300","26,432","1,850",337,"1,570",947,"2,760","3,599","1,320",223,"9,970","20,832",230,243,"2,930","8,282",590,"3,817",870,"5,236",670,621,"34,540","222,095",230,99,160,71,"2,160","4,206","1,860","1,764",150,225,"32,710","167,089","33,320","176,893",**,**,0,0,"9,530","21,326","25,570","65,724","24,940","63,271",840,"2,453",
14,"$75,000 under $100,000","21,650","8,950","8,980","2,980","18,330","1,700","12,850","11,650","42,230","11,660",120,20,100,0,"1,960","7,720","1,869,161","21,650","1,885,482","18,140","1,351,298","7,770","9,263","5,410","26,485","5,040","18,367","5,370","3,170","3,760","28,839","4,770","26,276","7,800","277,280",**,810,"2,435","5,820","128,112","1,340","21,133","5,190","16,321",760,198,100,"1,344",540,"3,769",380,"2,175","2,110","2,369","16,870","316,495","16,870","308,042","4,370","8,453","4,790","113,643","415,193","1,220","17,375","4,360","17,400",390,509,"4,100","18,450","3,340","1,461","4,130","30,406","4,780","35,232","3,430","24,556",90,593,120,95,90,319,"4,240","30,477",320,"3,609","3,210","10,062","21,620","1,420,712","21,570","197,908",**,**,250,793,"8,580","18,989","1,920",414,"1,030",616,"1,470","2,071",0,0,"6,440","15,368",110,192,"2,170","6,824",150,819,310,"1,751",210,267,"21,400","213,927",0,0,0,0,370,642,"1,080","1,007",30,33,"21,170","178,919","21,310","187,218",**,**,0,0,"6,550","19,050","15,060","45,276","14,370","42,331",870,"2,946",
14,"$100,000 under $200,000","32,110","7,100","22,330","2,030","27,700","2,400","19,960","13,970","77,500","23,110",60,0,60,0,"1,480","12,450","4,408,329","32,110","4,456,095","27,220","3,067,970","16,550","28,524","12,570","95,195","11,840","70,003","12,880","10,069","6,820","109,011","11,270","110,539","12,800","637,927",20,940,"3,147","9,080","246,142","3,890","103,905","10,080","47,766","1,320",360,460,"7,387","1,340","11,581","1,010","5,890","3,480","4,314","23,000","509,724","23,000","495,636","6,720","14,088","9,110","259,243","1,272,453","1,540","26,454","8,580","52,797",490,919,"8,310","47,170","6,160","2,939","8,120","73,178","9,090","83,521","7,170","62,846",210,"1,294",250,179,360,"1,567","8,320","70,539",680,"10,412","7,530","38,842","32,090","3,587,483","32,060","563,893",80,260,250,"1,371","16,570","41,777","5,190","2,871","2,420","1,386","2,480","3,439",0,0,"11,930","32,202",150,323,"4,620","20,256",40,259,280,"1,774",180,356,"31,830","576,350",0,0,0,0,80,196,"2,010","1,974",**,**,"31,940","522,116","31,990","545,979",400,97,130,58,"12,830","57,061","19,200","86,453","17,410","71,749","2,290","14,703",
14,"$200,000 under $500,000","11,670","1,460","9,770",310,"10,400",820,"8,560","3,050","31,940","10,520",**,0,**,0,150,"4,860","3,366,178","11,670","3,423,067","10,020","2,139,655","8,640","33,774","7,380","127,705","7,030","97,842","4,900","8,025","2,980","153,571","7,020","208,543","4,540","345,787",30,170,661,"3,060","94,660","3,590","252,596","3,860","56,889",330,81,680,"20,412","1,180","15,262",250,"2,300",0,0,"6,580","155,218","6,580","150,651","2,100","4,567","5,090","195,477","1,534,450",320,"10,962","4,830","69,003",250,498,"4,690","42,913","2,880","1,503","4,750","47,078","5,090","54,599","4,120","53,903",150,951,210,100,540,"4,216","4,770","59,272",470,"12,833","4,770","57,174","11,670","2,955,232","11,660","587,997",250,"1,313",30,135,"7,970","24,767","4,020","6,854",910,502,0,0,0,0,"4,630","12,945",50,183,"2,690","20,433",0,0,30,175,60,239,"11,580","612,893",0,0,0,0,0,0,0,0,0,0,"11,650","563,230","11,660","596,480","4,680","3,587","5,900","7,214","5,630","59,915","6,000","75,341","4,240","40,723","2,110","34,618",
14,"$500,000 or more","3,120",370,"2,640",70,"2,850",190,"2,790",410,"8,440","2,890",0,0,0,0,**,"1,440","6,730,134","3,120","6,781,276","2,630","1,514,865","2,910","160,581","2,650","287,322","2,580","214,522","1,660","33,346",950,"107,079","2,710","1,967,753","1,040","98,940",**,**,**,780,"25,799","2,140","1,174,401","1,650","51,142",40,9,360,"16,393",710,"11,578",110,"1,115",0,0,"1,060","25,256","1,060","24,346",420,910,"2,060","301,229","5,685,518",**,**,"1,970","183,915",90,284,"1,840","35,238",870,620,"1,940","19,282","2,060","44,341","1,420","23,881",50,819,70,25,640,"33,513","1,980","186,380",380,"21,486","1,840","159,791","3,120","6,244,072","3,120","1,607,281",170,"4,363",**,**,"2,160","57,030","1,890","30,375",100,68,0,0,0,0,**,**,**,**,"1,200","15,540",0,0,**,**,**,**,"3,100","1,785,766",0,0,0,0,0,0,0,0,0,0,"3,110","1,550,251","3,120","1,626,997","2,170","11,036","2,790","45,890","1,260","88,675","1,840","246,966",670,"51,277","1,320","195,689",
"** - Not shown to avoid disclosure of information 
about specific taxpayers.  However, the data are 
combined with data in an adjacent size class, 
as appropriate, and included in the appropriate totals.",,,,,,,,,,,,,,,,,,,,,,,,,,,,,,,,,,,,,,,,,,,,,,,,,,,,,,,,,,,,,,,,,,,,,,,,,,,,,,,,,,,,,,,,,,,,,,,,,,,,,,,,,,,,,,,,,,,,,,,,,,,,,,,,,,,,,,,,,,,,,,,,,,,,,,,
"[1] Congressional districts were assigned by using a commercial data file 
to match the ZIP code on the individual income tax return to its resulting 
congressional district.",,,,,,,,,,,,,,,,,,,,,,,,,,,,,,,,,,,,,,,,,,,,,,,,,,,,,,,,,,,,,,,,,,,,,,,,,,,,,,,,,,,,,,,,,,,,,,,,,,,,,,,,,,,,,,,,,,,,,,,,,,,,,,,,,,,,,,,,,,,,,,,,,,,,,,,
"[2] Beginning in 2018, personal exemption deductions were suspended 
for the primary, secondary, and dependent taxpayers. However, the 
data used to create the “Number of individuals”—filing status, dependent 
status indicator, and identifying dependent information—are still available 
on the Form 1040. This field is based on these data.",,,,,,,,,,,,,,,,,,,,,,,,,,,,,,,,,,,,,,,,,,,,,,,,,,,,,,,,,,,,,,,,,,,,,,,,,,,,,,,,,,,,,,,,,,,,,,,,,,,,,,,,,,,,,,,,,,,,,,,,,,,,,,,,,,,,,,,,,,,,,,,,,,,,,,,
"[3] The ""Number of volunteer prepared returns"" shows counts of 
returns prepared by IRS-certified volunteers to taxpayers with 
limited income, persons with disabilities, limited English speaking 
taxpayers, current and former members of the military, and 
taxpayers who are 60 years of age and older.",,,,,,,,,,,,,,,,,,,,,,,,,,,,,,,,,,,,,,,,,,,,,,,,,,,,,,,,,,,,,,,,,,,,,,,,,,,,,,,,,,,,,,,,,,,,,,,,,,,,,,,,,,,,,,,,,,,,,,,,,,,,,,,,,,,,,,,,,,,,,,,,,,,,,,,
"[4] These data do not distinguish between refund anticipation 
loans and refund advances.",,,,,,,,,,,,,,,,,,,,,,,,,,,,,,,,,,,,,,,,,,,,,,,,,,,,,,,,,,,,,,,,,,,,,,,,,,,,,,,,,,,,,,,,,,,,,,,,,,,,,,,,,,,,,,,,,,,,,,,,,,,,,,,,,,,,,,,,,,,,,,,,,,,,,,,
[5] Includes primary taxpayers 60 years of age or older.,,,,,,,,,,,,,,,,,,,,,,,,,,,,,,,,,,,,,,,,,,,,,,,,,,,,,,,,,,,,,,,,,,,,,,,,,,,,,,,,,,,,,,,,,,,,,,,,,,,,,,,,,,,,,,,,,,,,,,,,,,,,,,,,,,,,,,,,,,,,,,,,,,,,,,,
[6] Less deficit.,,,,,,,,,,,,,,,,,,,,,,,,,,,,,,,,,,,,,,,,,,,,,,,,,,,,,,,,,,,,,,,,,,,,,,,,,,,,,,,,,,,,,,,,,,,,,,,,,,,,,,,,,,,,,,,,,,,,,,,,,,,,,,,,,,,,,,,,,,,,,,,,,,,,,,,
"[7] ""Qualified dividends"" are ordinary dividends received 
in tax years beginning after 2002 that meet certain 
conditions and receive preferential tax rates. 
The maximum qualified dividends tax rate is 20%.",,,,,,,,,,,,,,,,,,,,,,,,,,,,,,,,,,,,,,,,,,,,,,,,,,,,,,,,,,,,,,,,,,,,,,,,,,,,,,,,,,,,,,,,,,,,,,,,,,,,,,,,,,,,,,,,,,,,,,,,,,,,,,,,,,,,,,,,,,,,,,,,,,,,,,,
"[8] Includes the Alaskan permanent fund, reported by 
residents of Alaska on Form 1040. This fund only applies 
to statistics in the totals, and the state of Alaska.",,,,,,,,,,,,,,,,,,,,,,,,,,,,,,,,,,,,,,,,,,,,,,,,,,,,,,,,,,,,,,,,,,,,,,,,,,,,,,,,,,,,,,,,,,,,,,,,,,,,,,,,,,,,,,,,,,,,,,,,,,,,,,,,,,,,,,,,,,,,,,,,,,,,,,,
"[9] ""Earned income credit"" includes both the refundable 
and non-refundable portions.  The non-refundable portion 
could reduce income tax and certain related taxes to zero. 
The earned income credit amounts in excess of total tax 
liability, or amounts when there was no tax liability at all, 
were refundable.  See footnote 10 below for explanation 
of the refundable portion of the earned income credit.",,,,,,,,,,,,,,,,,,,,,,,,,,,,,,,,,,,,,,,,,,,,,,,,,,,,,,,,,,,,,,,,,,,,,,,,,,,,,,,,,,,,,,,,,,,,,,,,,,,,,,,,,,,,,,,,,,,,,,,,,,,,,,,,,,,,,,,,,,,,,,,,,,,,,,,
"[10] The refundable portion of the ""earned income credit"" 
equals ""total income tax"" minus the ""earned income credit.""  
If the result is negative, this amount is considered the 
refundable portion.  No other refundable credits were 
taken into account for this calculation.",,,,,,,,,,,,,,,,,,,,,,,,,,,,,,,,,,,,,,,,,,,,,,,,,,,,,,,,,,,,,,,,,,,,,,,,,,,,,,,,,,,,,,,,,,,,,,,,,,,,,,,,,,,,,,,,,,,,,,,,,,,,,,,,,,,,,,,,,,,,,,,,,,,,,,,
"[11] ""Total tax liability"" differs from ""Income tax,"" in that
""Total tax liability"" includes the taxes from recapture of 
certain prior-year credits, tax applicable to individual 
retirement arrangements (IRA's), social security taxes 
on self-employment income and on certain tip income, 
advanced earned income payments, household
employment taxes, and certain ""other taxes"" listed 
in the Form 1040 instructions.",,,,,,,,,,,,,,,,,,,,,,,,,,,,,,,,,,,,,,,,,,,,,,,,,,,,,,,,,,,,,,,,,,,,,,,,,,,,,,,,,,,,,,,,,,,,,,,,,,,,,,,,,,,,,,,,,,,,,,,,,,,,,,,,,,,,,,,,,,,,,,,,,,,,,,,
"[12] Reflects payments to or withholdings made to 
""Total tax liability"".  This is the amount the tax filer 
owes when the income tax return is filed.",,,,,,,,,,,,,,,,,,,,,,,,,,,,,,,,,,,,,,,,,,,,,,,,,,,,,,,,,,,,,,,,,,,,,,,,,,,,,,,,,,,,,,,,,,,,,,,,,,,,,,,,,,,,,,,,,,,,,,,,,,,,,,,,,,,,,,,,,,,,,,,,,,,,,,,
"[13]  The amount of overpayments the tax filer requested to 
have refunded. ",,,,,,,,,,,,,,,,,,,,,,,,,,,,,,,,,,,,,,,,,,,,,,,,,,,,,,,,,,,,,,,,,,,,,,,,,,,,,,,,,,,,,,,,,,,,,,,,,,,,,,,,,,,,,,,,,,,,,,,,,,,,,,,,,,,,,,,,,,,,,,,,,,,,,,,
"NOTE: This table presents aggregates of all returns filed and
processed through the Individual Master File (IMF) system 
during Calendar Year 2019, including any returns filed for 
tax years preceding 2018.",,,,,,,,,,,,,,,,,,,,,,,,,,,,,,,,,,,,,,,,,,,,,,,,,,,,,,,,,,,,,,,,,,,,,,,,,,,,,,,,,,,,,,,,,,,,,,,,,,,,,,,,,,,,,,,,,,,,,,,,,,,,,,,,,,,,,,,,,,,,,,,,,,,,,,,
"This table is based on tax returns as initially processed by IRS
and does not reflect amended returns or errors that were
corrected after initial processing. In general, during administrative 
or Master File processing, taxpayer reporting discrepancies are 
corrected only to the extent necessary. These statistics should, 
therefore, be used with the knowledge that some of the 
data have not been perfected or edited for statistical purposes 
and that State totals in this table may not be altogether 
comparable to other State totals published by the IRS, 
Statistics of Income Division. ",,,,,,,,,,,,,,,,,,,,,,,,,,,,,,,,,,,,,,,,,,,,,,,,,,,,,,,,,,,,,,,,,,,,,,,,,,,,,,,,,,,,,,,,,,,,,,,,,,,,,,,,,,,,,,,,,,,,,,,,,,,,,,,,,,,,,,,,,,,,,,,,,,,,,,,
Detail may not add to totals because of rounding.,,,,,,,,,,,,,,,,,,,,,,,,,,,,,,,,,,,,,,,,,,,,,,,,,,,,,,,,,,,,,,,,,,,,,,,,,,,,,,,,,,,,,,,,,,,,,,,,,,,,,,,,,,,,,,,,,,,,,,,,,,,,,,,,,,,,,,,,,,,,,,,,,,,,,,,
"SOURCE: IRS, Statistics of Income Division, 
Individual Master File System, September 2020.",,,,,,,,,,,,,,,,,,,,,,,,,,,,,,,,,,,,,,,,,,,,,,,,,,,,,,,,,,,,,,,,,,,,,,,,,,,,,,,,,,,,,,,,,,,,,,,,,,,,,,,,,,,,,,,,,,,,,,,,,,,,,,,,,,,,,,,,,,,,,,,,,,,,,,,
