MISSOURI,,,,,,,,,,,,,,,,,,,,,,,,,,,,,,,,,,,,,,,,,,,,,,,,,,,,,,,,,,,,,,,,,,,,,,,,,,,,,,,,,,,,,,,,,,,,,,,,,,,,,,,,,,,,,,,,,,,,,,,,,,,,,,,,,,,,,,,,,,,,,,,,,,,,,,,
"Individual Income Tax Returns: 
Selected Income and Tax Items by State, 
Congressional district, and Size of Adjusted Gross Income, 
Tax Year 2018                                                                                                                                                                                                                                                                                                                                            ",,,,,,,,,,,,,,,,,,,,,,,,,,,,,,,,,,,,,,,,,,,,,,,,,,,,,,,,,,,,,,,,,,,,,,,,,,,,,,,,,,,,,,,,,,,,,,,,,,,,,,,,,,,,,,,,,,,,,,,,,,,,,,,,,,,,,,,,,,,,,,,,,,,,,,,
[Money amounts are in thousands of dollars],,,,,,,,,,,,,,,,,,,,,,,,,,,,,,,,,,,,,,,,,,,,,,,,,,,,,,,,,,,,,,,,,,,,,,,,,,,,,,,,,,,,,,,,,,,,,,,,,,,,,,,,,,,,,,,,,,,,,,,,,,,,,,,,,,,,,,,,,,,,,,,,,,,,,,,
"Congressional
district [1]",Size of adjusted gross income by congressional district,Number of returns,Number of single returns,Number of joint returns,Number of head of household returns,Number of electronically filed returns,Number of computer prepared paper returns,Number with paid preparer's signature,Number of returns with direct deposit,"Number of 
individuals [2]",Number of dependents,Number of volunteer prepared returns [3],,,,Number of refund anticipation check returns [4],Number of elderly returns [5],Adjusted gross income (AGI) [6],Total income,,Salaries and wages in AGI,,Taxable interest,,Ordinary dividends,,Qualified dividends [7],,"State and local income tax refunds
",,"Business or profession
net income (less loss)",,Net capital gain (less loss) in AGI,,"Taxable IRA, pensions and annuities",,"Number of 
farm returns",Unemployment compensation [8],,Taxable Social Security benefits,,Partnership/S-corp net income (less loss),,Total statuory adjustments,,Educator expenses,,Self-employed (Keogh) retirement plans,,Self-employed health insurance deduction,,Individual retirement arrangement payments,,Student loan interest deduction,,Total standard deduction,,Basic standard deduction,,Additional standard deduction,,Total itemized deductions,,,"Total medical and dental 
expenses deduction",,State and local income taxes,,State and local general sales taxes,,Real estate taxes,,Personal property taxes,,Limited state and local taxes paid,,Total taxes paid,,Home mortgage interest paid ,,"Home mortgage interest paid 
to personal seller",,Deductible points,,Investment interest paid,,Total charitable contributions,,Other non-limited miscellaneous deduction,,"Qualified business income deduction
",,Taxable income,,Income tax before credits,,Alternative minimum tax,,"Excess advance 
premium tax credit repayment",,Total tax credits,,Foreign tax credit,,Child and dependent care credit,,Nonrefundable education credit,,Retirement savings contributions credit,,Child and other dependent credit,,Residential energy tax credit,,Self-employment tax,,Total premium tax credit,,Advance premium tax credit,,"Health care individual 
responsibility payment",,Total tax payments,,Earned income credit [9],,"Excess earned income credit 
(refundable) [10]",,Additional child tax credit,,Refundable education credit,,Net premium tax credit,,Income tax after credits,,Total tax liability [11],,Total additional Medicare tax,,Net investment income tax,,Tax due at time of filing [12],,Total overpayments,,Overpayments refunded [13],,Credited to next year's estimated tax,,
,,,,,,,,,,,,Total,Number of volunteer income tax assistance (VITA) prepared returns,Number of tax counseling for the elderly (TCE) prepared returns,"Number of volunteer prepared 
returns with
Earned Income Credit",,,,Number of returns,Amount,Number of returns,Amount,Number of returns,Amount,Number of returns,Amount,Number of returns,Amount,Number of returns,Amount,Number of returns,Amount,Number of returns,Amount,Number of returns,Amount,,Number of returns,Amount,Number of returns,Amount,Number of returns,Amount,Number of returns,Amount,Number of returns,Amount,Number of returns,Amount,Number of returns,Amount,Number of returns,Amount,Number of returns,Amount,Number of returns,Amount,Number of returns,Amount,Number of returns,Amount,Number of returns,Amount,Amount of AGI,Number of returns,Amount,Number of returns,Amount,Number of returns,Amount,Number of returns,Amount,Number of returns,Amount,Number of returns,Amount,Number of returns,Amount,Number of returns,Amount,Number of returns,Amount,Number of returns,Amount,Number of returns,Amount,Number of returns,Amount,Number of returns,Amount,Number of returns,Amount,Number of returns,Amount,Number of returns,Amount,Number of returns,Amount,Number of returns,Amount,Number of returns,Amount,Number of returns,Amount,Number of returns,Amount,Number of returns,Amount,Number of returns,Amount,Number of returns,Amount,Number of returns,Amount,Number of returns,Amount,Number of returns,Amount,Number of returns,Amount,Number of returns,Amount,Number of returns,Amount,Number of returns,Amount,Number of returns,Amount,Number of returns,Amount,Number of returns,Amount,Number of returns,Amount,Number of returns,Amount,Number of returns,Amount,Number of returns,Amount,Number of returns,Amount,Number of returns,Amount,Number of returns,Amount,Number of returns,Amount,Number of returns,Amount,
,,(1),(2),(3),(4),(5),(6),(7),(8),(9),(10),(11),(12),(13),(14),(15),(16),(17),(18),(19),(20),(21),(22),(23),(24),(25),(26),(27),(28),(29),(30),(31),(32),(33),(34),(35),(36),(37),(38),(39),(40),(41),(42),(43),(44),(45),(46),(47),(48),(49),(50),(51),(52),(53),(54),(55),(56),(57),(58),(59),(60),(61),(62),(63),(64),(65),(66),(67),(68),(69),(70),(71),(72),(73),(74),(75),(76),(77),(78),(79),(80),(81),(82),(83),(84),(85),(86),(87),(88),(89),(90),(91),(92),(93),(94),(95),(96),(97),(98),(99),(100),(101),(102),(103),(104),(105),(106),(107),(108),(109),(110),(111),(112),(113),(114),(115),(116),(117),(118),(119),(120),(121),(122),(123),(124),(125),(126),(127),(128),(129),(130),(131),(132),(133),(134),(135),(136),(137),(138),(139),(140),(141),(142),(143),(144),(145),(146),(147),(148),(149),
00,Total,"2,776,090","1,304,770","1,056,570","356,690","2,521,240","133,450","1,392,480","1,723,700","5,255,570","1,607,090","75,490","28,540","47,000","5,690","363,990","754,020","178,403,433","2,766,950","180,562,699","2,271,360","123,840,258","849,400","1,473,105","526,250","4,247,921","493,750","3,335,619","382,020","496,560","423,580","4,980,197","471,210","9,861,780","711,030","19,504,649","91,960","82,670","230,135","435,400","6,118,199","147,800","9,816,406","660,680","2,159,266","63,380","16,332","13,280","293,325","77,580","552,525","39,170","189,879","252,620","273,872","2,522,090","43,182,990","2,522,090","42,250,450","478,560","932,164","215,560","7,598,835","48,097,051","66,930","1,241,405","180,210","1,994,645","31,180","49,531","188,500","883,350","163,150","128,358","200,020","1,502,364","214,230","1,660,877","157,040","1,511,635","2,890","16,525","5,960","3,318","10,890","148,833","182,240","2,556,909","12,850","324,311","324,770","2,147,889","2,144,650","131,287,724","2,132,980","22,175,495","2,420","32,734","56,190","71,152","1,009,110","1,980,377","155,060","95,635","122,890","67,799","155,270","154,083","207,950","38,406","684,740","1,470,623","6,550","19,908","326,510","977,754","112,900","987,634","122,810","1,067,873","63,660","49,961","2,603,710","26,044,383","481,070","1,176,385","428,090","1,048,479","370,910","666,144","118,070","100,986","39,890","32,783","1,825,690","20,183,002","1,982,980","21,712,814","50,160","101,917","61,450","267,071","524,660","2,418,189","2,136,830","6,702,068","2,087,950","5,741,404","64,600","934,384",
00,Under $1,"38,250","21,230","14,870","1,160","28,450","5,590","26,340","8,870","60,270","8,740",140,80,60,0,800,"21,250","-2,769,022","29,110","-2,739,933","8,320","284,037","13,770","47,570","7,640","47,060","6,940","33,096",980,"3,211","13,560","-171,348","11,340","178,817","8,180","112,453","8,260",70,174,0,0,"6,220","-551,118","7,470","29,089",20,4,20,83,"2,350","12,389",60,272,"1,180","1,286",0,0,0,0,0,0,0,0,0,0,0,0,0,0,0,0,0,0,0,0,0,0,0,0,0,0,0,0,0,0,0,0,0,0,0,0,0,0,0,810,"2,334",20,"1,358",700,193,50,99,0,0,0,0,0,0,0,0,20,27,0,0,"4,540","10,303","4,830","57,144","5,080","56,846",0,0,"17,100","74,092","2,680","3,061","1,480","1,901","1,100","2,285","1,090",970,"2,950","3,213",700,"2,061","6,110","14,569",110,142,0,0,"3,640","5,445","15,470","64,854","14,720","53,816",890,"7,855",
00,"$1 under $10,000","380,730","313,870","32,270","30,140","336,690","22,650","154,520","196,250","356,410","72,430","30,390","9,480","20,930","2,500","34,160","94,850","1,904,076","380,730","1,941,062","272,660","1,511,594","64,340","28,156","33,900","37,808","30,630","24,432","2,450","1,513","42,650","123,967","28,410","24,351","57,600","284,498","5,960","3,990","9,680",870,"3,475","3,950","-12,424","41,030","36,986",390,83,30,243,"4,010","12,729",520,"1,725","4,590","3,983","377,220","4,253,805","377,220","4,117,762","75,820","136,043","3,430","77,054","17,402","2,850","53,469",870,"1,505","1,780","1,072","1,860","6,168","1,530",609,"2,800","7,578","3,120","8,769","1,230","8,766",0,0,0,0,70,102,"1,660","2,385",0,0,520,149,"10,480","19,584","8,700","2,241",0,0,"3,340","1,131","1,690",256,950,33,0,0,90,26,0,0,340,128,0,0,"34,770","25,822","14,550","137,857","15,180","140,042",0,0,"301,860","259,416","106,220","118,295","94,710","107,507","33,330","22,022","9,810","8,267","6,710","4,167","7,950","1,959","45,390","29,023",0,0,0,0,"25,480","12,301","287,840","242,707","286,780","240,582","1,380","1,650",
00,"$10,000 under $25,000","571,290","352,830","82,540","124,930","521,690","24,830","254,510","413,880","904,940","296,300","19,800","7,880","11,930","2,130","119,100","130,810","9,864,187","571,290","9,995,946","455,090","7,628,124","91,150","67,133","49,530","100,104","45,640","64,651","8,090","5,040","86,610","638,069","42,290","94,742","113,370","1,320,494","11,820","18,590","52,647","52,130","95,938","8,780","13,784","99,820","131,759","3,000",685,200,"1,124","8,710","28,368","2,780","8,811","23,630","20,308","562,040","8,535,064","562,040","8,350,078","98,830","184,985","9,230","223,067","166,316","7,530","143,122","3,460","5,012","4,730","3,593","5,670","15,921","5,070","2,323","7,830","22,814","8,830","25,776","3,870","25,428",0,0,60,14,100,134,"5,690","19,433",410,"3,473","27,080","17,768","356,910","1,989,451","354,340","203,294",60,175,"14,970","5,554","135,520","44,500","4,720",207,"7,530","2,534","25,660","12,187","49,130","7,989","60,180","21,291",190,87,"71,010","118,061","43,240","361,295","44,420","366,555","16,530","9,082","533,610","1,581,011","207,040","690,965","186,080","622,517","142,900","250,107","24,610","20,184","16,770","11,483","261,180","158,794","321,480","289,346",0,0,0,0,"50,000","51,701","500,860","1,341,702","498,360","1,335,291","3,550","5,932",
00,"$25,000 under $50,000","682,090","356,990","170,660","131,750","623,910","28,330","316,010","490,030","1,236,360","389,120","16,200","7,580","8,640","1,060","123,860","154,580","24,717,316","682,090","24,994,892","587,530","20,092,989","144,340","109,188","79,340","193,751","73,890","129,968","38,120","22,324","83,610","684,462","68,110","226,455","148,740","2,687,886","18,020","23,470","65,008","120,660","822,541","16,200","88,339","151,880","277,576","14,540","3,495",670,"4,541","13,260","57,632","8,980","33,784","74,720","76,965","659,860","10,783,476","659,860","10,585,068","101,630","198,409","22,230","531,326","849,026","15,010","261,452","14,130","25,588","7,100","7,864","15,410","43,554","14,430","8,850","19,340","71,994","21,890","81,832","11,870","78,453",250,"1,204",390,216,370,931,"16,370","84,098","1,110","11,622","65,510","99,539","675,140","13,240,663","669,190","1,441,457",0,0,"24,160","19,157","303,400","342,431","17,760","1,053","26,340","15,235","43,400","41,780","121,490","24,222","200,560","257,042","1,610","1,686","61,170","142,172","39,550","327,693","41,120","347,841","29,720","19,511","662,870","2,679,120","160,150","362,019","142,230","315,112","146,870","304,249","24,830","20,269","11,220","11,155","505,780","1,099,027","543,710","1,271,494",80,93,0,0,"99,170","140,382","578,230","1,542,688","573,240","1,529,189","7,150","13,305",
00,"$50,000 under $75,000","394,530","150,440","191,610","41,300","360,200","17,520","211,240","255,320","830,210","244,960","5,440","2,120","3,340",0,"46,770","117,350","24,279,259","394,530","24,543,582","334,930","18,389,511","134,880","120,655","78,580","262,858","73,620","182,846","62,910","43,974","59,240","555,004","68,880","336,670","120,850","3,166,135","15,370","15,300","41,374","92,580","1,398,041","17,350","154,800","114,520","264,323","12,300","3,214",750,"6,421","10,320","58,752","8,380","37,467","58,640","66,561","364,740","6,927,414","364,740","6,782,415","74,430","144,999","29,780","703,703","1,870,665","14,290","248,576","23,760","65,411","5,510","7,910","24,820","74,133","21,730","13,189","26,890","139,007","29,620","151,756","20,360","138,631",430,"2,023",690,497,470,789,"23,450","129,567","1,560","18,963","55,600","133,041","393,510","16,457,851","392,300","1,984,825",0,0,"8,390","20,649","175,560","377,198","22,870","1,964","20,880","11,321","28,280","31,084","37,330","6,195","130,690","319,181","1,570","3,450","43,980","116,984","8,710","86,603","11,520","109,753","10,480","9,641","387,130","2,377,422","4,980","2,045","3,590","1,442","38,580","73,168","16,770","14,328","1,980","2,469","351,980","1,607,628","364,740","1,747,297",20,8,0,0,"90,300","189,637","302,930","813,630","296,930","794,826","8,330","18,028",
00,"$75,000 under $100,000","255,290","56,100","180,130","14,830","233,850","11,280","145,920","159,090","621,150","186,030","2,050",770,"1,260",0,"21,570","84,380","22,115,250","255,290","22,336,216","218,000","16,241,597","114,050","116,086","70,020","285,433","65,740","204,161","65,250","54,372","43,590","470,910","61,060","403,834","91,980","3,102,000","11,610","9,700","26,604","65,770","1,303,535","16,500","205,860","80,330","220,966","11,660","3,178",860,"8,463","7,970","52,069","6,180","32,122","37,620","44,536","226,360","4,929,365","226,360","4,823,099","51,980","106,267","28,940","718,446","2,522,851","10,090","182,521","25,500","98,820","3,130","5,612","26,000","84,412","22,330","13,693","26,730","178,315","28,860","191,133","21,900","160,205",370,"1,769",670,489,550,"1,145","23,580","146,358","1,540","21,438","45,520","136,198","254,930","16,291,181","254,350","2,047,213",80,168,"2,810","11,327","121,800","338,028","21,920","2,469","21,080","12,325","22,560","25,946",0,0,"98,350","287,875","1,080","3,602","32,780","95,980","1,810","15,658","3,440","30,200","3,740","4,661","251,950","2,250,122",0,0,0,0,"7,000","11,736","14,080","12,303",260,296,"246,650","1,709,188","249,350","1,824,846",0,0,0,0,"65,510","175,162","189,190","596,336","183,350","575,714","7,840","19,688",
00,"$100,000 under $200,000","345,680","42,690","289,720","10,330","316,640","17,180","204,640","171,750","935,500","300,360","1,470",630,840,0,"16,390","112,490","46,370,449","345,680","46,861,143","301,140","33,716,907","199,310","269,945","134,720","821,608","127,370","619,733","152,550","158,346","66,740","1,098,343","120,330","1,358,952","130,760","6,054,810","15,460","10,370","30,466","80,480","1,859,020","39,630","969,393","125,010","490,694","18,810","5,012","3,810","55,171","15,380","131,347","10,400","57,565","52,240","60,233","277,320","6,459,834","277,320","6,329,299","61,450","130,536","68,370","2,027,714","9,700,800","14,600","272,724","64,350","422,279","3,720","8,562","64,090","259,625","55,340","41,399","64,420","569,345","68,310","606,081","55,080","503,043",990,"4,936","2,080","1,401","2,430","9,860","60,710","529,832","3,920","80,951","82,460","419,444","345,500","37,407,389","345,140","5,555,886",220,891,"1,690","12,128","196,300","563,975","48,390","9,318","36,770","20,994","35,280","43,060",0,0,"154,610","462,618","1,620","7,683","51,010","208,791",210,"1,384","1,880","15,336","2,710","5,247","342,120","5,551,214",0,0,0,0,"1,130","2,577","26,880","24,665",0,0,"343,390","4,991,914","344,040","5,245,340","1,960",577,630,183,"133,790","548,147","211,260","845,631","198,680","750,449","16,880","87,884",
00,"$200,000 under $500,000","88,490","8,640","77,510","1,850","81,480","4,910","61,990","25,810","254,070","88,420",0,0,0,0,"1,340","30,770","25,102,223","88,490","25,507,468","76,910","16,076,447","69,000","216,881","56,060","864,819","53,850","694,995","41,910","81,389","21,740","998,138","54,000","1,713,249","33,360","2,287,475","4,270","1,150","4,032","19,010","516,424","26,930","2,164,221","30,380","405,245","2,580",641,"4,480","119,216","10,440","125,399","1,540","14,667",0,0,"48,950","1,162,120","48,950","1,134,869","12,710","27,234","39,530","1,546,617","11,741,511","2,460","72,539","36,390","544,975","2,990","8,142","37,360","234,328","31,690","31,759","38,280","376,819","39,520","402,137","32,490","418,659",650,"4,078","1,520",615,"3,550","23,341","37,140","509,055","2,640","93,612","37,220","508,024","88,450","21,872,021","88,430","4,249,794",890,"5,766",130,"1,013","61,220","183,189","27,150","18,366","9,080","4,717",0,0,0,0,"39,890","122,339",440,"2,943","20,220","151,851",0,0,170,"1,300",460,"1,656","87,510","4,243,851",0,0,0,0,0,0,0,0,0,0,"88,340","4,066,381","88,430","4,318,051","34,620","26,225","43,250","48,346","46,710","539,083","41,550","458,136","31,910","281,696","12,230","174,388",
00,"$500,000 or more","19,740","1,980","17,260",400,"18,330","1,160","17,310","2,700","56,660","20,730",0,0,0,0,0,"7,540","26,819,695","19,740","27,122,323","16,780","9,899,052","18,560","497,491","16,460","1,634,480","16,070","1,381,737","9,760","126,391","5,840","582,652","16,790","5,524,710","6,190","488,898","1,190",30,150,"3,900","119,225","12,240","6,783,551","10,240","302,628",80,20,"2,460","98,063","5,140","73,840",330,"3,466",0,0,"5,600","131,912","5,600","127,860","1,710","3,691","14,050","1,770,908","21,228,480",100,"7,002","11,750","831,055","2,220","6,776","13,290","165,209","11,030","16,536","13,730","136,492","14,080","193,393","10,240","178,450",200,"2,515",550,86,"3,350","112,531","13,640","1,136,181","1,670","94,252","10,860","833,726","19,730","24,009,584","19,720","6,688,451","1,150","24,376",0,0,"13,570","130,701","11,300","62,225","1,210",673,0,0,0,0,100,122,40,457,"7,030","107,790",0,0,0,0,20,163,"19,560","7,028,135",0,0,0,0,0,0,0,0,0,0,"19,720","6,546,050","19,730","6,972,848","13,370","74,872","17,570","218,542","10,060","756,331","9,500","796,384","3,980","179,841","6,350","605,654",
,,,,,,,,,,,,,,,,,,,,,,,,,,,,,,,,,,,,,,,,,,,,,,,,,,,,,,,,,,,,,,,,,,,,,,,,,,,,,,,,,,,,,,,,,,,,,,,,,,,,,,,,,,,,,,,,,,,,,,,,,,,,,,,,,,,,,,,,,,,,,,,,,,,,,,,
01,,"336,910","186,360","67,670","74,680","296,130","19,860","132,850","219,300","574,630","185,880","16,170","9,290","6,900","1,850","64,220","76,040","17,704,280","335,630","17,907,522","286,230","13,375,576","68,600","125,353","47,250","396,163","43,910","317,273","37,920","44,083","52,100","413,583","38,810","697,650","68,830","1,688,154",360,"9,230","29,025","37,590","497,835","9,460","553,792","74,680","203,242","6,170","1,527","1,560","34,667","5,390","33,245","3,930","15,338","32,580","38,084","306,970","4,760,462","306,970","4,678,846","44,940","81,614","26,760","841,580","4,848,537","9,050","144,173","23,020","205,620","3,180","5,804","22,080","98,334","19,220","14,310","24,050","167,806","26,580","187,973","19,070","156,176",340,"2,066",630,435,"1,000","19,165","23,170","293,325","1,670","30,816","27,150","122,237","254,800","12,597,723","254,370","2,121,517",280,"3,351","7,220","7,317","113,310","168,222","14,360","12,176","12,490","6,781","20,010","19,283","26,060","4,540","73,140","113,205",740,"1,125","35,180","92,381","16,760","100,213","18,150","109,290","6,720","4,731","319,300","2,680,703","85,230","229,204","78,530","208,790","61,460","105,433","16,770","14,936","4,350","3,193","207,660","1,953,216","228,020","2,096,517","5,030","11,412","5,600","24,304","57,730","211,097","267,240","790,763","263,650","721,505","4,710","69,258",
01,Under $1,"3,190","2,360",540,150,"1,910",700,"1,450",780,"4,050",470,30,30,**,0,150,"1,380","-244,701","1,910","-242,574",610,"19,848",600,"2,405",440,"2,585",400,"1,998",70,172,"1,160","-17,372",580,"7,092",340,"5,145",**,**,**,**,**,360,"-53,150",490,"2,127",**,**,**,**,130,650,**,**,150,187,0,0,0,0,0,0,0,0,0,0,0,0,0,0,0,0,0,0,0,0,0,0,0,0,0,0,0,0,0,0,0,0,0,0,0,0,0,0,0,80,122,**,**,70,18,**,**,0,0,0,0,0,0,0,0,**,**,0,0,270,683,410,"3,246",430,"3,214",0,0,"1,370","5,215",220,209,130,149,70,134,210,195,210,229,70,33,400,969,**,**,0,0,220,345,"1,260","4,589","1,210","4,066",70,523,
01,"$1 under $10,000","46,420","38,510","1,860","5,490","40,150","3,010","15,070","25,380","48,880","11,000","6,440","3,090","3,350",700,"6,520","11,540","237,033","46,420","241,004","33,170","195,087","5,320","1,692","3,240","3,222","2,560","2,168",360,199,"5,590","9,515","2,050","1,315","6,650","32,417",**,750,"1,910",120,551,270,"-1,399","4,870","3,971",90,21,**,**,330,856,100,259,690,679,"45,990","536,496","45,990","522,023","8,540","14,473",420,"7,685","2,253",330,"4,635",160,158,180,108,240,779,200,101,340,960,390,"1,096",180,"1,190",0,0,**,**,20,41,240,410,**,**,40,29,770,"1,594",830,226,0,0,360,119,190,45,80,3,0,0,30,9,**,**,60,21,0,0,"4,070","3,051","2,070","13,543","2,190","13,987",**,**,"37,210","38,829","17,920","20,342","16,340","18,751","5,570","3,799","1,860","1,642",720,405,730,191,"5,160","3,409",0,0,0,0,"2,660","1,309","35,540","36,761","35,450","36,622",120,139,
01,"$10,000 under $25,000","87,640","49,480","5,490","31,360","78,660","4,230","33,510","67,370","152,590","63,790","4,090","2,570","1,520",740,"25,970","15,050","1,503,454","87,640","1,522,263","73,930","1,249,136","7,400","4,052","4,300","8,031","3,930","5,398","1,270",761,"17,280","84,982","3,310","6,768","13,010","145,316",40,"3,320","10,404","5,590","10,590",610,"1,062","16,830","18,809",580,132,50,274,730,"1,694",430,"1,198","3,440","3,354","86,250","1,283,927","86,250","1,265,615","10,480","18,312","1,390","28,079","25,447","1,100","15,342",760,974,490,410,820,"2,301",800,456,"1,120","3,341","1,340","3,887",650,"3,589",**,**,**,**,**,**,"1,000","4,068",90,715,"4,000","2,531","55,200","294,926","55,100","30,331",30,140,"2,050",729,"25,450","8,707",440,23,"1,510",484,"4,740","2,207","7,450","1,260","13,660","4,692",60,25,"12,640","19,692","7,620","45,655","7,880","46,766","2,060","1,149","84,210","297,861","42,640","154,994","39,640","140,686","31,610","54,821","5,560","5,033","2,140","1,366","35,310","21,624","46,670","42,866",0,0,0,0,"6,930","6,795","79,200","261,511","78,990","261,104",300,407,
01,"$25,000 under $50,000","96,580","55,000","10,980","27,330","85,020","5,210","33,900","69,000","163,050","56,130","3,950","2,600","1,360",410,"21,760","17,610","3,465,477","96,580","3,499,263","87,540","3,038,756","13,210","7,067","7,890","16,881","7,300","11,670","6,100","3,669","11,050","33,468","6,150","15,433","16,840","283,271",40,"2,840","9,105","11,270","78,706","1,150","6,532","20,350","33,786","1,970",465,100,722,"1,040","3,736","1,310","4,174","12,320","13,937","92,260","1,388,559","92,260","1,370,397","10,030","18,161","4,320","93,985","165,424","2,870","38,929","3,370","5,544",780,"1,237","2,680","7,198","2,830","2,319","3,650","13,266","4,270","15,862","2,260","12,004",60,313,70,65,40,116,"3,650","22,553",270,"2,164","6,060","8,851","95,950","1,955,699","95,610","216,329",0,0,"3,500","2,603","44,190","51,912","1,740",131,"4,650","2,880","8,400","8,904","16,410","2,915","30,040","36,609",290,275,"5,950","12,717","5,800","31,395","6,080","34,712","3,320","2,015","94,570","370,520","24,230","53,571","22,260","49,138","21,440","41,739","5,030","4,346","1,120",969,"71,740","164,417","75,170","180,321",40,66,0,0,"15,140","20,944","81,130","210,149","80,760","209,254",530,895,
01,"$50,000 under $75,000","44,270","24,040","11,700","6,810","38,540","2,870","18,370","27,890","75,110","19,260","1,090",640,450,0,"5,980","11,510","2,699,990","44,270","2,726,024","39,160","2,189,648","11,780","8,184","7,750","22,920","7,290","16,475","8,150","5,834","5,640","35,474","6,230","23,888","11,570","296,448",50,"1,060","3,241","7,970","121,718","1,100","8,910","13,040","26,034","1,290",315,100,934,650,"3,133",910,"3,534","8,420","10,432","39,400","646,533","39,400","634,537","6,560","11,995","4,870","108,961","304,241","2,180","31,650","4,230","11,850",560,"1,030","3,880","10,757","3,480","2,361","4,260","22,199","4,850","24,918","3,410","19,916",60,313,100,97,40,45,"4,150","27,033",320,"2,959","4,330","8,887","44,160","1,925,466","44,100","242,870",**,**,830,"1,951","15,760","29,329","2,230",199,"1,710",935,"3,200","3,703","2,200",365,"11,190","23,506",200,315,"3,480","8,623",690,"5,147","1,090","7,343",850,760,"43,640","279,414",220,88,160,66,"2,370","4,257","1,740","1,575",140,200,"41,600","213,541","42,250","224,166",**,**,0,0,"10,760","21,984","33,440","76,313","33,060","75,126",540,"1,187",
01,"$75,000 under $100,000","22,630","8,910","10,960","2,120","19,760","1,490","10,600","13,370","44,710","11,150",340,210,130,0,"2,140","7,090","1,950,048","22,630","1,967,031","19,910","1,499,523","8,700","7,114","6,150","23,497","5,770","17,142","6,370","5,440","3,520","32,853","5,030","30,027","7,520","246,549",60,530,"1,828","4,960","96,733",990,"12,064","6,250","16,983",860,225,110,"1,042",510,"3,086",440,"2,246","3,160","3,809","18,620","361,074","18,620","353,534","3,910","7,540","4,020","93,751","347,904","1,120","18,956","3,710","14,932",280,553,"3,590","11,262","2,980","1,875","3,660","25,069","4,000","27,322","3,190","20,799",50,332,80,69,50,77,"3,410","22,274",240,"2,856","3,260","8,558","22,580","1,481,151","22,550","202,750",**,**,270,"1,014","8,650","19,324","1,980",278,"1,260",707,"1,570","1,911",0,0,"6,370","15,857",80,155,"2,350","6,928",140,"1,049",310,"2,127",250,320,"22,390","219,669",0,0,0,0,350,562,930,815,20,24,"22,170","183,426","22,300","191,897",**,**,0,0,"6,420","17,049","16,160","44,322","15,790","42,957",490,"1,365",
01,"$100,000 under $200,000","27,050","6,450","18,940","1,190","23,840","1,750","13,600","13,100","62,440","16,480",230,150,90,0,"1,550","8,590","3,611,554","27,050","3,646,183","24,050","2,722,699","14,260","17,033","10,960","69,215","10,340","53,748","11,390","11,640","5,280","81,791","9,300","94,573","9,610","431,327",90,640,"2,212","5,770","133,861","2,250","50,479","9,370","34,629","1,190",321,360,"5,465",890,"6,693",650,"3,188","4,400","5,686","20,210","446,038","20,210","437,353","4,260","8,685","6,850","191,430","947,444","1,210","23,712","6,500","44,113",310,702,"6,300","25,616","5,190","3,617","6,310","56,277","6,840","61,197","5,480","44,239",90,514,180,131,210,"1,071","6,070","51,842",400,"7,846","5,660","23,590","27,020","2,943,672","26,990","456,794",30,103,140,883,"12,880","30,786","4,110",934,"2,280","1,240","2,070","2,549",0,0,"9,050","24,349",90,196,"3,820","14,935",30,178,170,"1,141",200,365,"26,840","461,014",0,0,0,0,50,121,"1,440","1,330",0,0,"26,930","426,008","26,950","444,393",290,100,120,33,"10,760","43,744","16,240","59,618","15,390","53,887","1,110","5,731",
01,"$200,000 under $500,000","7,420","1,350","5,810",180,"6,690",480,"4,880","2,170","19,050","5,860",**,**,**,0,150,"2,610","2,129,366","7,420","2,166,543","6,430","1,420,265","5,720","15,349","5,010","93,069","4,840","75,629","3,360","6,060","2,020","87,894","4,680","139,156","2,730","198,512",50,90,325,"1,590","45,335","1,810","132,721","2,580","37,177",190,48,530,"13,969",730,"8,159",90,739,0,0,"3,830","88,406","3,830","86,231","1,030","2,175","3,590","136,704","1,079,949",210,"8,539","3,250","51,519",330,921,"3,340","23,302","2,740","2,250","3,440","34,029","3,590","37,003","2,920","37,112",50,348,130,61,320,"2,043","3,390","44,303",210,"6,430","2,970","27,399","7,410","1,875,903","7,400","374,833",100,"1,142",**,**,"4,920","14,716","2,690","2,598",920,448,0,0,0,0,"2,770","8,171",20,159,"1,880","13,982",0,0,**,**,40,122,"7,370","377,368",0,0,0,0,0,0,0,0,0,0,"7,400","360,117","7,410","383,288","3,410","2,740","3,940","4,619","3,940","42,970","3,460","36,444","2,660","22,781","1,010","13,663",
01,"$500,000 or more","1,710",260,"1,390",50,"1,560",120,"1,470",240,"4,750","1,740",0,0,0,0,**,660,"2,352,059","1,710","2,381,785","1,430","1,040,614","1,610","62,457","1,510","156,743","1,480","133,045",850,"10,308",560,"64,978","1,480","379,398",560,"49,169",30,**,**,320,"10,341",920,"396,573",900,"29,726",**,**,310,"12,261",380,"5,238",**,**,0,0,410,"9,429",410,"9,156",130,273,"1,300","180,985","1,975,875",30,"2,410","1,040","76,530",250,843,"1,230","17,119","1,000","1,331","1,270","12,665","1,300","16,688",980,"17,327",30,246,70,12,320,"15,772","1,260","120,842",140,"7,846",830,"42,392","1,710","2,119,312","1,710","597,262",120,"1,966",**,**,"1,270","13,403","1,090","8,010",160,87,0,0,0,0,**,**,**,**,720,"11,770",0,0,**,**,**,**,"1,700","630,813",0,0,0,0,0,0,0,0,0,0,"1,710","583,859","1,710","625,208","1,290","8,506","1,540","19,652",900,"55,957",810,"61,056",340,"15,708",540,"45,348",
,,,,,,,,,,,,,,,,,,,,,,,,,,,,,,,,,,,,,,,,,,,,,,,,,,,,,,,,,,,,,,,,,,,,,,,,,,,,,,,,,,,,,,,,,,,,,,,,,,,,,,,,,,,,,,,,,,,,,,,,,,,,,,,,,,,,,,,,,,,,,,,,,,,,,,,
02,,"390,010","183,470","169,350","29,950","342,790","26,810","193,860","202,160","735,570","211,390","7,060","1,820","5,250",220,"27,560","124,320","43,320,477","388,830","43,902,904","309,930","26,758,573","173,940","485,740","139,170","1,867,941","132,130","1,493,230","92,680","161,995","62,740","1,296,824","121,440","4,156,559","118,820","4,149,194","1,400","7,480","24,128","78,230","1,361,299","33,750","3,768,640","105,050","582,427","10,770","2,746","5,300","133,635","16,230","145,667","7,760","43,003","37,580","42,512","323,900","5,572,470","323,900","5,426,414","73,700","146,058","61,810","2,475,300","19,288,183","16,910","351,592","51,480","765,175","9,380","17,026","56,080","366,369","48,360","37,370","58,390","487,243","61,470","546,300","46,800","522,329",810,"6,163","2,160",966,"4,700","76,941","54,570","874,774","3,580","89,783","65,190","620,367","323,310","35,607,629","318,800","7,058,479","1,050","15,886","7,640","11,569","159,840","390,522","50,980","55,356","21,600","11,925","23,470","25,706","16,430","3,047","98,240","245,566",580,"1,720","50,850","231,157","14,370","104,591","15,980","115,926","5,620","4,699","366,470","7,617,766","29,870","61,040","24,740","50,754","22,140","38,528","17,190","15,475","5,180","4,953","296,120","6,667,957","310,690","7,115,358","21,830","52,332","25,280","133,408","100,190","708,359","274,340","1,201,893","260,520","778,608","17,840","417,134",
02,Under $1,"4,320","2,640","1,400",160,"2,920",840,"2,730",930,"6,510","1,210",**,**,**,0,80,"2,130","-684,184","3,140","-678,902","1,200","67,543","1,610","17,395","1,340","19,622","1,240","14,389",230,"1,651","1,440","-36,367","1,730","66,091",780,"18,356",50,20,78,**,**,"1,010","-167,309",920,"5,282",20,4,**,**,310,"2,196",30,167,210,246,0,0,0,0,0,0,0,0,0,0,0,0,0,0,0,0,0,0,0,0,0,0,0,0,0,0,0,0,0,0,0,0,0,0,0,0,0,0,0,100,"1,717",20,"1,358",70,35,30,90,0,0,0,0,0,0,0,0,20,27,0,0,540,"1,771",470,"4,457",500,"4,471",0,0,"1,930","20,142",270,393,160,260,230,510,170,168,280,373,80,"1,627",710,"4,039",60,71,0,0,340,944,"1,760","17,062","1,630","13,872",160,"3,190",
02,"$1 under $10,000","46,980","42,960","2,320","1,270","39,170","4,220","18,160","20,240","27,320","2,970","2,360",470,"1,900",90,"1,590","9,850","224,303","46,980","229,410","34,440","172,399","10,280","4,004","8,580","10,056","7,930","6,776",460,321,"4,710","14,283","6,950","4,703","6,830","32,800",30,240,636,130,481,550,"-2,649","4,690","5,107",50,10,30,243,550,"1,741",100,441,700,664,"46,160","410,415","46,160","396,538","7,870","13,877",820,"19,452","4,258",680,"13,148",210,585,440,260,510,"2,276",410,153,680,"2,431",750,"2,774",340,"2,539",0,0,**,**,30,40,440,618,**,**,160,33,"3,560","7,237","1,830",434,0,0,330,123,540,57,440,17,0,0,60,17,**,**,30,16,0,0,"3,870","2,697","1,670","12,700","1,730","12,675",**,**,"36,510","20,780","6,860","5,663","5,640","4,797","1,340",927,"1,100",979,820,587,"1,660",377,"5,810","3,260",0,0,0,0,"3,550","1,513","34,660","19,064","34,470","18,688",250,376,
02,"$10,000 under $25,000","53,030","39,700","6,250","6,240","46,150","3,610","22,350","32,780","66,180","14,520","1,840",490,"1,350",80,"6,320","14,770","910,807","53,030","926,952","38,870","635,105","13,060","9,523","9,910","25,137","9,220","16,930","1,270",830,"8,000","68,250","8,080","17,334","13,120","152,145",50,990,"3,216","7,180","14,206","1,120",-675,"10,140","16,145",340,77,70,492,"1,170","3,862",440,"1,633","3,040","2,959","51,150","728,501","51,150","707,802","11,210","20,699","1,880","49,557","33,629","1,560","32,082",620,"1,177","1,040",789,"1,240","4,838","1,100",456,"1,620","6,023","1,780","6,691",870,"6,182",**,**,40,8,50,67,"1,200","3,417",90,989,"3,340","2,342","35,680","207,326","34,410","20,630",30,35,"1,680",580,"11,250","3,755","1,260",74,500,178,"3,110","1,577","3,960",692,"3,270","1,218",**,**,"6,660","11,629","5,220","36,225","5,330","36,326","1,300",702,"47,840","108,037","12,000","33,334","10,040","28,275","6,960","11,864","2,440","2,015","2,130","1,586","27,680","16,875","32,400","29,525",0,0,0,0,"6,020","6,450","44,060","84,797","43,620","83,727",600,"1,070",
02,"$25,000 under $50,000","71,480","45,110","14,180","9,800","63,290","4,320","31,610","46,170","111,210","26,700","1,620",550,"1,070",50,"8,860","19,710","2,633,958","71,480","2,674,349","57,610","1,965,349","21,160","18,509","15,330","51,563","14,400","35,476","6,260","3,626","9,370","104,919","12,600","39,746","18,360","342,761",100,"1,760","5,626","15,520","120,483","2,240","8,669","18,630","40,391","1,650",393,180,"1,508","1,960","8,919","1,290","5,497","9,800","11,020","67,210","1,039,867","67,210","1,014,626","13,000","25,241","4,280","106,978","164,056","2,970","55,302","2,440","4,604","1,620","1,711","3,160","12,459","2,880","1,435","3,820","16,970","4,200","18,861","2,350","17,105",50,261,100,33,130,433,"3,200","12,749",180,"1,513","8,210","12,946","70,400","1,477,210","69,340","159,729",0,0,"3,340","2,727","27,090","27,838","4,220",302,"2,280","1,345","5,380","5,508","9,440","1,799","14,420","18,678",90,83,"7,150","19,149","5,370","36,992","5,600","39,686","2,550","1,608","68,650","263,367","10,410","21,516","8,680","17,333","9,580","18,296","2,840","2,414","1,560","1,668","58,040","131,891","61,360","153,704",**,**,0,0,"12,220","18,473","58,460","127,584","57,540","124,945","1,300","2,639",
02,"$50,000 under $75,000","52,240","25,620","19,270","5,680","46,190","3,230","26,270","30,850","95,430","24,110",660,160,510,0,"4,470","18,870","3,233,708","52,240","3,276,065","41,360","2,229,929","22,210","23,415","16,550","75,451","15,580","53,180","11,520","8,027","7,640","90,485","13,920","64,081","18,130","498,874",120,"1,260","3,948","14,700","238,199","2,710","22,146","15,490","42,357","1,530",379,210,"2,141","1,640","9,595","1,410","7,223","7,850","9,202","45,780","814,633","45,780","791,585","11,850","23,048","6,460","157,446","408,435","3,320","61,427","5,040","13,390","1,310","1,759","5,550","21,850","4,830","2,478","5,970","34,175","6,420","36,789","4,430","32,101",80,413,190,122,180,368,"5,250","22,206",290,"3,087","8,180","18,429","51,940","2,240,280","51,670","273,558",**,**,"1,330","3,374","21,340","38,251","5,650",599,"2,160","1,169","3,800","4,533","3,030",556,"13,820","30,879",110,141,"5,770","17,255","1,280","11,396","1,810","14,822",930,828,"51,000","325,783",330,134,220,89,"3,120","5,459","2,330","2,136",340,659,"48,340","235,307","49,610","254,829",20,8,0,0,"13,160","27,931","38,800","98,066","37,580","94,011","1,680","4,055",
02,"$75,000 under $100,000","40,390","12,190","24,380","2,990","35,860","2,560","21,420","23,210","89,720","25,050",280,50,220,0,"2,700","15,780","3,517,411","40,390","3,557,995","32,440","2,380,550","20,900","25,407","15,770","87,905","14,960","64,148","12,950","10,895","6,620","87,356","13,420","84,413","15,810","571,003",130,990,"3,216","12,140","251,197","2,850","31,247","12,100","40,584","1,700",452,240,"2,551","1,460","10,154","1,130","6,495","5,280","6,399","33,420","702,519","33,420","683,077","9,510","19,442","6,970","176,027","609,597","2,630","50,556","6,090","23,031",820,"1,412","6,300","26,049","5,450","2,852","6,520","46,591","6,950","49,556","5,240","40,875",90,525,210,117,230,623,"5,820","28,657",340,"3,946","7,720","20,974","40,250","2,613,336","40,110","336,248",20,29,490,"1,851","19,410","45,298","5,840",797,"2,910","1,672","3,360","4,159",0,0,"13,890","37,769",80,135,"5,090","16,428",320,"2,569",580,"4,651",380,468,"39,820","370,354",0,0,0,0,730,"1,084","2,170","1,985",50,80,"39,290","290,951","39,620","309,721",**,**,0,0,"11,170","29,630","29,090","89,658","27,740","84,543","1,800","5,115",
02,"$100,000 under $200,000","80,020","11,650","64,740","2,900","71,560","5,160","42,730","37,330","215,020","70,350",300,100,200,0,"3,070","28,780","11,118,005","80,020","11,244,325","67,900","7,902,497","50,150","74,301","40,590","304,108","38,650","232,210","39,450","41,610","14,950","284,022","35,070","361,857","30,930","1,496,749",460,"1,780","5,755","20,200","494,696","9,130","179,136","28,160","126,320","4,460","1,179","1,300","19,444","3,570","32,742","2,730","15,490","10,700","12,022","60,510","1,406,807","60,510","1,374,314","15,090","32,494","19,510","584,863","2,814,349","4,570","97,954","18,180","119,917","1,250","2,774","18,400","93,303","15,900","10,429","18,520","169,970","19,490","180,228","15,640","152,504",250,"1,407",680,344,890,"3,523","17,650","130,705","1,000","16,380","19,820","84,671","79,940","9,030,219","79,810","1,366,840",80,233,340,"2,422","49,100","131,352","16,040","3,333","9,220","5,187","7,760","9,912",0,0,"36,580","107,500",180,550,"11,550","49,007",40,252,370,"2,790",360,663,"79,390","1,372,056",0,0,0,0,180,388,"6,140","5,778",0,0,"79,530","1,235,488","79,640","1,291,646",610,211,200,73,"31,990","122,166","47,820","200,745","44,360","167,800","4,630","26,794",
02,"$200,000 under $500,000","32,570","2,850","28,830",720,"29,480","2,210","20,960","9,510","97,540","36,240",**,**,**,0,470,"11,110","9,411,678","32,570","9,560,789","28,490","6,343,276","26,050","79,636","23,140","394,388","22,340","318,564","15,890","30,867","7,480","361,463","21,660","623,469","12,040","818,419",300,410,"1,503","6,710","190,223","8,870","594,515","10,420","149,111",940,232,"1,860","50,903","3,310","42,298",490,"4,558",0,0,"17,330","413,970","17,330","404,265","4,460","9,705","15,250","582,827","4,607,194","1,110","36,531","13,650","207,111","1,550","4,258","14,570","110,877","12,430","11,705","14,780","146,496","15,240","156,859","12,890","177,111",210,"1,706",640,288,"1,470","10,149","14,510","172,324",890,"24,774","13,020","138,162","32,570","8,273,380","32,560","1,611,533",370,"2,414",60,457,"24,500","73,369","11,800","9,127","3,920","2,029",0,0,0,0,"16,130","49,379",80,354,"7,010","52,772",0,0,60,505,80,267,"32,390","1,625,632",0,0,0,0,0,0,0,0,0,0,"32,530","1,538,163","32,560","1,629,660","14,460","11,289","16,970","19,540","17,180","170,887","15,300","165,683","11,820","104,359","4,400","61,324",
02,"$500,000 or more","8,980",750,"7,980",190,"8,170",660,"7,630","1,140","26,640","10,240",0,0,0,0,**,"3,320","12,954,791","8,980","13,111,921","7,620","5,061,925","8,520","233,550","7,960","899,711","7,810","751,557","4,650","64,168","2,530","322,413","8,010","2,894,865","2,820","218,087",160,30,150,"1,650","51,814","5,270","3,103,560","4,500","157,130",80,20,"1,410","56,353","2,260","34,160",140,"1,499",0,0,"2,340","55,758","2,340","54,207",710,"1,552","6,640","798,150","10,646,665",70,"4,592","5,250","395,360","1,350","4,063","6,350","94,717","5,360","7,862","6,480","64,587","6,640","94,542","5,040","93,912",130,"1,851",300,54,"1,720","61,738","6,500","504,098",790,"39,094","4,740","342,810","8,970","11,758,641","8,970","3,287,790",530,"11,817",**,**,"6,580","70,512","5,730","41,107",610,345,0,0,0,0,80,100,40,457,"3,210","60,449",0,0,**,**,20,163,"8,940","3,511,615",0,0,0,0,0,0,0,0,0,0,"8,970","3,217,278","8,980","3,438,974","6,680","40,753","8,110","113,795","4,560","330,365","4,390","399,234","1,760","86,663","3,020","312,571",
,,,,,,,,,,,,,,,,,,,,,,,,,,,,,,,,,,,,,,,,,,,,,,,,,,,,,,,,,,,,,,,,,,,,,,,,,,,,,,,,,,,,,,,,,,,,,,,,,,,,,,,,,,,,,,,,,,,,,,,,,,,,,,,,,,,,,,,,,,,,,,,,,,,,,,,
03,,"375,020","169,680","157,530","40,150","340,040","19,350","184,690","235,810","718,430","214,400","7,210","1,170","6,040",240,"42,920","103,080","23,656,306","373,890","23,913,589","308,620","17,154,155","122,550","148,555","75,980","351,038","71,370","265,887","61,660","65,981","52,030","564,473","66,020","789,219","104,220","2,909,544","11,110","11,240","31,582","64,240","913,292","20,380","1,043,959","88,090","257,283","9,120","2,358","1,310","22,142","9,970","67,553","5,690","28,014","36,770","39,361","342,170","5,985,765","342,170","5,855,166","66,230","130,587","28,340","859,776","4,717,679","8,910","159,721","23,920","192,535","3,910","5,890","25,630","98,724","22,120","17,552","26,400","195,046","28,180","208,634","22,100","207,235",510,"2,312",870,525,970,"5,744","23,390","225,813","1,480","35,576","42,520","256,611","297,810","17,170,101","296,110","2,653,091",190,"1,907","7,140","9,415","139,220","288,961","20,120","4,590","20,070","11,374","21,510","22,484","26,110","4,703","98,740","231,525",880,"2,838","39,340","110,319","13,690","111,804","15,040","121,748","7,650","5,874","355,210","3,099,218","51,200","117,612","45,120","104,490","40,960","72,986","16,020","13,849","5,040","4,306","260,380","2,362,528","277,550","2,519,358","4,860","6,445","5,940","16,115","67,730","265,913","293,830","836,776","287,820","757,948","8,170","77,456",
03,Under $1,"4,500","2,540","1,690",140,"3,350",720,"3,010","1,160","6,860",830,20,**,20,0,90,"2,510","-265,379","3,370","-262,373",950,"29,159","1,630","3,012",970,"3,164",890,"2,179",140,309,"1,540","-17,192","1,400","9,900","1,080","13,919",800,**,**,**,**,720,"-29,484",810,"3,006",**,**,**,**,290,"1,454",**,**,130,139,0,0,0,0,0,0,0,0,0,0,0,0,0,0,0,0,0,0,0,0,0,0,0,0,0,0,0,0,0,0,0,0,0,0,0,0,0,0,0,110,165,**,**,100,28,**,**,0,0,0,0,0,0,0,0,**,**,0,0,500,"1,167",650,"7,351",690,"7,290",0,0,"2,200","7,764",310,334,170,202,120,262,120,106,410,465,100,147,680,"1,438",**,**,0,0,430,662,"2,000","7,056","1,920","5,918",100,835,
03,"$1 under $10,000","48,980","41,540","3,810","3,110","42,680","3,470","18,790","25,320","39,890","7,380","3,030",320,"2,710",110,"3,390","11,620","245,680","48,980","249,758","36,030","195,921","8,510","3,675","4,590","4,661","4,200","2,921",300,199,"4,550","13,263","3,860","2,752","7,790","39,184",540,460,"1,172",100,420,510,"-1,905","4,510","4,078",50,10,**,**,500,"1,518",60,225,560,476,"48,480","514,785","48,480","497,968","9,360","16,817",500,"10,959","2,516",440,"7,482",110,156,270,165,290,857,240,103,410,"1,156",450,"1,269",200,"1,528",0,0,**,**,**,**,260,348,**,**,70,25,"1,450","2,221","1,090",257,0,0,430,141,160,28,80,2,0,0,**,**,**,**,30,14,0,0,"3,740","2,655","1,760","15,508","1,830","15,589",**,**,"39,650","30,199","11,210","12,121","9,980","11,013","3,370","2,235",920,756,870,521,"1,030",235,"5,120","2,969",0,0,0,0,"2,770","1,261","38,120","28,485","38,000","28,149",160,204,
03,"$10,000 under $25,000","67,930","45,160","9,690","11,700","61,640","3,290","28,980","48,350","98,160","27,570","1,960",340,"1,620",80,"11,940","16,930","1,176,581","67,930","1,191,974","52,920","885,922","12,460","8,648","7,080","12,962","6,560","8,652","1,070",710,"8,540","67,213","5,830","11,136","15,670","189,360","1,130","2,020","5,837","7,660","13,981","1,190",398,"10,810","15,393",350,80,30,124,"1,180","3,928",330,"1,053","3,040","2,645","66,720","997,354","66,720","972,656","13,080","24,698","1,210","29,551","21,758","1,010","19,062",420,578,660,580,820,"2,253",720,304,"1,050","3,183","1,160","3,499",560,"3,883",**,**,**,**,**,**,750,"2,081",50,315,"3,040","2,003","43,940","250,532","43,500","25,515",**,**,"1,790",687,"15,010","4,979",640,21,990,355,"2,750","1,363","5,790",917,"6,140","2,298",**,**,"7,140","11,954","4,960","38,833","5,110","39,301","1,970","1,051","63,500","171,057","20,510","64,789","18,210","58,462","13,680","23,820","2,460","1,969","2,060","1,500","33,810","20,537","39,590","33,939",0,0,0,0,"5,520","5,553","59,950","142,475","59,640","141,594",470,788,
03,"$25,000 under $50,000","87,790","47,370","22,070","15,400","80,270","3,880","39,880","63,520","153,860","44,810","1,370",340,"1,030",50,"14,560","20,990","3,200,632","87,790","3,236,489","74,510","2,543,698","20,530","14,862","11,800","26,122","11,030","17,616","5,820","3,286","9,770","82,355","9,850","28,745","21,130","398,004","1,970","3,070","8,501","17,440","122,855","2,290","10,917","19,030","35,857","1,730",417,80,533,"1,770","8,142","1,190","4,700","9,670","9,666","84,890","1,384,347","84,890","1,356,159","14,160","28,188","2,900","68,989","110,589","1,920","33,806","1,820","3,270",950,"1,017","2,220","6,218","2,000","1,110","2,560","9,863","2,850","10,950","1,780","12,778",60,269,60,29,50,58,"2,060","8,594",120,"1,190","7,890","11,847","86,790","1,729,886","86,010","188,226",0,0,"3,050","2,516","36,980","41,753","2,600",138,"3,710","2,145","4,850","4,580","15,170","2,930","23,870","31,630",180,182,"7,210","17,071","4,860","37,563","5,070","40,148","3,530","2,259","85,600","346,457","18,480","40,078","16,250","34,602","16,910","34,236","2,780","2,230","1,380","1,426","67,260","146,473","71,680","167,253",**,**,0,0,"11,490","15,440","75,750","194,124","75,060","192,242","1,000","1,882",
03,"$50,000 under $75,000","55,770","19,700","28,560","5,870","51,050","2,540","29,580","36,910","119,890","35,670",500,90,420,0,"6,340","16,810","3,448,412","55,770","3,485,119","47,110","2,581,456","19,840","16,711","11,760","34,471","11,040","23,848","10,100","6,961","8,090","73,835","10,050","45,340","17,970","481,115","1,940","2,300","6,225","13,880","215,145","2,620","23,249","15,650","36,707","1,630",421,90,698,"1,490","8,734","1,230","5,571","7,870","8,784","51,520","998,707","51,520","977,550","10,710","21,157","4,240","96,762","266,583","1,900","33,226","3,410","8,865",770,"1,089","3,730","11,325","3,220","1,914","3,860","20,050","4,230","21,734","3,190","23,416",70,346,110,91,50,41,"3,200","14,482",190,"1,996","7,580","17,624","55,630","2,328,329","55,500","278,997",0,0,"1,130","2,791","25,320","55,909","3,280",248,"3,400","1,903","3,840","4,347","5,150",856,"19,330","47,767",170,355,"5,950","15,640","1,170","10,441","1,560","13,486","1,250","1,105","54,960","340,324",690,290,510,211,"5,550","10,132","2,400","2,074",270,335,"49,740","223,089","51,550","241,787",**,**,0,0,"11,600","23,128","44,030","121,092","43,200","118,390","1,180","2,502",
03,"$75,000 under $100,000","40,660","7,260","30,590","2,200","37,300","1,830","22,740","26,470","102,920","31,700",190,40,140,0,"3,460","12,940","3,530,541","40,660","3,564,374","35,140","2,626,076","18,230","16,331","11,140","37,507","10,450","26,951","11,140","9,209","6,620","67,566","9,460","56,517","14,690","500,952","1,670","1,560","4,325","10,340","211,445","2,590","27,828","12,800","33,833","1,740",473,130,"1,199","1,120","7,440","1,010","5,124","6,270","7,411","36,440","812,686","36,440","796,264","7,930","16,422","4,220","102,794","367,729","1,430","26,232","3,760","14,253",430,831,"3,920","12,131","3,360","2,252","3,980","26,448","4,220","27,758","3,410","26,283",80,373,120,76,60,98,"3,360","18,337",200,"2,514","6,710","18,765","40,620","2,591,209","40,550","319,842",**,**,390,"1,523","20,190","58,272","3,240",290,"3,910","2,315","3,610","4,157",0,0,"16,760","50,209",160,516,"4,910","13,577",260,"1,911",490,"3,731",500,582,"40,330","357,632",0,0,0,0,"1,180","1,942","2,300","2,036",50,59,"39,310","261,569","39,720","278,035",**,**,0,0,"9,240","22,924","31,370","101,972","30,530","99,492","1,130","2,480",
03,"$100,000 under $200,000","57,200","5,210","50,120","1,490","52,460","2,960","33,040","30,680","161,420","54,130",140,40,100,0,"2,950","17,180","7,618,425","57,200","7,689,059","51,050","5,747,076","31,950","36,524","21,190","99,596","20,030","75,680","26,870","26,990","10,140","146,497","18,370","182,870","21,230","969,688","2,350","1,650","4,917","12,430","286,130","6,270","134,191","20,280","70,634","3,230",859,500,"6,493","2,080","17,781","1,650","9,176","9,230","10,240","47,250","1,114,082","47,250","1,094,184","9,370","19,898","9,950","286,959","1,408,151","1,990","34,420","9,460","59,388",460,"1,199","9,530","35,998","8,260","6,796","9,360","83,117","9,950","88,345","8,520","81,057",180,769,370,261,280,"1,147","8,760","69,244",510,"10,005","12,130","56,546","57,190","6,151,851","57,160","905,310",30,256,230,"1,602","33,430","101,260","6,880","1,125","6,930","4,046","6,460","8,037",0,0,"27,590","84,384",280,"1,203","7,350","28,074",30,197,260,"2,060",350,681,"56,870","908,994",0,0,0,0,150,359,"5,040","4,678",0,0,"56,950","804,051","57,030","839,161",240,58,80,18,"20,220","75,034","36,930","143,963","35,220","133,015","2,350","10,780",
03,"$200,000 under $500,000","10,690",760,"9,670",210,"9,880",590,"7,330","3,220","31,270","10,910",**,**,**,0,190,"3,510","2,928,920","10,690","2,969,007","9,570","1,942,226","8,010","20,728","6,260","69,916","6,010","56,026","5,480","10,354","2,410","105,640","5,970","166,848","4,150","276,604",570,180,605,"2,070","53,817","3,210","257,974","3,470","40,087",390,98,380,"9,583","1,140","13,616",190,"1,851",0,0,"6,360","151,747","6,360","148,648","1,470","3,099","4,330","162,156","1,240,376",220,"5,493","4,080","56,697",250,653,"4,180","21,907","3,540","3,905","4,210","41,557","4,330","43,900","3,750","47,541",120,555,180,66,340,"2,203","4,040","49,973",300,"11,004","4,210","61,066","10,690","2,552,541","10,690","491,603",90,634,20,127,"7,160","20,870","2,660","1,165","1,040",568,0,0,0,0,"5,020","15,223",90,582,"2,120","14,452",0,0,30,143,50,196,"10,610","487,211",0,0,0,0,0,0,0,0,0,0,"10,680","470,734","10,680","495,206","3,750","2,512","4,550","4,340","5,670","58,739","4,990","49,830","3,980","31,405","1,300","18,426",
03,"$500,000 or more","1,500",140,"1,330",30,"1,410",70,"1,340",180,"4,160","1,400",0,0,0,0,**,590,"1,772,494","1,500","1,790,182","1,340","602,621","1,390","28,064","1,190","62,639","1,160","52,014",740,"7,963",370,"25,296","1,230","285,111",510,"40,718",140,**,**,320,"9,499",980,"620,791",730,"17,688",**,**,100,"3,512",400,"4,940",30,314,0,0,510,"12,057",510,"11,737",150,308,990,"101,606","1,299,977",**,**,860,"49,328",120,356,940,"8,035",780,"1,168",970,"9,672",990,"11,179",690,"10,749",**,**,30,2,190,"2,197",960,"62,754",110,"8,552",890,"88,735","1,500","1,563,532","1,500","443,176",70,"1,017",**,**,970,"5,890",740,"1,601",90,42,0,0,0,0,**,**,**,**,420,"5,729",0,0,**,**,**,**,"1,490","449,580",0,0,0,0,0,0,0,0,0,0,"1,500","435,693","1,500","459,570",870,"3,875","1,310","11,757",790,"63,172",690,"47,779",270,"7,743",480,"39,559",
,,,,,,,,,,,,,,,,,,,,,,,,,,,,,,,,,,,,,,,,,,,,,,,,,,,,,,,,,,,,,,,,,,,,,,,,,,,,,,,,,,,,,,,,,,,,,,,,,,,,,,,,,,,,,,,,,,,,,,,,,,,,,,,,,,,,,,,,,,,,,,,,,,,,,,,
04,,"324,400","143,970","137,590","36,030","300,280","12,080","173,550","204,110","635,290","194,650","9,350","3,210","6,130",300,"41,180","89,250","17,674,764","323,380","17,890,786","261,070","12,401,617","95,800","133,994","53,870","287,443","50,290","216,044","33,920","40,515","51,570","566,652","51,510","723,878","85,750","2,289,842","22,090","10,210","25,906","51,080","667,830","17,000","817,657","79,270","216,022","7,250","1,892",980,"17,780","9,340","58,398","4,590","21,528","28,940","30,318","301,780","5,311,764","301,780","5,196,432","58,650","115,307","16,840","577,855","3,143,557","5,720","110,964","13,620","124,450","2,800","3,898","14,470","52,272","12,570","10,386","15,600","109,365","16,720","118,456","11,540","109,667",190,979,420,242,710,"5,716","13,620","194,024",820,"17,140","39,120","231,929","245,090","12,237,265","243,890","1,856,387",130,804,"6,520","7,958","117,280","222,262","14,140","3,469","14,040","8,042","18,350","17,123","28,290","5,431","80,450","174,979",810,"2,841","40,800","106,412","13,460","137,433","14,450","146,461","8,740","7,133","301,230","2,287,769","58,420","139,893","51,540","124,013","46,540","86,324","13,640","11,338","5,090","4,124","204,320","1,631,330","225,090","1,775,484","3,050","4,838","4,440","12,967","58,460","230,513","250,570","741,344","245,430","665,705","6,940","70,906",
04,Under $1,"5,760","2,880","2,590",160,"4,580",680,"4,400","1,270","9,800","1,610",20,**,20,0,90,"3,380","-271,589","4,740","-267,989","1,250","31,964","2,240","4,480","1,070","3,295",970,"2,212",100,306,"2,100","-19,359","1,750","15,839","1,440","17,666","2,020",**,**,**,**,860,"-47,968","1,180","3,600",0,0,**,**,370,"1,878",**,**,170,192,0,0,0,0,0,0,0,0,0,0,0,0,0,0,0,0,0,0,0,0,0,0,0,0,0,0,0,0,0,0,0,0,0,0,0,0,0,0,0,80,17,0,0,70,14,**,**,0,0,0,0,0,0,0,0,**,**,0,0,730,"1,196",730,"9,430",760,"9,399",0,0,"2,610","8,761",430,531,230,311,150,301,120,98,460,442,70,14,920,"1,318",**,**,0,0,550,586,"2,340","8,042","2,230","5,670",110,569,
04,"$1 under $10,000","46,970","37,580","5,250","3,570","42,490","2,270","21,100","24,360","47,110","9,770","3,090",580,"2,510",110,"4,020","11,990","233,886","46,970","238,654","33,140","184,862","8,000","3,830","3,660","3,853","3,330","2,430",220,132,"5,570","18,279","3,370","4,194","7,270","36,803","1,560",480,"1,139",80,269,550,"-1,601","5,590","4,768",30,6,**,**,570,"1,767",60,147,590,429,"46,640","550,273","46,640","532,510","9,710","17,763",320,"7,437","1,559",270,"5,539",60,87,170,84,140,291,130,52,260,535,290,618,90,651,0,0,0,0,**,**,120,163,**,**,70,19,"1,020","1,917","1,040",290,0,0,470,167,170,23,90,3,0,0,**,**,**,**,30,6,0,0,"4,690","3,413","1,870","20,749","1,940","21,132",**,**,"36,960","31,795","13,040","14,528","11,570","13,140","4,200","2,756","1,350","1,151",870,540,950,255,"5,950","3,835",0,0,0,0,"3,420","1,743","35,160","29,693","35,020","29,454",180,170,
04,"$10,000 under $25,000","68,650","41,810","12,600","12,720","63,700","2,410","32,730","49,460","110,160","34,260","2,210",690,"1,520",110,"13,020","16,240","1,191,960","68,650","1,207,752","53,880","911,423","11,560","9,616","5,690","10,453","5,220","6,469",780,505,"9,840","81,574","5,370","13,563","13,980","169,421","3,050","2,190","5,441","5,980","10,686","1,270","3,637","11,920","15,792",370,86,**,**,"1,170","3,763",340,981,"2,920","2,378","67,780","1,050,069","67,780","1,026,424","12,430","23,645",870,"22,120","15,350",720,"15,224",270,321,500,329,510,"1,063",450,177,740,"1,746",830,"2,062",320,"2,147",**,**,**,**,**,**,480,"1,566",**,**,"3,410","2,202","42,060","237,372","41,900","24,306",**,**,"1,820",695,"15,760","5,011",490,18,900,317,"3,030","1,368","6,260","1,003","6,410","2,243",20,9,"8,280","13,894","4,940","47,826","5,040","48,373","2,140","1,174","63,420","182,338","23,430","76,672","20,870","69,230","15,920","28,202","2,670","2,081","1,980","1,337","31,620","19,294","38,530","34,752",0,0,0,0,"6,240","6,635","59,510","154,049","59,170","153,296",470,718,
04,"$25,000 under $50,000","82,610","39,200","26,800","13,810","77,120","2,580","41,310","60,210","160,190","51,480","2,240",980,"1,260",80,"14,340","19,240","2,984,524","82,610","3,019,390","70,170","2,385,258","18,200","14,957","9,320","20,702","8,660","13,655","3,460","2,091","10,920","103,215","8,720","33,479","18,830","351,171","4,620","3,310","7,268","15,630","100,432","2,220","15,043","19,190","34,866","1,750",423,80,412,"1,870","8,042","1,110","4,292","8,400","8,069","80,820","1,382,885","80,820","1,357,037","13,090","25,848","1,790","45,698","68,157","1,220","24,943","1,020","1,822",680,667,"1,280","2,861","1,150",681,"1,570","5,285","1,760","5,884",930,"6,569",**,**,30,6,40,22,"1,170","6,044",80,886,"9,280","13,889","81,730","1,535,893","80,850","165,800",0,0,"2,700","2,250","38,320","42,673","1,920",100,"3,080","1,777","4,960","4,402","16,180","3,461","25,390","32,585",160,155,"8,520","19,151","4,580","45,423","4,740","47,514","4,000","2,731","79,950","332,568","20,670","47,821","18,250","41,087","19,160","41,355","2,780","2,182","1,480","1,517","59,320","123,127","64,870","146,404",**,**,0,0,"11,440","16,448","70,350","201,979","69,740","200,286",900,"1,677",
04,"$50,000 under $75,000","47,010","13,890","28,180","3,790","43,810","1,510","26,980","30,900","109,630","34,570","1,000",500,500,0,"5,570","13,710","2,892,353","47,010","2,924,588","39,860","2,179,260","15,860","15,611","8,790","25,836","8,210","17,641","6,000","4,313","7,690","76,877","8,160","42,984","14,930","394,124","3,640","1,950","5,217","11,070","160,818","2,240","20,326","14,260","32,235","1,650",450,60,353,"1,290","7,049","1,040","4,653","6,650","7,254","44,700","900,245","44,700","882,498","9,000","17,747","2,320","57,738","145,275","1,190","22,694","1,730","4,998",530,688,"1,880","4,595","1,620","1,010","2,080","9,577","2,300","10,526","1,460","10,799",50,243,50,34,20,36,"1,690","10,688",100,991,"7,330","18,480","46,920","1,909,034","46,780","225,341",**,**,960,"2,367","23,080","52,686","2,350",179,"2,970","1,676","3,640","3,676","5,850",967,"17,700","45,069",230,539,"6,090","15,663","1,100","11,863","1,370","14,627","1,550","1,487","46,030","272,169",850,341,620,245,"5,910","11,607","2,120","1,725",270,252,"40,560","172,655","42,520","191,317",0,0,0,0,"10,730","22,929","36,090","103,053","35,400","100,785",990,"2,252",
04,"$75,000 under $100,000","30,100","4,550","24,000","1,170","28,130",950,"18,150","18,810","78,810","24,750",440,250,190,0,"2,430","9,750","2,604,897","30,100","2,632,016","25,670","1,896,821","13,320","14,805","7,680","29,492","7,190","20,741","6,250","5,284","5,620","60,753","7,090","52,003","11,320","383,063","2,740","1,200","3,312","7,720","149,534","2,140","26,341","10,400","27,119","1,500",416,60,659,"1,040","6,593",820,"4,105","4,760","5,572","27,830","626,810","27,830","613,811","6,310","12,999","2,270","58,684","197,997",880,"16,299","1,920","7,075",310,531,"2,000","5,660","1,710","1,106","2,060","12,449","2,260","13,587","1,610","12,575",20,97,50,29,40,58,"1,790","13,277",70,753,"5,890","18,934","30,080","1,895,422","29,990","229,533",**,**,310,"1,182","15,210","45,300","2,300",235,"2,860","1,763","3,010","3,314",0,0,"12,650","38,739",140,488,"4,370","12,149",210,"2,015",390,"3,661",580,731,"29,620","251,318",0,0,0,0,"1,040","1,764","1,850","1,593",30,36,"28,810","184,233","29,230","199,090",**,**,0,0,"7,810","20,571","22,180","72,384","21,510","69,633",900,"2,247",
04,"$100,000 under $200,000","35,030","3,280","30,850",670,"32,660","1,340","22,310","16,980","96,560","30,700",350,210,130,0,"1,620","11,680","4,616,909","35,030","4,667,578","30,180","3,220,189","20,040","29,436","12,620","70,619","11,900","52,343","13,520","14,553","7,350","121,103","11,890","154,589","14,630","690,108","3,450","1,020","3,291","8,510","189,408","4,410","119,725","13,280","50,669","1,760",464,350,"5,040","1,700","13,833","1,070","5,853","5,450","6,424","29,500","694,104","29,500","679,790","6,720","14,314","5,530","168,561","782,795","1,260","22,203","5,160","32,756",340,807,"5,170","17,040","4,510","3,672","5,250","44,250","5,530","46,581","4,320","40,213",80,423,150,115,180,656,"4,850","49,103",300,"6,364","9,050","51,164","35,020","3,698,166","34,990","535,544",30,58,190,"1,283","19,410","58,300","4,450",836,"3,600","2,162","3,710","4,363",0,0,"15,440","47,506",220,"1,329","5,760","23,421",30,127,210,"1,755",410,828,"34,530","530,304",0,0,0,0,160,339,"2,750","2,508",0,0,"34,730","477,245","34,810","505,765",120,38,40,15,"13,970","60,110","21,000","83,703","19,660","74,768","1,850","8,588",
04,"$200,000 under $500,000","7,010",660,"6,200",120,"6,580",290,"5,410","1,950","19,470","6,280",**,**,**,0,90,"2,760","1,959,112","7,010","1,991,878","5,870","1,116,156","5,420","19,403","4,060","63,554","3,870","51,039","3,030","6,069","2,040","92,685","4,150","153,059","2,960","216,348",820,60,238,"1,800","48,541","2,440","212,366","2,740","32,766",190,47,340,"8,297",970,"10,573",130,"1,270",0,0,"4,060","96,787","4,060","94,143","1,230","2,643","2,940","117,526","861,441",180,"4,062","2,760","38,648",170,504,"2,750","13,475","2,370","2,538","2,850","27,702","2,940","29,275","2,270","28,045",40,216,110,54,260,"1,616","2,750","44,396",180,"5,518","3,300","53,669","7,000","1,690,088","7,000","323,679",50,186,**,**,"4,550","12,745","1,920",780,580,318,0,0,0,0,"2,830","8,831",40,321,"1,900","13,347",0,0,**,**,60,182,"6,870","321,912",0,0,0,0,0,0,0,0,0,0,"7,000","310,898","7,000","332,056","2,250","1,712","3,290","3,875","3,650","48,600","3,340","37,666","2,460","21,865","1,130","15,381",
04,"$500,000 or more","1,260",120,"1,120",20,"1,210",50,"1,160",170,"3,560","1,230",0,0,0,0,0,500,"1,462,712","1,260","1,476,919","1,050","475,684","1,160","21,856",980,"59,639",940,"49,514",560,"7,262",440,"31,525","1,010","254,168",390,"31,138",190,0,0,290,"8,142",870,"469,788",710,"14,207",**,**,90,"3,019",360,"4,900",20,227,0,0,450,"10,591",450,"10,219",160,348,800,"100,091","1,070,983",0,0,700,"38,743",100,288,740,"7,287",630,"1,150",790,"7,821",810,"9,923",540,"8,668",**,**,30,4,170,"3,328",770,"68,787",90,"2,628",790,"73,572","1,260","1,269,373","1,260","351,877",50,560,**,**,780,"5,524",620,"1,318",50,29,0,0,0,0,**,**,**,**,460,"4,178",0,0,**,**,**,**,"1,240","356,604",0,0,0,0,0,0,0,0,0,0,"1,260","343,609","1,260","360,947",680,"3,088","1,110","9,077",650,"52,891",600,"50,775",240,"9,948",410,"39,304",
,,,,,,,,,,,,,,,,,,,,,,,,,,,,,,,,,,,,,,,,,,,,,,,,,,,,,,,,,,,,,,,,,,,,,,,,,,,,,,,,,,,,,,,,,,,,,,,,,,,,,,,,,,,,,,,,,,,,,,,,,,,,,,,,,,,,,,,,,,,,,,,,,,,,,,,
05,,"364,040","190,160","107,340","57,890","328,900","17,940","168,280","233,880","654,340","202,470","11,930","4,410","7,540",980,"56,830","89,320","20,721,525","362,720","20,948,050","304,250","15,021,252","92,860","156,002","51,750","456,740","48,000","362,411","44,530","48,586","50,660","546,542","45,790","1,093,606","84,060","2,150,323","3,590","12,670","33,973","49,210","672,325","14,000","686,707","82,020","226,525","6,650","1,690","1,360","29,917","7,560","50,316","3,980","17,135","35,590","39,702","335,020","5,463,445","335,020","5,356,113","56,590","107,330","25,350","831,006","4,709,332","7,940","136,161","21,680","221,099","3,270","4,891","21,660","95,369","18,830","15,431","23,220","170,220","25,240","194,776","18,150","153,227",340,"1,837",660,428,"1,090","15,572","21,190","278,613","1,560","36,302","35,460","183,927","284,140","14,838,307","283,320","2,375,567",270,"7,172","6,520","8,608","124,200","219,938","15,030","9,904","13,470","7,466","19,100","18,523","28,310","4,922","84,170","165,889",880,"2,287","38,810","108,141","12,940","98,603","14,220","108,695","9,770","7,412","343,550","2,898,721","69,890","174,995","62,960","157,798","54,660","98,328","13,980","11,837","4,230","3,413","239,430","2,155,477","259,670","2,322,033","4,360","8,432","5,300","28,070","66,410","258,964","283,870","830,122","279,320","737,891","6,070","91,799",
05,Under $1,"3,650","2,440",970,120,"2,380",700,"2,030",840,"5,070",630,40,20,20,0,130,"1,900","-216,360","2,330","-213,628",700,"23,707",930,"4,422",580,"4,533",500,"3,091",110,170,"1,240","-16,993",830,"24,952",530,"7,408",260,**,**,**,**,530,"-67,779",620,"2,732",**,**,**,**,180,928,**,**,130,150,0,0,0,0,0,0,0,0,0,0,0,0,0,0,0,0,0,0,0,0,0,0,0,0,0,0,0,0,0,0,0,0,0,0,0,0,0,0,0,80,132,**,**,70,17,**,**,0,0,0,0,0,0,0,0,**,**,0,0,340,945,410,"3,980",430,"4,005",0,0,"1,470","6,009",210,224,120,144,80,192,100,88,230,226,70,120,460,"1,239",**,**,0,0,270,454,"1,350","5,275","1,300","4,551",70,711,
05,"$1 under $10,000","48,260","39,790","2,950","4,880","42,680","2,770","17,770","25,530","48,860","10,850","5,070","1,800","3,270",470,"5,230","12,270","242,107","48,260","246,127","34,100","191,957","7,000","2,632","3,090","3,331","2,770","2,043",360,204,"5,420","15,039","2,550","1,614","7,270","34,348",160,580,"1,397",150,689,400,"-1,243","5,110","4,020",70,15,**,**,390,"1,081",70,206,630,585,"47,850","553,569","47,850","536,725","9,680","16,844",400,"8,449","1,994",330,"5,871",130,240,190,118,220,705,180,76,340,865,370,"1,052",150,"1,052",0,0,**,**,**,**,200,299,**,**,60,11,850,"1,549",870,226,0,0,340,118,160,32,60,2,0,0,**,**,**,**,50,21,0,0,"4,340","3,198","1,570","13,258","1,650","13,562",**,**,"37,980","35,682","15,390","17,598","13,890","16,221","5,080","3,324","1,240","1,045",680,409,790,197,"5,510","3,547",0,0,0,0,"3,050","1,524","36,240","33,647","36,140","33,443",140,198,
05,"$10,000 under $25,000","78,070","48,260","8,230","20,050","70,770","3,710","32,710","57,740","126,700","45,490","2,950","1,030","1,930",330,"18,200","16,380","1,349,202","78,070","1,365,438","63,520","1,059,569","10,390","6,669","5,160","9,605","4,720","5,862","1,150",583,"12,170","87,473","4,240","7,554","14,480","164,579",350,"2,620","8,194","6,580","12,551",950,"1,863","13,710","16,236",380,84,50,234,950,"2,803",300,909,"3,250","2,717","76,910","1,144,293","76,910","1,121,944","12,260","22,348","1,160","25,213","20,968",920,"15,278",500,768,570,426,710,"2,099",680,362,980,"2,991","1,130","3,409",480,"2,878",**,**,**,**,30,45,760,"2,847",70,510,"3,810","2,575","50,130","280,302","49,860","28,645",0,0,"1,650",597,"19,770","6,633",480,21,"1,110",363,"3,620","1,745","7,000","1,117","9,360","3,349",40,22,"9,920","16,410","4,950","37,384","5,100","38,095","2,610","1,450","73,810","228,200","30,220","104,225","27,410","94,366","21,970","38,698","3,290","2,694","1,890","1,323","35,730","22,012","44,270","40,373",0,0,0,0,"6,850","7,271","69,130","194,841","68,860","193,925",390,912,
05,"$25,000 under $50,000","100,890","57,120","17,650","22,630","91,510","4,530","42,770","73,140","176,220","58,410","2,590","1,160","1,430",180,"20,500","19,620","3,665,855","100,890","3,700,448","89,710","3,104,151","17,430","10,972","8,520","19,161","7,840","12,462","5,460","2,832","10,520","80,736","7,130","20,738","19,120","330,300",550,"3,540","10,349","14,050","99,615","1,630","9,606","21,330","34,593","1,860",443,60,425,"1,260","5,259","1,060","3,647","11,940","12,853","97,800","1,516,331","97,800","1,492,821","12,360","23,511","3,080","68,642","118,434","1,990","32,489","2,120","4,081",860,"1,058","2,080","5,806","2,000","1,413","2,640","10,088","3,050","11,513","1,630","9,828",50,237,60,40,40,129,"2,310","12,098",120,"1,270","7,740","11,646","100,130","2,054,006","99,650","226,164",0,0,"2,950","2,333","44,110","51,997","1,970",116,"3,930","2,371","6,380","6,249","17,380","3,174","30,050","39,577",290,307,"7,510","16,986","4,810","33,158","5,030","35,934","4,700","3,000","98,720","395,051","23,520","52,717","21,150","46,910","22,100","45,646","3,450","2,827","1,200","1,165","75,700","174,167","80,560","195,545",40,27,0,0,"15,200","20,989","85,280","219,487","84,800","218,189",670,"1,273",
05,"$50,000 under $75,000","54,690","26,050","20,200","6,630","49,580","2,570","26,590","35,960","104,940","30,180",840,290,560,0,"7,450","14,370","3,346,391","54,690","3,378,044","47,730","2,660,694","16,530","12,101","8,520","25,514","7,930","17,465","8,570","5,344","6,940","67,175","7,410","31,550","14,730","375,069",590,"2,620","6,102","10,700","163,020","1,690","13,042","15,440","31,653","1,330",335,110,908,"1,080","5,764",930,"3,543","9,210","10,765","50,530","886,607","50,530","869,792","8,860","16,816","4,150","89,172","260,370","1,720","26,834","3,490","10,120",620,982,"3,420","9,993","3,010","2,196","3,720","20,178","4,140","22,082","2,870","18,048",50,216,70,59,50,104,"3,290","18,203",200,"2,504","6,320","14,517","54,600","2,345,524","54,510","291,285",**,**,950,"2,440","21,430","45,926","2,510",235,"2,300","1,258","3,420","3,780","3,930",631,"15,980","39,077",210,449,"5,080","13,376",970,"8,936","1,340","11,716","1,490","1,356","53,890","341,811",550,231,390,157,"4,580","8,939","1,920","1,639",200,251,"49,770","245,359","51,150","261,845",**,**,0,0,"12,580","25,871","42,000","104,797","41,400","103,057",830,"1,740",
05,"$75,000 under $100,000","31,370","9,210","19,410","2,130","28,600","1,410","17,100","19,460","70,890","20,140",290,80,210,0,"3,100","9,630","2,710,585","31,370","2,734,281","27,290","2,064,566","12,890","11,793","7,260","26,710","6,720","18,294","8,120","6,237","4,880","54,229","6,330","37,967","10,620","343,180",510,"1,610","3,719","7,280","144,723","1,600","22,282","9,090","23,696","1,110",306,120,"1,202",830,"5,241",580,"2,890","4,530","5,394","27,350","568,046","27,350","556,433","5,770","11,613","4,020","91,832","349,705","1,190","19,858","3,640","15,148",340,635,"3,560","11,164","3,050","2,000","3,670","25,642","4,010","27,572","3,090","20,534",50,187,100,111,70,138,"3,260","19,967",220,"2,592","4,970","14,448","31,340","2,029,495","31,290","266,128",**,**,350,"1,558","13,320","35,906","2,280",247,"2,040","1,193","2,360","2,685",0,0,"10,650","30,808",110,320,"3,680","10,757",210,"1,714",420,"3,482",540,688,"31,020","288,631",0,0,0,0,710,"1,183","1,460","1,242",30,39,"30,520","230,223","30,780","243,694",**,**,0,0,"8,440","22,371","22,880","66,660","22,310","64,708",790,"1,952",
05,"$100,000 under $200,000","37,570","5,950","30,000","1,240","34,530","1,770","22,130","18,710","96,160","28,620",150,30,120,0,"2,100","11,810","4,989,668","37,570","5,037,356","33,030","3,697,632","20,260","25,860","12,570","75,130","11,750","54,081","16,220","16,118","7,070","114,396","11,380","129,406","13,790","624,730",850,"1,560","3,712","8,430","195,922","3,760","94,911","13,150","47,688","1,700",457,360,"5,502","1,490","12,078",900,"4,612","5,900","7,238","29,770","682,414","29,770","668,820","6,430","13,594","7,800","223,826","1,087,812","1,550","28,079","7,380","50,721",390,857,"7,220","29,290","6,260","5,029","7,310","65,437","7,790","70,002","6,210","51,690",120,560,230,155,240,"1,105","6,900","61,763",440,"7,860","8,490","41,886","37,550","4,035,393","37,520","606,741",50,241,190,"1,330","19,300","53,882","4,580",946,"3,320","1,898","3,320","4,064",0,0,"14,980","43,763",180,859,"5,460","21,837",20,173,220,"1,665",370,702,"37,230","604,769",0,0,0,0,140,346,"2,520","2,302",0,0,"37,320","552,860","37,400","580,229",260,60,80,23,"14,920","61,705","22,580","85,266","21,430","76,073","1,550","9,193",
05,"$200,000 under $500,000","7,910","1,100","6,590",170,"7,320",400,"5,700","2,280","21,190","6,720",**,**,**,0,120,"2,690","2,216,786","7,910","2,254,799","6,820","1,391,419","5,900","19,664","4,720","72,569","4,480","56,379","3,740","7,045","1,920","96,001","4,550","154,893","2,990","211,394",260,140,500,"1,670","45,088","2,380","202,208","2,720","38,013",200,50,440,"12,267",960,"11,139",110,"1,055",0,0,"4,370","102,192","4,370","99,866","1,100","2,326","3,550","138,592","1,038,175",240,"7,752","3,330","52,432",200,494,"3,330","21,322","2,750","3,010","3,420","33,715","3,550","36,409","2,880","35,128",50,339,150,54,320,"2,690","3,320","45,749",290,"9,895","3,200","45,727","7,910","1,928,881","7,910","378,111",80,589,20,215,"5,010","14,685","2,250","1,532",690,337,0,0,0,0,"3,100","9,294",50,330,"1,870","15,354",0,0,30,236,60,216,"7,810","377,157",0,0,0,0,0,0,0,0,0,0,"7,900","363,426","7,910","387,796","3,000","2,243","3,770","4,207","4,280","51,704","3,610","40,400","2,750","23,056","1,080","17,154",
05,"$500,000 or more","1,630",240,"1,340",40,"1,530",80,"1,480",220,"4,310","1,430",0,0,0,0,**,650,"2,417,291","1,630","2,445,185","1,350","827,557","1,530","61,889","1,330","220,187","1,290","192,734",800,"10,053",500,"48,486","1,370","684,932",530,"59,315",60,**,**,350,"10,717","1,060","411,817",850,"27,894",**,**,220,"9,379",420,"6,023",30,273,0,0,440,"9,993",440,"9,712",130,278,"1,190","185,280","1,831,874",**,**,"1,090","87,589",100,321,"1,120","14,990",900,"1,345","1,140","11,304","1,200","22,737",840,"14,069",20,298,50,9,340,"11,361","1,150","117,687",220,"11,671",870,"53,117","1,630","2,163,157","1,630","578,135",140,"6,342",**,**,"1,100","10,877",900,"6,805",80,46,0,0,0,0,**,**,**,**,610,"9,278",0,0,**,**,**,**,"1,620","621,411",0,0,0,0,0,0,0,0,0,0,"1,630","567,113","1,630","607,765","1,060","6,102","1,450","23,840",820,"67,075",800,"79,749",330,"20,889",550,"58,666",
,,,,,,,,,,,,,,,,,,,,,,,,,,,,,,,,,,,,,,,,,,,,,,,,,,,,,,,,,,,,,,,,,,,,,,,,,,,,,,,,,,,,,,,,,,,,,,,,,,,,,,,,,,,,,,,,,,,,,,,,,,,,,,,,,,,,,,,,,,,,,,,,,,,,,,,
06,,"347,620","153,520","149,100","38,090","321,760","13,780","194,130","215,960","682,800","211,340","6,320","1,550","4,770",350,"39,550","95,600","22,508,797","346,740","22,775,890","285,430","16,303,841","121,850","148,797","63,310","292,768","59,030","212,313","53,240","60,357","53,470","581,800","59,420","962,280","92,310","2,431,197","20,710","11,380","30,600","55,800","776,706","20,290","1,115,739","86,940","267,093","9,110","2,371","1,350","26,306","11,010","77,065","4,800","23,726","32,900","35,135","316,160","5,562,889","316,160","5,440,621","61,750","122,085","26,020","835,572","4,847,586","7,460","134,922","22,040","219,567","3,450","4,921","22,920","98,991","19,700","17,552","24,300","187,051","25,880","204,725","19,290","178,423",320,"1,523",710,497,850,"6,743","21,400","262,808","1,260","27,921","45,860","287,053","272,440","16,562,525","270,900","2,629,972",210,"1,804","6,260","8,365","130,310","279,803","17,100","3,934","17,870","10,049","20,030","20,552","25,160","4,674","93,860","222,938",880,"2,912","42,910","124,930","12,460","132,378","13,610","142,037","7,850","6,193","324,920","3,023,813","50,180","116,761","44,120","103,899","40,720","73,652","14,840","12,806","4,740","4,070","235,330","2,349,271","253,980","2,530,339","5,540","8,332","6,620","17,876","68,270","304,563","264,800","801,064","258,670","714,060","7,990","84,454",
06,Under $1,"5,350","2,710","2,390",150,"4,350",610,"4,180","1,250","9,130","1,580",**,**,**,0,60,"3,080","-389,173","4,470","-384,789","1,260","38,893","2,280","4,654","1,110","6,354","1,000","3,850",90,217,"1,820","-21,672","1,710","14,013","1,350","16,819","2,030",**,**,0,0,880,"-58,683","1,270","4,384",**,**,20,83,370,"1,699",**,**,150,146,0,0,0,0,0,0,0,0,0,0,0,0,0,0,0,0,0,0,0,0,0,0,0,0,0,0,0,0,0,0,0,0,0,0,0,0,0,0,0,80,67,**,**,60,19,**,**,0,0,0,0,0,0,0,0,**,**,0,0,750,"1,645",630,"8,983",670,"8,858",0,0,"2,490","9,288",400,415,200,214,140,293,100,83,400,459,70,63,920,"2,028",30,39,0,0,520,801,"2,220","8,058","2,110","6,649",120,"1,161",
06,"$1 under $10,000","46,410","38,770","4,160","2,980","41,640","2,490","21,040","24,120","39,890","7,630","2,510",500,"2,010",160,"3,190","11,270","231,810","46,410","237,173","33,770","186,878","8,940","4,013","3,860","4,107","3,540","2,561",350,163,"4,950","13,494","3,460","3,834","6,930","35,370","1,410",320,727,70,219,590,-824,"5,000","5,363",30,7,**,**,630,"2,284",30,124,480,424,"45,960","501,140","45,960","484,429","9,170","16,711",420,"9,498","2,067",360,"6,835",100,197,230,153,200,836,160,61,350,907,390,"1,041",130,880,0,0,**,**,**,**,170,202,**,**,50,10,"1,290","2,202","1,090",272,0,0,370,124,150,23,70,2,0,0,**,**,**,**,40,15,0,0,"4,200","3,101","1,550","17,348","1,630","17,680",**,**,"37,000","29,154","11,040","12,014","9,760","10,930","3,370","2,215","1,020",860,730,451,"1,020",241,"5,510","3,529",0,0,0,0,"3,240","1,645","35,320","27,278","35,160","26,933",190,204,
06,"$10,000 under $25,000","62,510","39,830","10,360","11,100","57,860","2,380","31,340","44,300","94,980","27,990","1,680",430,"1,250",120,"10,840","16,090","1,077,688","62,510","1,093,271","48,510","814,716","12,750","10,054","6,070","10,955","5,590","6,634",890,511,"8,540","60,755","5,370","12,643","14,070","160,988","2,690","1,710","5,063","6,470","11,863","1,180","3,517","10,510","15,583",280,63,**,**,"1,240","4,562",270,868,"2,570","2,201","61,420","938,455","61,420","914,527","12,510","23,928","1,080","27,299","19,497",880,"18,523",340,458,600,440,630,"1,664",520,246,940,"2,498","1,030","2,782",380,"2,620",**,**,**,**,**,**,580,"1,821",50,359,"3,230","2,215","38,830","215,596","38,490","21,943",**,**,"1,540",564,"14,020","4,539",560,19,820,283,"2,630","1,257","5,570",893,"5,680","2,044",30,13,"7,210","11,913","4,390","44,918","4,480","45,172","1,950","1,066","57,300","161,521","19,860","64,050","17,610","58,136","13,420","23,481","2,430","1,954","1,890","1,346","29,230","17,404","35,230","30,859",0,0,0,0,"5,850","6,112","53,720","136,639","53,390","135,811",440,642,
06,"$25,000 under $50,000","79,740","41,270","21,570","14,220","74,260","2,720","41,790","57,710","145,400","44,730","1,320",400,920,70,"13,510","19,040","2,912,257","79,740","2,947,780","67,970","2,334,315","19,990","15,699","9,310","20,254","8,630","12,746","4,160","2,486","10,110","82,390","8,430","29,468","18,300","323,516","3,920","2,580","7,761","15,160","103,031","2,280","13,876","18,560","35,523","1,910",460,60,402,"1,940","8,775","1,050","4,101","8,420","8,444","77,410","1,281,023","77,410","1,255,325","12,900","25,698","2,330","57,803","88,856","1,600","30,431","1,400","2,762",820,858,"1,590","4,615","1,430",894,"2,070","7,857","2,300","8,741","1,150","8,063",30,124,70,43,40,95,"1,570","7,313",100,"1,142","8,850","14,032","78,850","1,553,733","78,050","168,725",0,0,"2,610","1,999","34,580","40,287","1,930",102,"3,100","1,821","4,570","4,340","14,510","2,938","23,100","30,708",180,198,"7,960","18,109","4,420","45,113","4,560","46,969","3,550","2,316","77,080","317,338","18,200","40,004","16,060","34,428","16,860","34,720","2,590","2,115","1,430","1,540","59,310","128,438","64,180","150,358",**,**,0,0,"11,350","16,483","67,740","182,936","67,030","180,832",990,"2,003",
06,"$50,000 under $75,000","51,760","18,350","26,380","5,630","48,280","1,790","30,670","34,250","112,950","34,900",450,110,340,0,"6,040","15,390","3,195,279","51,760","3,231,156","44,080","2,416,609","19,550","16,635","9,600","28,490","8,940","19,123","7,880","5,375","8,150","73,531","8,940","46,309","15,970","403,614","3,440","2,410","6,346","12,130","182,056","2,540","22,810","15,130","35,877","1,610",431,80,765,"1,530","9,122","1,020","4,691","7,250","7,941","48,250","932,773","48,250","913,071","9,940","19,702","3,510","80,498","221,682","1,580","27,789","2,790","8,098",670,971,"2,980","9,183","2,560","1,631","3,220","17,621","3,490","18,908","2,450","16,923",50,245,70,37,40,64,"2,630","13,097",120,"1,412","8,240","20,838","51,670","2,154,297","51,500","258,264",**,**,"1,080","2,566","23,830","54,156","2,750",189,"3,070","1,683","3,680","4,063","5,080",843,"18,320","46,279",180,427,"6,380","16,392","1,200","13,741","1,530","16,715","1,410","1,269","50,630","313,999",680,278,490,191,"5,590","10,598","2,240","1,928",250,246,"45,600","204,108","47,470","223,660",**,**,0,0,"11,370","24,552","40,150","114,216","39,280","111,427","1,180","2,403",
06,"$75,000 under $100,000","36,450","6,800","26,820","2,270","34,090","1,230","22,470","23,700","93,040","29,790",220,60,160,0,"3,160","11,480","3,163,689","36,450","3,195,598","31,610","2,370,990","17,150","15,853","8,860","29,248","8,250","20,170","9,460","7,564","6,490","67,999","7,980","50,174","12,680","406,529","2,590","1,890","4,553","8,890","175,713","2,440","30,545","11,960","31,909","1,800",491,100,826,"1,210","7,966",800,"4,113","5,580","6,504","32,780","724,333","32,780","709,609","7,140","14,724","3,670","88,645","320,755","1,130","19,710","3,260","13,332",360,664,"3,350","11,249","2,870","2,045","3,380","23,819","3,670","25,494","2,820","20,862",50,185,80,74,40,41,"2,900","17,216",150,"1,867","7,120","22,280","36,420","2,323,153","36,350","289,407",30,78,350,"1,456","18,190","54,756","2,620",251,"3,440","2,035","3,340","3,835",0,0,"15,370","47,050",170,617,"5,090","14,528",230,"1,992",460,"4,319",510,605,"35,920","318,496",0,0,0,0,"1,180","1,967","2,090","1,831",40,28,"35,050","234,651","35,500","251,952",**,**,0,0,"8,770","24,744","27,590","90,770","26,790","87,972","1,080","2,634",
06,"$100,000 under $200,000","52,340","4,860","45,590","1,500","48,950","2,020","32,760","26,940","148,690","50,790",140,50,90,0,"2,590","15,110","7,018,230","52,340","7,090,578","46,640","5,304,308","30,850","35,927","16,950","80,022","15,880","57,928","23,910","24,052","10,210","162,683","15,920","179,177","18,430","790,648","3,480","2,290","5,644","10,680","240,456","5,770","151,296","19,730","72,348","3,120",830,490,"6,817","2,350","20,239","1,420","7,762","8,450","9,475","43,080","1,011,958","43,080","994,143","8,430","17,815","9,260","266,225","1,315,669","1,710","27,604","8,800","59,900",410,913,"8,750","35,885","7,570","6,591","8,740","79,080","9,250","84,233","7,690","69,784",110,489,280,265,230,688,"8,180","72,461",440,"6,820","12,680","70,936","52,330","5,660,886","52,290","836,530",**,**,250,"1,637","30,780","95,368","5,610",843,"6,150","3,554","5,810","7,057",0,0,"25,850","79,605",250,"1,208","8,170","33,502",40,283,260,"2,143",370,706,"51,650","823,536",0,0,0,0,160,378,"4,370","4,035",0,0,"52,010","741,162","52,120","781,981",210,47,60,14,"20,200","86,265","32,050","126,087","30,370","114,718","2,190","11,124",
06,"$200,000 under $500,000","11,260",790,"10,200",210,"10,590",480,"8,250","3,420","33,450","12,030",**,0,**,0,160,"3,490","3,120,960","11,260","3,167,186","10,020","2,047,094","8,670","22,062","6,180","63,503","5,880","49,670","5,630","10,508","2,670","111,097","6,180","184,847","4,040","259,781",940,180,506,"2,090","54,002","3,480","309,385","3,810","46,226",360,89,450,"11,568","1,280","15,502",180,"1,724",0,0,"6,660","158,897","6,660","155,728","1,500","3,162","4,590","172,865","1,330,764",200,"4,030","4,310","65,684",250,619,"4,330","25,380","3,690","4,457","4,470","44,008","4,590","46,506","3,850","46,835",80,480,170,75,300,"1,309","4,260","59,106",290,"9,722","4,690","73,326","11,250","2,713,958","11,250","524,859",80,384,**,**,"7,650","23,535","2,700","1,236","1,200",627,0,0,0,0,"5,480","17,215",70,449,"2,520","19,120",0,0,20,181,60,231,"11,080","512,681",0,0,0,0,0,0,0,0,0,0,"11,240","501,307","11,250","531,626","4,140","2,911","4,990","4,605","6,040","73,750","5,190","53,843","4,150","34,699","1,300","18,418",
06,"$500,000 or more","1,800",140,"1,630",30,"1,740",60,"1,630",270,"5,270","1,900",0,0,0,0,**,650,"2,178,057","1,800","2,197,937","1,570","790,038","1,670","23,900","1,370","49,835","1,320","39,631",870,"9,481",530,"31,523","1,430","441,815",540,"33,932",210,**,**,310,"9,366","1,130","643,817",970,"19,880",**,**,150,"5,845",460,"6,916",30,343,0,0,600,"14,310",600,"13,789",160,345,"1,160","132,739","1,548,296",**,**,"1,040","69,136",110,303,"1,090","10,179",900,"1,627","1,130","11,261","1,160","17,020",820,"12,456",**,**,40,3,200,"4,546","1,110","91,592",110,"6,599","1,000","83,416","1,800","1,938,700","1,800","529,905",100,"1,342",**,**,"1,110","7,139",860,"1,292",90,46,0,0,0,0,20,22,**,**,630,"6,620",0,0,**,**,**,**,"1,770","537,800",0,0,0,0,0,0,0,0,0,0,"1,800","521,897","1,800","554,346","1,160","5,335","1,570","13,257",930,"70,211",820,"61,237",390,"15,019",500,"45,865",
,,,,,,,,,,,,,,,,,,,,,,,,,,,,,,,,,,,,,,,,,,,,,,,,,,,,,,,,,,,,,,,,,,,,,,,,,,,,,,,,,,,,,,,,,,,,,,,,,,,,,,,,,,,,,,,,,,,,,,,,,,,,,,,,,,,,,,,,,,,,,,,,,,,,,,,
07,,"346,810","154,570","144,700","40,460","321,050","12,830","177,550","223,020","675,630","205,290","11,500","5,740","5,760","1,200","49,160","94,980","18,756,029","345,630","18,987,081","280,430","12,880,172","94,950","165,730","53,660","380,589","50,350","296,147","32,140","45,228","56,180","589,894","50,590","888,605","82,900","2,072,416","14,720","9,790","26,314","52,660","675,445","18,670","1,247,650","81,320","231,052","7,230","1,876",810,"16,904","10,380","68,064","4,910","24,123","28,550","29,218","322,100","5,648,307","322,100","5,524,016","63,110","124,286","18,820","760,395","4,428,337","6,330","117,110","15,160","181,915","3,270","4,758","16,140","49,925","14,120","10,088","17,400","117,981","18,670","127,076","12,790","118,090",280,"1,280",360,156,"1,100","15,952","15,560","278,496","1,910","75,459","39,990","268,819","257,970","12,954,249","257,110","2,114,720",180,"1,284","8,920","11,314","124,890","232,057","13,940","4,449","13,250","6,713","18,940","17,574","32,740","6,312","83,970","172,415","1,330","5,049","43,540","114,179","16,850","168,267","18,130","181,396","9,470","7,740","321,210","2,626,098","69,330","167,755","60,980","147,537","54,330","101,512","14,680","12,014","6,570","5,107","211,530","1,880,937","236,060","2,047,871","3,610","7,394","5,170","23,749","60,970","255,551","268,600","801,273","263,360","717,496","7,000","77,285",
07,Under $1,"5,870","2,920","2,660",150,"4,560",720,"4,320","1,370","9,540","1,190",30,30,**,0,110,"3,540","-398,500","4,690","-394,477","1,200","40,548","2,300","7,194","1,100","5,387","1,000","3,772",150,245,"2,260","-20,557","1,800","26,586","1,300","16,557","1,300",30,49,**,**,"1,000","-78,339","1,140","4,023",**,**,**,**,370,"1,822",30,105,130,128,0,0,0,0,0,0,0,0,0,0,0,0,0,0,0,0,0,0,0,0,0,0,0,0,0,0,0,0,0,0,0,0,0,0,0,0,0,0,0,180,64,**,**,170,40,20,9,0,0,0,0,0,0,0,0,**,**,0,0,740,"1,559",850,"10,766",890,"10,669",0,0,"2,510","9,702",420,498,250,335,160,307,150,130,550,598,150,34,"1,000","1,834",20,32,0,0,620,760,"2,280","8,334","2,170","7,501",130,570,
07,"$1 under $10,000","51,320","40,340","6,200","4,120","46,590","2,350","20,720","27,010","53,490","10,510","5,400","2,150","3,250",540,"5,070","14,610","257,012","51,320","262,325","35,180","199,500","8,890","4,481","3,880","5,026","3,560","3,238",260,209,"6,490","22,917","3,510","3,110","8,020","38,294","1,060",530,"1,228",140,563,590,"-1,287","6,140","5,313",30,5,**,**,570,"1,948",70,232,540,412,"50,990","624,375","50,990","602,137","12,050","22,238",330,"8,230","1,611",270,"6,073",60,56,180,126,180,325,140,48,260,518,290,641,100,663,0,0,0,0,20,21,150,242,**,**,50,20,890,"1,767","1,120",325,0,0,590,201,190,30,80,3,0,0,**,**,**,**,70,26,0,0,"5,380","4,336","2,330","24,618","2,420","25,014",**,**,"39,500","36,047","15,100","17,029","13,330","15,278","4,850","3,174","1,330","1,042","1,200",773,"1,030",284,"6,780","4,739",0,0,0,0,"3,830","1,836","37,400","33,141","37,260","32,923",190,178,
07,"$10,000 under $25,000","82,000","49,770","14,920","15,540","76,210","2,790","36,350","60,850","131,510","40,290","3,160","1,870","1,290",490,"17,370","18,130","1,423,802","82,000","1,441,854","66,440","1,120,935","12,440","9,900","6,250","13,945","5,740","8,806",900,621,"11,960","103,258","5,750","13,500","14,730","164,959","1,980","2,950","7,330","6,520","11,634","1,360","1,989","14,120","18,052",340,79,**,**,"1,280","4,188",370,"1,158","3,220","2,378","81,060","1,253,546","81,060","1,226,998","13,860","26,548",940,"23,835","16,936",760,"16,006",310,462,520,401,550,"1,081",480,209,800,"1,850",900,"2,090",370,"2,524",**,**,20,6,**,**,550,"2,229",60,585,"3,660","2,305","50,590","284,845","50,550","29,445",**,**,"2,600","1,028","18,980","6,060",530,23,950,302,"3,680","1,733","7,550","1,209","7,830","2,755",40,18,"10,270","17,656","6,370","60,110","6,550","61,308","2,470","1,342","76,440","218,170","29,000","93,186","25,700","83,230","19,380","34,155","3,590","2,809","2,750","1,758","38,090","23,385","46,870","42,850",0,0,0,0,"7,130","7,548","71,730","182,571","71,400","181,797",470,749,
07,"$25,000 under $50,000","90,020","41,100","30,870","15,200","84,160","2,760","44,060","66,350","178,760","58,330","2,120","1,350",770,170,"16,760","20,430","3,234,031","90,020","3,270,324","77,590","2,622,695","18,200","14,387","9,580","23,426","8,950","15,513","3,760","2,302","12,410","121,081","8,670","32,833","18,850","335,590","3,150","3,050","8,010","16,330","103,699","2,440","14,761","20,060","36,293","1,890",456,70,347,"1,970","8,189","1,170","4,430","8,650","7,978","87,990","1,523,791","87,990","1,496,097","13,940","27,695","2,030","51,424","76,958","1,390","25,352","1,120","2,050",830,803,"1,410","2,756","1,270",582,"1,740","5,093","2,000","5,859","1,050","7,007",**,**,**,**,30,78,"1,400","8,851",180,"2,925","10,010","15,289","89,070","1,633,948","88,150","176,552",0,0,"3,630","2,889","43,260","47,373","1,990",102,"3,170","1,583","5,320","4,804","18,280","3,956","28,870","36,324",300,403,"9,610","23,074","5,670","55,352","5,870","58,479","4,360","3,002","87,300","355,077","23,880","56,654","21,020","48,418","22,250","48,735","3,190","2,504","1,750","1,651","63,360","129,180","69,810","156,723",**,**,0,0,"12,910","18,553","76,410","216,224","75,790","214,688",900,"1,494",
07,"$50,000 under $75,000","48,400","12,630","31,180","3,550","45,040","1,640","27,290","31,770","115,630","36,110",550,260,280,0,"5,970","14,400","2,975,971","48,400","3,009,818","41,230","2,255,522","15,720","14,936","8,740","31,114","8,190","21,298","5,710","4,121","8,490","82,996","8,020","45,363","14,540","370,925","2,460","1,670","4,814","11,750","170,190","2,480","27,419","14,640","33,847","1,660",445,70,459,"1,520","8,517","1,050","4,648","6,870","7,476","45,900","946,653","45,900","927,777","9,550","18,876","2,500","67,413","156,145","1,370","25,196","1,780","4,750",660,885,"1,990","4,004","1,790",881,"2,240","9,104","2,480","10,008","1,520","10,418",40,128,50,19,50,93,"1,950","14,637",270,"5,289","7,750","19,700","48,280","1,934,579","48,080","225,702",**,**,"1,270","3,107","24,640","55,465","2,410",203,"3,000","1,484","3,820","4,048","6,910","1,147","18,490","46,891",370,"1,030","6,330","17,490","1,330","14,349","1,640","18,000","1,620","1,528","47,350","269,207",930,388,680,276,"6,390","12,610","2,230","1,857",280,297,"41,420","170,237","43,570","190,957",**,**,0,0,"11,490","24,868","36,740","102,327","35,970","100,250","1,030","2,071",
07,"$75,000 under $100,000","28,940","3,900","23,720",980,"26,930",990,"17,110","18,090","75,980","23,350",160,60,110,0,"2,480","9,620","2,499,521","28,940","2,526,090","24,660","1,827,201","12,240","13,464","7,300","30,614","6,870","21,626","5,790","5,116","5,460","60,063","6,540","51,541","10,280","341,980","1,760",850,"2,457","7,690","149,024","2,090","32,789","9,900","26,569","1,510",413,70,713,"1,020","6,498",800,"4,072","4,620","5,620","26,700","607,008","26,700","594,157","6,210","12,852","2,240","64,294","195,947",980,"17,640","1,850","6,537",370,635,"1,960","4,353","1,750",915,"2,050","10,949","2,230","11,928","1,520","10,645",30,70,30,13,60,110,"1,790","16,537",260,"6,022","5,550","18,363","28,910","1,805,062","28,840","216,820",30,61,400,"1,821","14,500","43,083","2,080",237,"2,630","1,464","2,880","3,225",0,0,"12,080","36,084",270,"1,165","4,050","12,398",280,"2,898",480,"5,202",530,700,"28,460","234,093",0,0,0,0,"1,090","2,032","1,760","1,532",40,30,"27,620","173,738","28,040","188,780",**,**,0,0,"7,840","21,577","21,030","66,404","20,400","64,405",860,"1,999",
07,"$100,000 under $200,000","31,200","3,060","27,180",740,"29,010","1,230","20,250","15,050","85,260","26,900",80,20,60,0,"1,290","10,840","4,105,453","31,200","4,153,686","26,450","2,816,176","17,740","28,237","11,280","73,676","10,700","55,263","11,660","12,865","6,630","109,002","10,600","146,938","12,030","582,531","2,160",650,"2,193","8,080","183,402","4,510","143,760","11,630","48,233","1,630",436,250,"3,429","1,880","15,255","1,140","6,656","4,520","5,226","25,220","592,578","25,220","579,213","6,250","13,365","5,980","196,721","850,203","1,370","22,934","5,580","34,464",380,891,"5,530","14,991","4,830","3,174","5,640","45,072","5,970","47,678","4,610","40,015",120,639,130,104,280,"1,296","5,230","60,491",630,"22,164","8,330","50,776","31,180","3,259,762","31,140","471,063",**,**,230,"2,014","17,380","51,524","3,960",763,"2,960","1,584","3,240","3,764",0,0,"13,690","41,181",280,"1,800","4,940","20,234",20,174,250,"2,489",400,798,"30,720","465,166",0,0,0,0,210,499,"2,430","2,140",0,0,"30,830","419,539","30,940","444,448",140,44,50,7,"12,600","56,332","18,530","76,163","17,230","67,972","1,730","8,183",
07,"$200,000 under $500,000","7,200",640,"6,370",140,"6,780",280,"5,770","2,180","20,140","6,650",**,**,**,0,110,"2,720","2,073,883","7,200","2,108,035","6,080","1,183,521","5,670","23,753","4,110","68,376","3,960","54,383","3,020","6,766","1,910","76,520","4,200","169,502","2,640","183,922",640,60,233,"1,770","45,799","2,920","282,764","2,710","34,152",170,42,240,"6,312","1,210","14,150",220,"2,255",0,0,"3,730","88,577","3,730","86,192","1,100","2,385","3,460","159,303","1,042,601",190,"3,909","3,270","47,691",180,521,"3,250","12,768","2,820","2,703","3,350","32,362","3,460","34,221","2,680","31,849",70,323,100,12,370,"2,605","3,200","62,036",350,"22,755","3,510","63,445","7,190","1,761,092","7,190","339,483",60,215,30,214,"4,720","15,155","1,940","1,428",460,246,0,0,0,0,"2,940","9,154",70,633,"1,630","11,312",0,0,30,235,90,370,"7,090","338,598",0,0,0,0,0,0,0,0,0,0,"7,170","324,328","7,190","343,781","2,340","1,888","3,510","4,048","3,640","51,550","3,550","45,618","2,670","29,338","1,150","16,280",
07,"$500,000 or more","1,860",210,"1,600",40,"1,770",70,"1,680",350,"5,320","1,960",0,0,0,0,**,690,"2,584,856","1,860","2,609,426","1,600","814,074","1,750","49,378","1,420","129,025","1,380","112,248",890,"12,983",570,"34,614","1,500","399,232",510,"37,658",210,0,0,380,"11,134","1,280","823,794",980,"24,570",**,**,110,"5,644",560,"7,497",60,567,0,0,510,"11,779",510,"11,445",150,327,"1,340","189,175","2,087,936",**,**,"1,190","85,905",150,496,"1,270","9,647","1,040","1,576","1,320","13,033","1,340","14,651",940,"14,969",20,120,30,2,290,"11,749","1,290","113,473",160,"15,719","1,130","98,921","1,860","2,273,194","1,860","655,266",90,"1,008",**,**,"1,200","13,358",950,"1,690",80,50,0,0,0,0,**,**,**,**,590,"6,120",0,0,**,**,**,**,"1,840","700,038",0,0,0,0,0,0,0,0,0,0,"1,860","640,212","1,860","673,759","1,110","5,430","1,610","19,694",910,"72,527",930,"70,491",470,"18,622",540,"45,761",
,,,,,,,,,,,,,,,,,,,,,,,,,,,,,,,,,,,,,,,,,,,,,,,,,,,,,,,,,,,,,,,,,,,,,,,,,,,,,,,,,,,,,,,,,,,,,,,,,,,,,,,,,,,,,,,,,,,,,,,,,,,,,,,,,,,,,,,,,,,,,,,,,,,,,,,
08,,"291,280","123,040","123,290","39,440","270,290","10,800","167,570","189,460","578,880","181,670","5,950","1,350","4,610",550,"42,570","81,430","14,061,255","290,130","14,236,877","235,400","9,945,072","78,850","108,934","41,260","215,239","38,670","172,314","25,930","29,815","44,830","420,429","37,630","549,983","74,140","1,813,979","17,980","10,670","28,607","46,590","553,467","14,250","582,262","63,310","175,622","7,080","1,872",610,"11,974","7,700","52,217","3,510","17,012","19,710","19,542","273,990","4,877,888","273,990","4,772,842","53,590","104,897","11,620","417,351","2,113,840","4,610","86,762","9,290","84,284","1,920","2,343","9,520","23,366","8,230","5,669","10,660","67,652","11,490","72,937","7,300","66,488",100,365,150,69,470,"3,000","9,340","149,056",570,"11,314","29,480","176,946","209,090","9,319,925","208,480","1,365,762",110,526,"5,970","6,606","100,060","178,612","9,390","1,757","10,100","5,449","13,860","12,838","24,850","4,777","72,170","144,106",450,"1,136","35,080","90,235","12,370","134,345","13,230","142,320","7,840","6,179","271,820","1,810,295","66,950","169,125","60,100","151,198","50,100","89,381","10,950","8,731","4,690","3,617","170,920","1,182,286","191,920","1,305,854","1,880","2,732","3,100","10,582","44,900","183,229","233,580","698,833","229,180","648,191","5,880","46,092",
08,Under $1,"5,610","2,740","2,630",130,"4,400",620,"4,220","1,270","9,310","1,220",**,**,**,0,90,"3,330","-299,136","4,460","-295,201","1,150","32,375","2,180","4,008","1,030","2,120",940,"1,605",90,141,"2,000","-21,836","1,540","14,344","1,360","16,583","1,800",20,47,0,0,860,"-48,406","1,040","3,935",**,**,0,0,330,"1,762",**,**,110,98,0,0,0,0,0,0,0,0,0,0,0,0,0,0,0,0,0,0,0,0,0,0,0,0,0,0,0,0,0,0,0,0,0,0,0,0,0,0,0,100,50,**,**,90,22,**,**,0,0,0,0,0,0,0,0,**,**,0,0,670,"1,337",680,"8,931",710,"8,940",0,0,"2,520","7,211",420,457,220,286,150,286,120,102,410,421,90,23,"1,020","1,704",**,**,0,0,690,893,"2,260","6,438","2,150","5,589",130,296,
08,"$1 under $10,000","45,390","34,380","5,720","4,720","41,290","2,070","21,870","24,290","50,970","12,320","2,490",570,"1,930",320,"5,150","11,700","232,245","45,390","236,611","32,830","184,990","7,400","3,829","3,000","3,552","2,740","2,295",140,86,"5,370","17,177","2,660","2,829","6,840","35,282","1,200",630,"1,471",80,283,490,"-1,516","5,120","4,366",40,9,0,0,470,"1,534",30,91,400,314,"45,150","562,752","45,150","545,432","9,440","17,320",220,"5,344","1,144",170,"3,886",40,26,120,58,80,99,70,15,160,206,190,278,40,263,0,0,0,0,0,0,80,103,**,**,20,2,650,"1,097",830,211,0,0,450,138,130,18,50,1,0,0,**,**,**,**,30,9,0,0,"4,480","3,371","1,730","20,133","1,790","20,403",**,**,"37,050","36,930","15,660","19,000","14,200","17,377","5,550","3,592",990,792,820,481,740,179,"5,550","3,735",0,0,0,0,"2,960","1,470","35,400","34,638","35,280","34,370",150,181,
08,"$10,000 under $25,000","71,460","38,820","15,000","16,220","66,700","2,410","36,540","53,030","124,660","42,390","1,910",460,"1,450",180,"15,440","17,220","1,230,693","71,460","1,246,442","57,020","951,318","11,090","8,671","5,070","9,016","4,660","5,900",760,519,"10,280","84,564","4,340","12,244","14,310","173,726","2,530","2,790","7,162","6,150","10,427","1,100","1,993","11,780","15,749",360,84,**,**,990,"3,568",300,"1,011","2,150","1,676","70,750","1,138,919","70,750","1,114,112","13,000","24,807",700,"17,413","12,731",580,"11,605",240,274,350,218,390,622,320,113,580,"1,182",660,"1,356",240,"1,605",0,0,**,**,20,22,370,"1,404",**,**,"2,590","1,595","40,480","218,552","40,530","22,479",**,**,"1,840",674,"15,280","4,816",320,8,750,252,"2,100",937,"5,550",898,"7,830","2,692",**,**,"8,890","14,913","4,790","50,344","4,930","51,214","2,030","1,148","67,090","213,827","29,380","99,715","26,600","90,132","19,960","35,066","2,170","1,629","1,930","1,267","29,710","17,663","37,920","34,182",0,0,0,0,"5,460","5,337","63,560","184,819","63,290","184,037",410,646,
08,"$25,000 under $50,000","72,980","30,820","26,540","13,360","68,280","2,330","40,690","53,930","147,670","48,530",990,200,800,50,"13,570","17,940","2,620,582","72,980","2,646,849","62,430","2,098,767","15,620","12,735","7,590","15,642","7,080","10,830","3,100","2,032","9,460","76,298","6,560","26,013","17,310","323,273","3,670","3,320","8,388","15,260","93,720","1,950","8,935","14,730","26,267","1,780",438,40,192,"1,450","6,570",800,"2,943","5,520","4,998","71,480","1,266,673","71,480","1,242,606","12,150","24,067","1,500","37,807","56,552","1,050","20,200",840,"1,455",560,513,990,"1,641",870,416,"1,290","3,572","1,460","4,162",720,"5,099",**,**,**,**,**,**,"1,010","5,896",60,532,"7,470","11,039","72,220","1,300,288","71,530","139,932",0,0,"2,380","1,840","34,870","38,598","1,390",62,"2,420","1,313","3,540","2,993","14,120","3,049","24,820","30,931",120,83,"7,260","15,915","4,040","42,697","4,170","44,399","3,710","2,580","71,000","298,742","20,760","49,658","18,560","43,196","18,570","39,522","2,170","1,651","1,300","1,219","51,050","101,334","56,080","121,186",**,**,0,0,"9,420","13,052","63,110","190,205","62,520","188,753",860,"1,442",
08,"$50,000 under $75,000","40,390","10,160","26,140","3,340","37,710","1,370","25,490","26,790","96,630","30,160",350,70,280,0,"4,950","12,290","2,487,155","40,390","2,512,768","34,400","1,876,393","13,390","13,062","6,870","19,062","6,440","13,816","4,980","3,999","6,600","54,631","6,150","37,155","13,010","345,966","3,130","2,030","5,481","10,380","146,895","1,970","16,898","10,870","25,613","1,600",438,30,163,"1,120","6,838",790,"3,604","4,520","4,707","38,660","801,263","38,660","785,605","7,960","15,658","1,730","45,713","107,934","1,030","19,760","1,290","3,340",390,506,"1,390","2,426","1,220",718,"1,540","6,103","1,710","6,791","1,030","7,010",30,119,50,38,40,38,"1,290","9,221",70,725,"5,870","14,566","40,310","1,620,342","40,160","188,808",0,0,840,"2,053","20,160","45,476","1,690",112,"2,270","1,213","2,880","2,934","5,180",830,"15,860","39,713",100,194,"4,900","12,545",970,"10,730","1,180","13,044","1,380","1,308","39,630","234,715",730,295,520,207,"5,070","9,566","1,790","1,394",230,229,"34,950","143,332","36,620","158,736",**,**,0,0,"8,610","18,374","31,680","93,766","31,040","91,780",900,"1,818",
08,"$75,000 under $100,000","24,750","3,280","20,250",970,"23,180",820,"16,330","15,980","65,080","20,100",130,20,100,0,"2,100","8,090","2,138,558","24,750","2,158,831","21,280","1,575,870","10,620","11,319","5,860","20,460","5,530","15,089","5,170","4,627","4,380","40,091","5,210","41,192","9,060","308,744","2,150","1,070","3,194","6,750","125,166","1,800","22,764","7,830","20,273","1,440",402,30,271,780,"5,091",600,"3,077","3,420","3,827","23,220","526,889","23,220","516,214","5,200","10,675","1,530","42,419","133,217",730,"13,270","1,270","4,512",220,351,"1,320","2,544","1,160",648,"1,410","7,348","1,520","7,916","1,020","7,632",**,**,**,**,**,**,"1,250","10,093",60,888,"4,300","13,876","24,730","1,552,353","24,670","186,485",**,**,250,922,"12,330","36,089","1,580",134,"2,030","1,176","2,430","2,660",0,0,"10,580","31,359",70,206,"3,240","9,215",160,"1,510",310,"3,027",450,567,"24,390","209,929",0,0,0,0,720,"1,202","1,520","1,269",**,**,"23,880","150,397","24,160","161,677",**,**,0,0,"5,820","16,296","18,890","64,166","18,280","62,004",790,"1,896",
08,"$100,000 under $200,000","25,270","2,230","22,300",600,"23,630",950,"17,820","12,960","69,950","22,390",80,30,50,0,"1,220","8,500","3,292,205","25,270","3,332,378","21,840","2,306,330","14,060","22,627","8,560","49,242","8,120","38,480","9,530","10,518","5,110","78,849","7,800","109,542","10,110","469,029","2,620",780,"2,742","6,380","135,145","3,530","95,895","9,410","40,173","1,720",466,200,"2,981","1,420","12,726",840,"4,828","3,590","3,922","21,780","511,853","21,780","501,482","4,900","10,371","3,490","109,129","494,377",940,"15,818","3,290","21,020",180,419,"3,190","7,502","2,820","2,091","3,290","26,142","3,490","27,817","2,610","23,541",40,135,60,26,120,374,"3,070","34,223",200,"3,512","6,300","39,875","25,270","2,627,440","25,240","377,064",**,**,120,957,"14,020","41,503","2,760",538,"2,310","1,323","2,910","3,314",0,0,"11,430","34,330",140,538,"3,960","17,781",**,**,140,"1,293",250,504,"24,890","385,375",0,0,0,0,80,147,"2,190","1,894",0,0,"25,090","335,561","25,150","357,717",90,19,**,**,"9,130","42,791","16,110","70,086","15,020","62,216","1,470","7,491",
08,"$200,000 under $500,000","4,430",490,"3,840",100,"4,160",180,"3,690","1,080","11,960","3,730",**,0,**,0,50,"1,880","1,261,518","4,430","1,289,231","3,630","632,490","3,560","16,286","2,580","39,444","2,470","33,305","1,760","3,720","1,290","66,838","2,610","121,475","1,810","122,495",690,30,122,"1,310","33,619","1,820","172,288","1,930","27,713",140,35,240,"6,317",840,"9,962",130,"1,215",0,0,"2,610","61,544","2,610","59,796",820,"1,739","1,820","76,644","541,011",110,"2,223","1,740","25,193",60,172,"1,610","5,297","1,350","1,191","1,760","16,950","1,820","17,964","1,250","15,038",30,111,40,5,170,726,"1,670","31,168",130,"3,514","2,320","45,230","4,430","1,076,178","4,430","205,693",60,202,**,**,"2,710","8,114","1,190",500,270,144,0,0,0,0,"1,620","5,072",20,115,"1,290","11,512",0,0,**,**,20,72,"4,290","203,292",0,0,0,0,0,0,0,0,0,0,"4,420","197,408","4,430","214,638","1,270",930,"2,230","3,112","2,310","40,883","2,110","28,652","1,420","14,193",860,"13,742",
08,"$500,000 or more","1,000",120,870,**,940,50,920,130,"2,650",830,0,0,0,0,**,480,"1,097,435","1,000","1,108,968",820,"286,539",930,"16,397",700,"56,701",690,"50,994",400,"4,173",340,"23,817",760,"185,189",330,"18,881",190,0,0,280,"8,212",730,"313,411",600,"11,533",**,**,70,"2,050",300,"4,166",20,243,0,0,340,"7,995",340,"7,595",120,260,630,"82,882","766,874",0,0,580,"28,464",40,106,550,"3,235",420,477,630,"6,149",640,"6,653",390,"6,300",**,**,**,**,120,"1,840",600,"56,948",50,"2,143",610,"50,763","1,000","923,675",990,"245,040",50,324,0,0,560,"3,998",410,402,50,28,0,0,0,0,**,**,**,**,390,"3,646",0,0,0,0,0,0,960,"220,274",0,0,0,0,0,0,0,0,0,0,990,"236,389",990,"252,279",520,"1,783",870,"7,470",500,"44,133",460,"26,063",180,"5,249",310,"18,580",
"** - Not shown to avoid disclosure of information 
about specific taxpayers.  However, the data are 
combined with data in an adjacent size class, 
as appropriate, and included in the appropriate totals.",,,,,,,,,,,,,,,,,,,,,,,,,,,,,,,,,,,,,,,,,,,,,,,,,,,,,,,,,,,,,,,,,,,,,,,,,,,,,,,,,,,,,,,,,,,,,,,,,,,,,,,,,,,,,,,,,,,,,,,,,,,,,,,,,,,,,,,,,,,,,,,,,,,,,,,
"[1] Congressional districts were assigned by using a commercial data file 
to match the ZIP code on the individual income tax return to its resulting 
congressional district.",,,,,,,,,,,,,,,,,,,,,,,,,,,,,,,,,,,,,,,,,,,,,,,,,,,,,,,,,,,,,,,,,,,,,,,,,,,,,,,,,,,,,,,,,,,,,,,,,,,,,,,,,,,,,,,,,,,,,,,,,,,,,,,,,,,,,,,,,,,,,,,,,,,,,,,
"[2] Beginning in 2018, personal exemption deductions were suspended 
for the primary, secondary, and dependent taxpayers. However, the 
data used to create the “Number of individuals”—filing status, dependent 
status indicator, and identifying dependent information—are still available 
on the Form 1040. This field is based on these data.",,,,,,,,,,,,,,,,,,,,,,,,,,,,,,,,,,,,,,,,,,,,,,,,,,,,,,,,,,,,,,,,,,,,,,,,,,,,,,,,,,,,,,,,,,,,,,,,,,,,,,,,,,,,,,,,,,,,,,,,,,,,,,,,,,,,,,,,,,,,,,,,,,,,,,,
"[3] The ""Number of volunteer prepared returns"" shows counts of 
returns prepared by IRS-certified volunteers to taxpayers with 
limited income, persons with disabilities, limited English speaking 
taxpayers, current and former members of the military, and 
taxpayers who are 60 years of age and older.",,,,,,,,,,,,,,,,,,,,,,,,,,,,,,,,,,,,,,,,,,,,,,,,,,,,,,,,,,,,,,,,,,,,,,,,,,,,,,,,,,,,,,,,,,,,,,,,,,,,,,,,,,,,,,,,,,,,,,,,,,,,,,,,,,,,,,,,,,,,,,,,,,,,,,,
"[4] These data do not distinguish between refund anticipation 
loans and refund advances.",,,,,,,,,,,,,,,,,,,,,,,,,,,,,,,,,,,,,,,,,,,,,,,,,,,,,,,,,,,,,,,,,,,,,,,,,,,,,,,,,,,,,,,,,,,,,,,,,,,,,,,,,,,,,,,,,,,,,,,,,,,,,,,,,,,,,,,,,,,,,,,,,,,,,,,
[5] Includes primary taxpayers 60 years of age or older.,,,,,,,,,,,,,,,,,,,,,,,,,,,,,,,,,,,,,,,,,,,,,,,,,,,,,,,,,,,,,,,,,,,,,,,,,,,,,,,,,,,,,,,,,,,,,,,,,,,,,,,,,,,,,,,,,,,,,,,,,,,,,,,,,,,,,,,,,,,,,,,,,,,,,,,
[6] Less deficit.,,,,,,,,,,,,,,,,,,,,,,,,,,,,,,,,,,,,,,,,,,,,,,,,,,,,,,,,,,,,,,,,,,,,,,,,,,,,,,,,,,,,,,,,,,,,,,,,,,,,,,,,,,,,,,,,,,,,,,,,,,,,,,,,,,,,,,,,,,,,,,,,,,,,,,,
"[7] ""Qualified dividends"" are ordinary dividends received 
in tax years beginning after 2002 that meet certain 
conditions and receive preferential tax rates. 
The maximum qualified dividends tax rate is 20%.",,,,,,,,,,,,,,,,,,,,,,,,,,,,,,,,,,,,,,,,,,,,,,,,,,,,,,,,,,,,,,,,,,,,,,,,,,,,,,,,,,,,,,,,,,,,,,,,,,,,,,,,,,,,,,,,,,,,,,,,,,,,,,,,,,,,,,,,,,,,,,,,,,,,,,,
"[8] Includes the Alaskan permanent fund, reported by 
residents of Alaska on Form 1040. This fund only applies 
to statistics in the totals, and the state of Alaska.",,,,,,,,,,,,,,,,,,,,,,,,,,,,,,,,,,,,,,,,,,,,,,,,,,,,,,,,,,,,,,,,,,,,,,,,,,,,,,,,,,,,,,,,,,,,,,,,,,,,,,,,,,,,,,,,,,,,,,,,,,,,,,,,,,,,,,,,,,,,,,,,,,,,,,,
"[9] ""Earned income credit"" includes both the refundable 
and non-refundable portions.  The non-refundable portion 
could reduce income tax and certain related taxes to zero. 
The earned income credit amounts in excess of total tax 
liability, or amounts when there was no tax liability at all, 
were refundable.  See footnote 10 below for explanation 
of the refundable portion of the earned income credit.",,,,,,,,,,,,,,,,,,,,,,,,,,,,,,,,,,,,,,,,,,,,,,,,,,,,,,,,,,,,,,,,,,,,,,,,,,,,,,,,,,,,,,,,,,,,,,,,,,,,,,,,,,,,,,,,,,,,,,,,,,,,,,,,,,,,,,,,,,,,,,,,,,,,,,,
"[10] The refundable portion of the ""earned income credit"" 
equals ""total income tax"" minus the ""earned income credit.""  
If the result is negative, this amount is considered the 
refundable portion.  No other refundable credits were 
taken into account for this calculation.",,,,,,,,,,,,,,,,,,,,,,,,,,,,,,,,,,,,,,,,,,,,,,,,,,,,,,,,,,,,,,,,,,,,,,,,,,,,,,,,,,,,,,,,,,,,,,,,,,,,,,,,,,,,,,,,,,,,,,,,,,,,,,,,,,,,,,,,,,,,,,,,,,,,,,,
"[11] ""Total tax liability"" differs from ""Income tax,"" in that
""Total tax liability"" includes the taxes from recapture of 
certain prior-year credits, tax applicable to individual 
retirement arrangements (IRA's), social security taxes 
on self-employment income and on certain tip income, 
advanced earned income payments, household
employment taxes, and certain ""other taxes"" listed 
in the Form 1040 instructions.",,,,,,,,,,,,,,,,,,,,,,,,,,,,,,,,,,,,,,,,,,,,,,,,,,,,,,,,,,,,,,,,,,,,,,,,,,,,,,,,,,,,,,,,,,,,,,,,,,,,,,,,,,,,,,,,,,,,,,,,,,,,,,,,,,,,,,,,,,,,,,,,,,,,,,,
"[12] Reflects payments to or withholdings made to 
""Total tax liability"".  This is the amount the tax filer 
owes when the income tax return is filed.",,,,,,,,,,,,,,,,,,,,,,,,,,,,,,,,,,,,,,,,,,,,,,,,,,,,,,,,,,,,,,,,,,,,,,,,,,,,,,,,,,,,,,,,,,,,,,,,,,,,,,,,,,,,,,,,,,,,,,,,,,,,,,,,,,,,,,,,,,,,,,,,,,,,,,,
"[13]  The amount of overpayments the tax filer requested to 
have refunded. ",,,,,,,,,,,,,,,,,,,,,,,,,,,,,,,,,,,,,,,,,,,,,,,,,,,,,,,,,,,,,,,,,,,,,,,,,,,,,,,,,,,,,,,,,,,,,,,,,,,,,,,,,,,,,,,,,,,,,,,,,,,,,,,,,,,,,,,,,,,,,,,,,,,,,,,
"NOTE: This table presents aggregates of all returns filed and
processed through the Individual Master File (IMF) system 
during Calendar Year 2019, including any returns filed for 
tax years preceding 2018.",,,,,,,,,,,,,,,,,,,,,,,,,,,,,,,,,,,,,,,,,,,,,,,,,,,,,,,,,,,,,,,,,,,,,,,,,,,,,,,,,,,,,,,,,,,,,,,,,,,,,,,,,,,,,,,,,,,,,,,,,,,,,,,,,,,,,,,,,,,,,,,,,,,,,,,
"This table is based on tax returns as initially processed by IRS
and does not reflect amended returns or errors that were
corrected after initial processing. In general, during administrative 
or Master File processing, taxpayer reporting discrepancies are 
corrected only to the extent necessary. These statistics should, 
therefore, be used with the knowledge that some of the 
data have not been perfected or edited for statistical purposes 
and that State totals in this table may not be altogether 
comparable to other State totals published by the IRS, 
Statistics of Income Division. ",,,,,,,,,,,,,,,,,,,,,,,,,,,,,,,,,,,,,,,,,,,,,,,,,,,,,,,,,,,,,,,,,,,,,,,,,,,,,,,,,,,,,,,,,,,,,,,,,,,,,,,,,,,,,,,,,,,,,,,,,,,,,,,,,,,,,,,,,,,,,,,,,,,,,,,
Detail may not add to totals because of rounding.,,,,,,,,,,,,,,,,,,,,,,,,,,,,,,,,,,,,,,,,,,,,,,,,,,,,,,,,,,,,,,,,,,,,,,,,,,,,,,,,,,,,,,,,,,,,,,,,,,,,,,,,,,,,,,,,,,,,,,,,,,,,,,,,,,,,,,,,,,,,,,,,,,,,,,,
"SOURCE: IRS, Statistics of Income Division, 
Individual Master File System, September 2020.",,,,,,,,,,,,,,,,,,,,,,,,,,,,,,,,,,,,,,,,,,,,,,,,,,,,,,,,,,,,,,,,,,,,,,,,,,,,,,,,,,,,,,,,,,,,,,,,,,,,,,,,,,,,,,,,,,,,,,,,,,,,,,,,,,,,,,,,,,,,,,,,,,,,,,,
