INDIANA,,,,,,,,,,,,,,,,,,,,,,,,,,,,,,,,,,,,,,,,,,,,,,,,,,,,,,,,,,,,,,,,,,,,,,,,,,,,,,,,,,,,,,,,,,,,,,,,,,,,,,,,,,,,,,,,,,,,,,,,,,,,,,,,,,,,,,,,,,,,,,,,,,,,,,,
"Individual Income Tax Returns: 
Selected Income and Tax Items by State, 
Congressional district, and Size of Adjusted Gross Income, 
Tax Year 2018                                                                                                                                                                                                                                                                                                                                            ",,,,,,,,,,,,,,,,,,,,,,,,,,,,,,,,,,,,,,,,,,,,,,,,,,,,,,,,,,,,,,,,,,,,,,,,,,,,,,,,,,,,,,,,,,,,,,,,,,,,,,,,,,,,,,,,,,,,,,,,,,,,,,,,,,,,,,,,,,,,,,,,,,,,,,,
[Money amounts are in thousands of dollars],,,,,,,,,,,,,,,,,,,,,,,,,,,,,,,,,,,,,,,,,,,,,,,,,,,,,,,,,,,,,,,,,,,,,,,,,,,,,,,,,,,,,,,,,,,,,,,,,,,,,,,,,,,,,,,,,,,,,,,,,,,,,,,,,,,,,,,,,,,,,,,,,,,,,,,
"Congressional
district [1]",Size of adjusted gross income by congressional district,Number of returns,Number of single returns,Number of joint returns,Number of head of household returns,Number of electronically filed returns,Number of computer prepared paper returns,Number with paid preparer's signature,Number of returns with direct deposit,"Number of 
individuals [2]",Number of dependents,Number of volunteer prepared returns [3],,,,Number of refund anticipation check returns [4],Number of elderly returns [5],Adjusted gross income (AGI) [6],Total income,,Salaries and wages in AGI,,Taxable interest,,Ordinary dividends,,Qualified dividends [7],,"State and local income tax refunds
",,"Business or profession
net income (less loss)",,Net capital gain (less loss) in AGI,,"Taxable IRA, pensions and annuities",,"Number of 
farm returns",Unemployment compensation [8],,Taxable Social Security benefits,,Partnership/S-corp net income (less loss),,Total statuory adjustments,,Educator expenses,,Self-employed (Keogh) retirement plans,,Self-employed health insurance deduction,,Individual retirement arrangement payments,,Student loan interest deduction,,Total standard deduction,,Basic standard deduction,,Additional standard deduction,,Total itemized deductions,,,"Total medical and dental 
expenses deduction",,State and local income taxes,,State and local general sales taxes,,Real estate taxes,,Personal property taxes,,Limited state and local taxes paid,,Total taxes paid,,Home mortgage interest paid ,,"Home mortgage interest paid 
to personal seller",,Deductible points,,Investment interest paid,,Total charitable contributions,,Other non-limited miscellaneous deduction,,"Qualified business income deduction
",,Taxable income,,Income tax before credits,,Alternative minimum tax,,"Excess advance 
premium tax credit repayment",,Total tax credits,,Foreign tax credit,,Child and dependent care credit,,Nonrefundable education credit,,Retirement savings contributions credit,,Child and other dependent credit,,Residential energy tax credit,,Self-employment tax,,Total premium tax credit,,Advance premium tax credit,,"Health care individual 
responsibility payment",,Total tax payments,,Earned income credit [9],,"Excess earned income credit 
(refundable) [10]",,Additional child tax credit,,Refundable education credit,,Net premium tax credit,,Income tax after credits,,Total tax liability [11],,Total additional Medicare tax,,Net investment income tax,,Tax due at time of filing [12],,Total overpayments,,Overpayments refunded [13],,Credited to next year's estimated tax,,
,,,,,,,,,,,,Total,Number of volunteer income tax assistance (VITA) prepared returns,Number of tax counseling for the elderly (TCE) prepared returns,"Number of volunteer prepared 
returns with
Earned Income Credit",,,,Number of returns,Amount,Number of returns,Amount,Number of returns,Amount,Number of returns,Amount,Number of returns,Amount,Number of returns,Amount,Number of returns,Amount,Number of returns,Amount,Number of returns,Amount,,Number of returns,Amount,Number of returns,Amount,Number of returns,Amount,Number of returns,Amount,Number of returns,Amount,Number of returns,Amount,Number of returns,Amount,Number of returns,Amount,Number of returns,Amount,Number of returns,Amount,Number of returns,Amount,Number of returns,Amount,Number of returns,Amount,Amount of AGI,Number of returns,Amount,Number of returns,Amount,Number of returns,Amount,Number of returns,Amount,Number of returns,Amount,Number of returns,Amount,Number of returns,Amount,Number of returns,Amount,Number of returns,Amount,Number of returns,Amount,Number of returns,Amount,Number of returns,Amount,Number of returns,Amount,Number of returns,Amount,Number of returns,Amount,Number of returns,Amount,Number of returns,Amount,Number of returns,Amount,Number of returns,Amount,Number of returns,Amount,Number of returns,Amount,Number of returns,Amount,Number of returns,Amount,Number of returns,Amount,Number of returns,Amount,Number of returns,Amount,Number of returns,Amount,Number of returns,Amount,Number of returns,Amount,Number of returns,Amount,Number of returns,Amount,Number of returns,Amount,Number of returns,Amount,Number of returns,Amount,Number of returns,Amount,Number of returns,Amount,Number of returns,Amount,Number of returns,Amount,Number of returns,Amount,Number of returns,Amount,Number of returns,Amount,Number of returns,Amount,Number of returns,Amount,
,,(1),(2),(3),(4),(5),(6),(7),(8),(9),(10),(11),(12),(13),(14),(15),(16),(17),(18),(19),(20),(21),(22),(23),(24),(25),(26),(27),(28),(29),(30),(31),(32),(33),(34),(35),(36),(37),(38),(39),(40),(41),(42),(43),(44),(45),(46),(47),(48),(49),(50),(51),(52),(53),(54),(55),(56),(57),(58),(59),(60),(61),(62),(63),(64),(65),(66),(67),(68),(69),(70),(71),(72),(73),(74),(75),(76),(77),(78),(79),(80),(81),(82),(83),(84),(85),(86),(87),(88),(89),(90),(91),(92),(93),(94),(95),(96),(97),(98),(99),(100),(101),(102),(103),(104),(105),(106),(107),(108),(109),(110),(111),(112),(113),(114),(115),(116),(117),(118),(119),(120),(121),(122),(123),(124),(125),(126),(127),(128),(129),(130),(131),(132),(133),(134),(135),(136),(137),(138),(139),(140),(141),(142),(143),(144),(145),(146),(147),(148),(149),
00,Total,"3,112,050","1,467,910","1,175,270","405,600","2,852,970","135,150","1,508,000","2,093,180","5,939,500","1,884,530","59,250","27,280","32,040","6,000","452,850","820,070","193,708,136","3,102,510","195,786,281","2,591,750","139,412,017","837,250","1,262,696","512,190","3,421,784","479,430","2,571,456","320,560","358,426","416,530","4,835,806","441,130","8,573,397","781,940","18,375,296","47,930","47,900","193,436","465,570","6,718,169","156,210","11,419,038","702,780","2,078,145","59,460","15,115","11,510","271,353","69,460","525,349","40,990","196,502","285,750","311,339","2,889,350","49,283,629","2,889,350","48,221,195","543,440","1,062,299","190,300","6,689,383","42,578,227","55,110","1,058,318","177,670","1,953,535","10,400","16,636","164,890","610,753","116,140","57,857","178,170","1,316,521","189,600","1,453,609","138,290","1,293,193","2,150","12,235","4,930","3,118","8,180","89,937","160,760","2,358,561","11,560","285,984","339,720","2,632,504","2,391,220","140,614,994","2,379,060","23,066,589","2,010","22,900","37,910","47,512","1,129,170","2,344,351","147,070","132,725","122,970","67,762","147,930","162,018","234,020","41,401","807,470","1,783,255","6,690","13,850","326,370","910,046","60,530","319,009","69,680","356,638","81,550","60,796","2,954,210","27,941,595","512,530","1,241,280","460,850","1,110,950","408,300","733,654","120,810","108,485","26,050","24,789","2,044,420","20,712,571","2,207,820","22,114,530","47,980","82,623","60,170","207,426","482,580","2,166,808","2,518,250","7,954,782","2,467,710","6,875,856","71,700","1,050,399",
00,Under $1,"32,380","19,250","11,170","1,150","22,800","5,790","20,200","8,030","49,330","7,400",120,60,60,0,870,"18,570","-1,971,851","22,840","-1,948,485","6,810","238,400","9,870","39,893","6,220","43,476","5,710","30,597",710,"2,478","10,410","-125,914","8,660","165,711","6,410","80,673","3,530",0,0,0,0,"5,440","-715,580","5,590","23,366",30,5,30,261,"1,650","9,330",20,141,"1,050","1,185",0,0,0,0,0,0,0,0,0,0,0,0,0,0,0,0,0,0,0,0,0,0,0,0,0,0,0,0,0,0,0,0,0,0,0,0,0,0,0,610,662,30,391,520,94,0,0,0,0,0,0,0,0,0,0,20,5,0,0,"3,350","6,721","2,640","18,982","2,770","17,151",0,0,"14,270","77,951","2,060","2,389","1,260","1,585",980,"1,977",940,852,"1,920","2,551",540,578,"4,510","9,168",90,117,0,0,"2,540","3,013","13,190","70,205","12,590","58,819",820,"7,906",
00,"$1 under $10,000","454,460","378,470","37,410","33,810","403,510","27,790","179,190","260,830","404,660","82,450","20,380","8,540","11,840","2,780","41,070","112,960","2,313,719","454,460","2,347,799","334,510","1,735,464","68,610","28,327","36,530","38,687","33,320","24,101","1,870",782,"44,060","131,289","29,800","19,253","85,540","432,467","2,420","1,770","5,515","1,040","3,850","3,880","-9,624","43,060","34,080",320,67,40,232,"3,480","9,387",600,"1,959","5,800","5,088","451,130","4,931,287","451,130","4,759,149","94,440","172,139","3,300","75,192","17,320","2,660","55,025","1,450","1,830","1,310",775,"1,690","4,298",930,295,"2,770","6,298","3,080","7,200","1,110","7,475",0,0,0,0,0,0,"1,500","2,123",40,254,500,142,"11,030","20,637","8,360","2,129",0,0,"2,400",849,"1,470",181,890,28,0,0,20,4,0,0,150,60,0,0,"35,620","25,199","6,800","40,652","7,060","39,505",90,43,"374,480","304,383","117,040","132,965","106,630","121,687","37,910","25,287","9,600","8,162","3,970","3,196","7,900","1,923","47,840","28,551",0,0,0,0,"25,250","11,503","360,920","287,364","359,890","284,906","1,500","2,032",
00,"$10,000 under $25,000","615,380","384,010","89,270","130,190","566,120","24,780","270,130","465,010","969,070","315,170","18,660","8,860","9,820","2,170","130,500","155,120","10,546,520","615,380","10,671,586","480,140","7,940,235","95,140","62,967","51,000","94,666","46,800","59,804","6,640","2,889","83,840","669,302","40,370","80,335","139,230","1,629,229","4,740","7,830","31,834","65,110","120,189","8,410","6,612","100,960","125,066","2,640",589,40,173,"7,210","20,673","2,760","8,623","26,370","23,042","607,480","9,255,157","607,480","9,019,732","123,470","235,425","7,880","197,054","141,484","6,310","131,041","5,100","7,917","2,360","1,914","4,670","10,330","3,080","1,089","7,020","18,066","7,710","20,232","3,020","18,841",20,86,0,0,160,157,"4,710","17,510",370,"3,848","25,990","17,637","378,790","2,129,284","375,200","215,565",30,42,"7,880","3,480","141,140","46,700","4,790",212,"7,630","2,559","23,030","11,053","53,970","8,161","64,960","24,416",240,95,"69,360","113,871","19,350","101,623","19,900","99,639","24,780","12,934","580,790","1,708,860","212,630","718,527","192,530","646,266","149,560","259,940","22,920","19,381","10,290","8,424","279,980","168,864","344,850","299,385",0,0,0,0,"43,350","44,802","551,630","1,452,912","549,120","1,446,341","3,920","6,013",
00,"$25,000 under $50,000","768,530","408,770","178,870","155,500","712,160","27,950","350,760","588,800","1,400,590","460,410","14,000","7,520","6,500","1,050","155,270","168,760","27,987,531","768,530","28,251,431","670,560","23,164,180","138,980","97,371","75,790","175,765","70,220","116,488","30,300","11,086","76,750","643,451","62,110","187,799","161,740","2,786,329","8,580","13,050","53,168","131,820","947,263","16,170","85,482","154,340","263,900","10,990","2,581",480,"3,342","10,750","44,604","9,060","33,215","81,470","84,267","749,360","12,144,306","749,360","11,920,097","113,360","224,211","19,170","470,557","731,763","12,230","225,091","16,440","34,184","2,300","3,177","12,630","28,574","9,450","4,387","17,240","60,234","19,010","67,501","9,690","61,929",140,732,270,273,170,317,"13,970","86,241","1,540","20,030","63,200","95,095","761,470","15,224,163","756,520","1,657,235",0,0,"15,960","12,846","341,470","400,213","17,530","1,024","28,210","16,539","38,000","38,680","138,230","26,354","235,840","313,972","1,700","1,519","55,160","126,414","23,960","115,460","25,850","125,356","36,560","23,082","754,720","3,133,084","175,250","385,073","156,180","339,634","164,520","340,298","23,230","19,562","7,950","8,147","575,880","1,257,028","613,510","1,417,421",20,20,0,0,"87,650","120,524","677,490","1,828,877","672,400","1,812,933","7,880","14,903",
00,"$50,000 under $75,000","446,670","167,460","213,500","53,200","412,760","16,580","229,710","315,130","961,910","302,770","4,110","1,730","2,390",0,"64,500","123,440","27,484,197","446,670","27,735,584","390,610","21,712,954","128,610","103,322","73,950","225,698","68,980","155,489","49,930","19,813","58,370","539,122","62,000","277,686","124,210","2,922,642","8,110","10,170","41,889","97,200","1,554,496","18,040","174,209","120,920","251,387","10,580","2,599",610,"5,362","8,580","47,363","8,540","37,240","63,490","71,555","422,200","7,977,148","422,200","7,822,911","78,810","154,238","24,460","596,022","1,534,713","11,510","208,602","22,790","70,850","1,410","2,661","19,790","47,060","14,350","6,188","22,240","109,726","24,390","120,565","16,330","109,421",390,"1,889",480,472,300,668,"19,130","126,673","1,380","18,105","57,660","134,613","445,780","18,727,315","444,940","2,258,580",0,0,"6,620","12,646","202,710","447,579","21,610","1,822","19,480","10,328","25,470","30,559","41,820","6,886","157,350","390,530","1,490","2,274","43,750","107,964","6,290","35,405","8,940","48,192","12,150","11,061","441,470","2,823,518","5,550","2,326","4,250","1,778","45,250","87,657","16,610","14,894","1,740","2,223","398,080","1,810,999","411,250","1,946,264",0,0,0,0,"81,440","155,338","364,220","1,027,104","357,960","1,006,743","9,250","19,642",
00,"$75,000 under $100,000","295,670","59,440","213,890","18,010","273,570","10,920","160,750","202,300","743,730","234,600","1,300",400,920,0,"32,780","88,980","25,624,728","295,670","25,846,419","261,520","19,879,154","112,480","102,743","67,340","247,132","63,010","175,306","52,590","26,514","46,620","493,313","56,670","347,976","94,900","2,797,959","6,730","6,990","27,874","68,770","1,467,483","17,940","253,523","91,710","221,691","10,620","2,786",710,"7,112","6,930","47,092","6,700","32,893","45,150","53,736","271,450","5,915,309","271,450","5,803,430","55,140","111,880","24,220","613,550","2,111,328","8,310","157,290","23,170","97,841",880,"1,916","21,410","54,456","15,550","6,316","22,390","142,154","24,180","153,343","18,240","130,428",230,"1,027",550,446,390,965,"19,750","140,933","1,250","18,460","50,650","150,924","295,340","18,910,741","294,910","2,368,675",30,67,"2,520","7,973","143,740","413,220","20,790","2,380","20,750","11,880","22,400","28,708",0,0,"121,450","361,709","1,110","2,308","36,000","96,448","1,430","6,543","3,000","15,517","4,300","5,324","293,180","2,707,944",0,0,0,0,"8,800","15,520","15,530","14,379",180,248,"285,500","1,955,454","288,570","2,075,290",0,0,0,0,"61,080","152,345","234,090","781,228","228,050","757,278","8,790","23,621",
00,"$100,000 under $200,000","390,960","40,960","335,540","11,560","361,670","16,100","219,070","220,570","1,092,480","366,320",680,170,510,0,"26,060","116,210","52,097,587","390,960","52,583,442","351,820","39,957,339","198,350","237,153","131,810","710,102","124,420","531,872","132,670","95,247","70,250","1,128,500","114,230","1,225,533","133,060","5,327,594","10,190","7,480","30,432","80,920","2,036,919","43,960","1,211,809","143,440","485,855","21,270","5,734","3,260","45,837","14,540","128,793","10,860","58,371","62,420","72,466","329,780","7,686,380","329,780","7,551,295","64,410","135,086","61,190","1,816,728","8,716,630","12,110","227,962","59,690","403,573","1,290","3,794","57,350","178,818","42,300","20,094","57,930","499,484","61,160","528,613","50,100","442,848",800,"4,181","1,840","1,312","1,730","6,833","54,340","529,838","3,230","62,042","91,020","480,426","390,850","42,060,946","390,570","6,220,471",240,852,"1,820","8,506","224,430","672,244","45,400","9,869","37,700","21,525","39,010","53,014",0,0,"185,810","563,112","1,690","5,462","55,860","210,224",60,344,"1,940","10,056","3,100","6,119","388,230","6,395,540",0,0,0,0,"1,280","2,975","31,980","31,255",0,0,"388,680","5,548,233","389,350","5,813,140","1,780",461,580,193,"129,300","499,909","261,020","1,075,009","248,070","982,697","18,780","91,795",
00,"$200,000 under $500,000","88,810","7,740","78,740","1,840","82,390","4,300","61,230","29,400","261,620","94,440",0,0,0,0,"1,800","29,120","25,188,370","88,810","25,584,150","78,950","16,286,115","67,200","200,990","53,960","716,659","51,780","563,253","36,420","59,755","20,860","881,108","51,300","1,543,950","31,230","2,023,680","2,950",610,"2,724","17,370","487,767","29,030","2,767,166","31,970","395,780","2,960",743,"4,230","115,189","10,880","135,772","1,920","18,478",0,0,"51,560","1,223,815","51,560","1,198,006","12,130","25,798","37,280","1,454,121","11,071,672","1,950","52,066","36,540","511,726",680,"1,974","35,400","171,503","23,810","13,989","36,150","356,569","37,270","378,690","30,810","377,522",480,"3,115","1,310",541,"2,710","15,391","35,020","531,343","2,320","80,119","38,900","608,715","88,780","21,889,948","88,770","4,267,714",800,"4,344",190,"1,118","61,340","191,801","25,590","22,334","8,210","4,353",0,0,0,0,"41,800","129,293",430,"2,038","20,350","144,557",0,0,220,"1,222",550,"2,109","88,000","4,358,739",0,0,0,0,0,0,0,0,0,0,"88,690","4,075,792","88,770","4,314,184","33,650","25,150","42,400","43,636","43,150","491,450","45,430","526,867","35,300","327,521","13,700","198,499",
00,"$500,000 or more","19,190","1,810","16,880",340,"17,990",940,"16,960","3,110","56,110","20,970",0,0,0,0,0,"6,910","24,437,335","19,190","24,714,355","16,830","8,498,176","18,010","389,930","15,590","1,169,599","15,190","914,546","9,430","139,862","5,370","475,635","15,990","4,725,154","5,620","374,723",680,0,0,"3,340","100,202","13,340","7,645,441","10,790","277,020",50,11,"2,110","93,845","5,440","82,335",530,"5,582",0,0,"6,390","150,227","6,390","146,575","1,680","3,522","12,800","1,466,159","18,253,317",30,"1,241","12,490","825,614",170,425,"11,950","115,714","6,670","5,499","12,430","123,990","12,800","177,465","8,990","144,729",90,"1,205",480,74,"2,720","65,606","12,340","923,900","1,430","83,126","11,800","1,144,952","19,180","21,651,960","19,180","6,075,558",880,"17,204",0,0,"12,870","172,413","10,470","95,056",990,578,0,0,0,0,90,158,30,154,"6,920","78,648",0,0,0,0,20,124,"19,070","6,431,576",0,0,0,0,0,0,0,0,0,0,"19,170","5,893,700","19,170","6,211,127","12,440","56,875","17,190","163,597","8,820","687,924","10,260","905,216","4,330","198,618","7,060","685,988",
,,,,,,,,,,,,,,,,,,,,,,,,,,,,,,,,,,,,,,,,,,,,,,,,,,,,,,,,,,,,,,,,,,,,,,,,,,,,,,,,,,,,,,,,,,,,,,,,,,,,,,,,,,,,,,,,,,,,,,,,,,,,,,,,,,,,,,,,,,,,,,,,,,,,,,,
01,,"339,360","162,780","118,030","51,780","305,990","17,310","174,900","231,380","638,420","205,890","5,780","2,880","2,900",590,"49,100","94,520","21,016,631","338,280","21,214,598","276,470","15,300,679","86,560","121,996","54,390","317,441","50,690","237,901","43,670","33,638","42,920","477,821","44,290","616,930","92,720","2,396,207",960,"8,050","39,942","55,980","837,231","14,920","1,001,398","71,280","197,967","7,570","1,933","1,000","23,738","5,850","47,829","4,420","22,262","28,420","29,716","311,080","5,248,146","311,080","5,130,100","61,410","118,047","25,120","743,199","4,226,988","7,300","120,342","23,200","189,369","1,710","3,058","22,170","89,370","14,330","6,891","23,060","171,442","25,060","187,471","19,480","177,020",330,"1,860",840,561,800,"8,247","20,680","194,593","1,840","47,613","31,470","226,213","260,110","15,338,513","259,010","2,459,629",210,"1,605","4,330","5,509","118,380","231,774","14,470","5,064","10,490","5,578","16,720","18,545","20,060","3,496","87,260","188,014",800,"1,422","32,730","88,147","6,500","33,725","7,620","38,679","7,430","5,779","323,260","3,011,586","57,910","151,287","52,520","133,870","43,090","74,018","15,140","13,850","2,680","2,324","226,150","2,227,847","243,740","2,358,752","4,440","5,991","5,300","15,392","52,230","220,847","275,930","867,615","271,170","783,137","6,590","84,214",
01,Under $1,"3,150","2,040",880,140,"2,110",620,"1,810",880,"4,460",610,20,20,**,0,120,"1,800","-179,172","2,070","-177,218",590,"20,276",790,"2,340",550,"2,256",500,"1,468",80,152,910,"-13,035",820,"5,833",590,"7,337",70,**,**,**,**,540,"-45,368",460,"1,954",**,**,0,0,110,629,**,**,120,143,0,0,0,0,0,0,0,0,0,0,0,0,0,0,0,0,0,0,0,0,0,0,0,0,0,0,0,0,0,0,0,0,0,0,0,0,0,0,0,80,21,0,0,70,12,**,**,0,0,0,0,0,0,0,0,**,**,0,0,260,473,260,"1,858",270,"1,711",0,0,"1,400","8,609",220,310,160,250,90,180,120,115,170,195,70,11,390,626,20,10,0,0,230,243,"1,310","6,660","1,260","5,504",80,907,
01,"$1 under $10,000","48,860","41,250","3,140","3,980","42,930","3,170","19,930","28,800","43,140","8,960","2,110",970,"1,140",280,"4,560","12,270","249,814","48,860","253,367","35,570","186,434","7,240","3,091","4,050","4,127","3,680","2,666",270,109,"4,490","13,433","3,120","1,250","9,530","46,502",50,300,953,130,523,370,"-1,880","4,490","3,553",70,15,20,95,290,851,80,312,690,628,"48,450","522,692","48,450","504,879","10,040","17,813",420,"8,114","2,086",330,"5,117",180,169,180,108,260,838,130,48,360,964,400,"1,082",170,"1,217",0,0,0,0,**,**,210,298,**,**,60,15,"1,250","2,362",970,255,0,0,280,97,170,23,100,3,0,0,**,**,**,**,40,12,0,0,"3,610","2,661",740,"4,249",770,"4,146",**,**,"40,560","34,830","13,110","15,503","12,010","14,073","4,240","2,956","1,330","1,142",440,358,920,235,"4,990","3,035",0,0,0,0,"2,480","1,123","39,180","32,908","39,080","32,587",140,308,
01,"$10,000 under $25,000","70,630","43,120","8,130","18,240","64,280","3,250","31,050","55,070","115,030","42,070","1,860","1,000",870,230,"16,400","16,620","1,197,142","70,630","1,211,539","54,670","890,568","9,630","6,845","5,370","10,526","4,920","6,919",820,275,"11,130","88,379","4,040","6,255","15,260","184,383",80,"1,230","5,721","7,530","14,423",850,509,"12,860","14,397",400,93,**,**,600,"1,715",290,"1,002","2,960","2,485","69,620","1,050,637","69,620","1,026,949","12,770","23,688","1,010","24,137","17,984",810,"14,464",630,"1,089",340,316,680,"1,943",420,170,890,"2,825","1,000","3,221",470,"3,428",**,**,**,**,30,42,650,"2,106",80,770,"2,660","1,771","43,020","233,349","42,630","23,630",**,**,990,410,"16,270","5,378",490,21,800,254,"2,770","1,270","5,670",931,"7,990","2,874",50,17,"9,350","15,362","2,260","11,515","2,350","11,432","2,300","1,256","67,220","213,071","27,540","98,556","25,250","87,218","19,590","33,643","3,410","3,061","1,150",901,"30,940","18,252","39,810","35,312",0,0,0,0,"4,630","4,669","64,040","182,305","63,790","181,571",390,734,
01,"$25,000 under $50,000","74,140","39,520","15,720","16,630","67,240","3,440","35,950","56,260","131,880","42,770","1,270",730,540,80,"14,370","19,450","2,692,248","74,140","2,717,444","61,080","2,100,609","13,760","10,732","7,830","19,385","7,220","13,251","3,950","1,218","7,200","53,031","5,850","16,145","19,170","370,451",120,"1,810","9,508","15,570","119,233","1,570","8,637","14,390","25,196","1,470",353,50,385,890,"3,895",890,"3,354","7,640","7,765","71,480","1,153,839","71,480","1,127,892","13,280","25,947","2,650","59,292","101,894","1,670","25,825","2,250","4,455",370,519,"1,920","5,312","1,320",513,"2,330","9,332","2,640","10,597","1,560","9,901",60,329,70,43,**,**,"2,030","10,142",150,"1,599","5,530","8,439","73,400","1,462,559","72,990","159,566",0,0,"1,810","1,487","31,870","37,229","1,740",101,"2,670","1,635","4,240","4,451","11,500","2,081","22,340","28,614",220,232,"4,930","11,924","2,520","12,015","2,760","13,499","3,160","2,093","72,680","299,089","16,660","36,760","14,800","32,203","14,870","29,599","2,770","2,395",740,666,"56,410","122,337","59,560","137,491",**,**,0,0,"9,150","13,051","64,720","174,070","64,250","172,682",690,"1,388",
01,"$50,000 under $75,000","46,680","20,070","18,200","6,930","42,050","2,280","26,120","32,450","92,370","27,610",330,120,210,**,"6,200","14,500","2,880,861","46,680","2,905,031","38,980","2,164,280","13,090","11,751","7,940","26,225","7,410","18,806","6,740","2,199","5,160","46,000","6,240","23,726","14,880","399,895",130,"1,630","8,844","11,540","194,337","1,740","15,701","11,140","24,170","1,320",326,70,584,750,"4,493",880,"4,043","5,870","6,405","42,980","776,928","42,980","758,904","9,290","18,025","3,690","83,296","232,149","1,590","25,371","3,410","10,531",250,531,"3,060","8,563","2,100",941,"3,270","17,785","3,680","19,749","2,630","17,939",40,223,80,108,30,58,"2,880","15,887",220,"2,390","4,960","11,265","46,590","2,000,528","46,540","246,236",0,0,660,"1,352","19,060","40,230","2,220",176,"1,460",784,"2,660","3,272","2,890",484,"15,010","34,860",190,325,"3,660","9,507",580,"3,394",890,"4,839","1,130","1,067","46,100","308,259",380,158,300,126,"3,510","6,296","1,830","1,675",160,176,"42,890","206,005","43,830","218,248",0,0,0,0,"8,780","17,991","37,840","107,437","37,280","105,381",810,"2,055",
01,"$75,000 under $100,000","34,080","9,220","20,790","3,350","30,940","1,510","20,310","23,460","79,820","24,990",140,40,90,0,"3,640","10,790","2,961,548","34,080","2,982,217","29,550","2,258,832","11,890","11,577","7,500","26,869","6,980","19,286","7,790","3,291","4,210","40,764","5,870","31,188","11,490","379,145",110,"1,310","6,363","8,380","184,476","1,680","24,509","8,340","20,669","1,150",306,80,911,600,"4,290",710,"3,671","3,970","4,421","29,970","623,592","29,970","610,570","6,500","13,022","4,110","94,677","358,439","1,130","17,657","3,920","17,056",170,424,"3,740","11,280","2,540","1,115","3,760","26,059","4,100","28,148","3,380","24,484",60,231,130,94,50,63,"3,260","18,928",270,"3,821","4,530","12,694","34,050","2,223,549","34,020","291,129",**,**,280,939,"15,560","41,962","2,220",242,"1,460",760,"2,330","3,023",0,0,"13,230","37,091",150,344,"3,050","8,540",140,694,320,"1,657",460,556,"33,810","337,520",0,0,0,0,680,"1,104","1,730","1,594",20,28,"33,300","249,167","33,490","260,230",**,**,0,0,"6,770","17,727","27,280","94,549","26,680","91,893",860,"2,656",
01,"$100,000 under $200,000","50,890","6,520","41,600","2,270","46,420","2,440","31,500","30,860","140,350","47,920",50,**,50,0,"3,610","15,140","6,817,482","50,890","6,865,103","46,240","5,381,545","22,310","27,867","14,860","74,870","13,950","56,200","19,270","11,026","7,460","112,054","12,340","108,280","17,690","719,360",270,"1,630","7,832","10,520","260,158","4,260","102,493","15,740","47,621","2,800",747,300,"4,169","1,190","11,367","1,260","6,857","7,170","7,869","42,230","970,254","42,230","953,968","7,960","16,285","8,660","247,081","1,215,378","1,560","26,587","8,380","56,397",260,795,"8,160","30,442","5,480","2,664","8,070","71,154","8,660","76,402","7,480","68,515",100,622,340,231,180,995,"7,400","60,323",650,"12,115","9,100","42,850","50,870","5,547,156","50,850","839,704",60,149,200,971,"28,460","83,317","4,720",860,"3,470","1,803","4,720","6,529",0,0,"24,410","72,100",170,443,"5,510","20,038",**,**,220,"1,151",330,616,"50,640","881,261",0,0,0,0,110,240,"3,950","3,868",0,0,"50,700","756,387","50,750","783,630",270,64,80,33,"15,050","56,962","35,790","153,598","34,510","144,300","1,780","9,298",
01,"$200,000 under $500,000","9,320",880,"8,170",220,"8,530",520,"6,800","3,350","26,830","9,380",**,0,**,0,200,"3,280","2,556,662","9,320","2,593,312","8,380","1,682,144","6,380","18,855","5,010","67,740","4,780","49,130","3,970","5,187","1,900","90,239","4,700","137,311","3,580","243,230",100,140,721,"1,970","53,684","2,750","232,537","2,980","36,650",360,93,350,"9,396",970,"13,212",250,"2,370",0,0,"5,760","136,261","5,760","133,389","1,370","2,872","3,560","135,963","1,021,590",210,"5,321","3,460","46,362",100,272,"3,390","20,084","1,940","1,111","3,400","33,538","3,560","36,342","3,050","39,436",70,455,170,75,250,"1,759","3,270","37,886",340,"14,356","3,590","53,917","9,320","2,228,861","9,320","434,679",90,432,40,241,"5,980","16,920","2,140","1,346",580,305,0,0,0,0,"4,240","12,463",20,61,"1,810","13,359",0,0,40,244,50,191,"9,250","446,123",0,0,0,0,0,0,0,0,0,0,"9,310","417,760","9,320","440,422","3,100","2,100","3,810","3,981","4,400","48,671","4,910","53,678","3,960","34,131","1,260","19,547",
01,"$500,000 or more","1,610",160,"1,400",20,"1,490",80,"1,430",250,"4,540","1,580",0,0,0,0,**,670,"1,840,046","1,610","1,863,803","1,410","615,991","1,470","28,938","1,280","85,443","1,250","70,175",780,"10,181",460,"46,956","1,310","286,942",530,"45,904",30,0,0,340,"10,397","1,160","664,260",880,"23,757",**,**,130,"8,198",450,"7,377",60,653,0,0,590,"13,943",590,"13,549",200,395,"1,020","90,639","1,277,468",**,**,970,"53,310",40,93,960,"10,908",400,329,980,"9,785","1,020","11,930",740,"12,100",**,**,50,10,260,"5,330",980,"49,023",130,"12,562","1,040","95,262","1,610","1,640,149","1,610","464,409",60,"1,024",0,0,"1,010","6,715",840,"2,315",50,37,0,0,0,0,**,**,0,0,550,"6,283",0,0,0,0,0,0,"1,600","482,824",0,0,0,0,0,0,0,0,0,0,"1,610","457,693","1,600","479,758","1,050","3,817","1,410","11,378",740,"60,410",860,"62,410",360,"15,088",580,"47,321",
,,,,,,,,,,,,,,,,,,,,,,,,,,,,,,,,,,,,,,,,,,,,,,,,,,,,,,,,,,,,,,,,,,,,,,,,,,,,,,,,,,,,,,,,,,,,,,,,,,,,,,,,,,,,,,,,,,,,,,,,,,,,,,,,,,,,,,,,,,,,,,,,,,,,,,,
02,,"336,900","158,400","127,190","45,020","310,150","13,590","162,980","230,140","651,880","213,000","5,200","3,620","1,590",720,"49,200","89,840","19,673,961","335,810","19,887,665","282,040","14,062,379","95,130","143,988","50,120","362,986","46,710","277,226","28,990","35,916","42,010","479,266","44,410","871,836","79,270","1,664,476","5,750","5,180","18,484","48,510","687,557","16,060","1,362,413","71,670","213,704","6,190","1,579","1,060","25,107","7,240","54,151","5,180","25,647","27,290","29,352","317,070","5,423,176","317,070","5,305,043","60,230","118,121","16,110","642,012","4,040,684","5,390","109,886","14,930","194,601",940,"1,367","13,830","51,019","8,740","4,335","15,100","108,803","16,040","121,381","10,620","90,306",170,893,390,256,750,"8,556","13,440","253,225","1,240","36,871","35,550","319,388","257,280","13,874,080","256,000","2,244,910",200,"3,094","4,060","4,646","121,850","246,604","14,650","9,551","10,960","5,980","13,730","15,594","26,590","4,693","88,590","195,512",940,"1,764","34,060","92,874","6,560","31,584","7,440","34,929","10,450","7,755","318,890","2,826,705","57,820","141,196","52,140","127,557","48,670","89,848","11,420","10,305","2,820","2,655","215,870","1,995,300","233,720","2,138,098","3,760","8,012","5,440","21,991","47,450","213,989","276,300","902,178","270,460","770,521","8,470","129,628",
02,Under $1,"3,730","2,160","1,380",100,"2,610",630,"2,350",910,"5,870",890,20,20,**,0,80,"2,290","-172,532","2,640","-170,442",790,"26,431","1,230","3,177",710,"4,013",650,"2,526",60,137,"1,170","-10,751","1,010","11,028",740,"9,866",440,**,**,**,**,620,"-65,397",640,"2,090",**,**,**,**,170,845,**,**,110,115,0,0,0,0,0,0,0,0,0,0,0,0,0,0,0,0,0,0,0,0,0,0,0,0,0,0,0,0,0,0,0,0,0,0,0,0,0,0,0,70,24,**,**,60,12,**,**,0,0,0,0,0,0,0,0,0,0,0,0,390,731,320,"2,129",330,"1,910",0,0,"1,640","7,449",210,287,130,205,100,206,90,75,230,301,70,21,520,921,**,**,0,0,300,402,"1,510","6,937","1,450","6,360",80,232,
02,"$1 under $10,000","50,340","41,310","4,820","3,740","44,780","2,930","19,800","28,750","46,090","9,300","1,920","1,270",650,360,"4,380","13,870","256,594","50,340","260,354","36,360","191,009","8,820","4,014","4,080","4,280","3,700","2,556",210,106,"4,650","14,435","3,370","2,689","10,040","48,433",290,190,555,120,465,410,"-1,435","4,650","3,760",30,7,**,**,420,"1,095",100,398,540,480,"49,970","560,972","49,970","539,115","11,820","21,858",370,"8,652","2,010",310,"6,635",160,273,140,84,200,475,100,24,310,741,350,864,120,691,0,0,0,0,**,**,160,227,**,**,50,20,"1,060","1,983",900,225,0,0,300,102,150,23,80,2,0,0,**,**,**,**,20,7,0,0,"3,840","2,681",830,"4,588",850,"4,366",30,12,"41,010","33,642","12,630","14,768","11,530","13,591","4,310","2,820",790,652,460,394,840,202,"5,060","2,998",0,0,0,0,"2,660","1,183","39,640","31,832","39,530","31,540",170,224,
02,"$10,000 under $25,000","66,670","41,240","10,080","14,110","61,570","2,490","28,760","50,560","106,300","35,060","1,720","1,250",470,260,"14,030","17,190","1,145,105","66,670","1,157,530","52,780","872,893","11,740","8,958","5,720","10,882","5,230","6,677",730,348,"8,170","65,705","4,690","9,567","14,690","163,369",530,880,"3,425","7,020","12,879",910,-193,"10,280","12,425",290,66,**,**,770,"2,249",330,997,"2,610","2,227","65,860","1,010,020","65,860","983,577","13,730","26,443",810,"20,784","14,455",670,"14,694",540,870,230,170,490,954,300,94,730,"1,799",790,"1,995",290,"1,490",20,86,**,**,30,41,480,"1,801",50,441,"2,670","1,886","40,950","231,501","40,580","23,426",0,0,860,383,"15,320","5,088",560,21,820,282,"1,920",930,"6,030",912,"7,530","2,915",30,9,"6,980","11,143","2,080","9,796","2,110","9,530","2,920","1,486","62,750","188,678","23,340","80,101","21,220","72,976","16,660","29,136","2,010","1,687","1,070",834,"30,180","18,338","36,820","31,336",0,0,0,0,"4,330","4,170","59,880","161,375","59,590","160,739",490,619,
02,"$25,000 under $50,000","89,320","46,840","21,070","18,700","83,350","2,900","40,930","69,560","167,410","57,850","1,170",870,300,100,"17,730","18,830","3,259,736","89,320","3,287,451","79,470","2,762,966","17,500","12,480","8,180","20,663","7,540","12,876","3,100","1,072","7,830","64,264","6,950","24,602","16,800","270,508","1,030","1,490","5,377","14,170","101,381","1,750","6,630","16,100","27,715","1,230",288,60,433,"1,170","4,899","1,140","4,469","8,130","8,190","87,600","1,424,251","87,600","1,399,447","12,440","24,805","1,720","42,308","65,925","1,210","22,089","1,470","3,371",200,265,"1,200","2,627",840,383,"1,580","5,596","1,710","6,111",840,"5,129",**,**,30,37,**,**,"1,240","7,006",90,876,"6,890","10,233","88,590","1,775,659","87,950","193,026",0,0,"1,680","1,366","40,150","48,522","2,100",126,"2,970","1,719","3,420","3,487","15,390","2,930","28,900","39,911",230,184,"5,910","12,992","2,490","11,059","2,700","12,058","4,860","3,037","87,890","370,026","20,900","45,724","18,700","40,542","20,080","42,036","2,130","1,770",850,890,"66,180","144,504","70,530","161,500",**,**,0,0,"9,170","11,092","79,740","218,857","79,070","216,161","1,050","1,811",
02,"$50,000 under $75,000","51,080","17,530","26,430","5,930","47,560","1,650","26,820","36,620","117,380","39,990",280,170,110,**,"7,100","13,600","3,135,038","51,080","3,162,222","45,450","2,542,381","16,010","12,859","7,670","24,723","7,140","16,560","5,050","1,917","6,570","59,898","6,670","33,202","12,640","274,844","1,100","1,200","4,222","10,360","164,010","1,920","18,842","12,800","27,184","1,100",267,60,499,890,"5,092","1,170","5,220","6,040","6,723","48,850","942,538","48,850","925,695","8,640","16,843","2,230","56,646","140,081","1,130","22,551","2,080","6,931",130,238,"1,830","3,947","1,260",500,"2,020","9,844","2,220","10,863","1,420","9,234",20,92,50,47,20,20,"1,710","10,969",140,"1,607","6,660","15,423","50,970","2,115,304","50,870","252,139",0,0,730,"1,286","24,560","56,444","2,420",190,"1,920",980,"2,520","3,071","5,170",851,"19,400","50,399",280,373,"5,050","11,900",700,"3,469",960,"4,793","1,660","1,519","50,520","319,421",740,316,560,243,"6,160","12,970","1,720","1,532",180,210,"44,520","195,695","46,150","210,613",0,0,0,0,"8,680","15,490","42,250","123,620","41,420","121,007","1,220","2,327",
02,"$75,000 under $100,000","31,670","5,150","24,660","1,490","29,480","1,090","17,380","21,770","84,150","27,860",90,40,60,0,"3,460","9,510","2,738,848","31,670","2,763,130","28,220","2,152,522","13,190","12,143","6,630","26,261","6,160","17,947","5,110","2,514","5,120","56,639","5,840","41,691","9,420","258,236",830,700,"2,325","7,130","152,155","1,910","28,307","10,080","24,282","1,240",332,70,728,710,"4,890",870,"4,454","4,650","5,483","29,700","660,735","29,700","648,703","5,950","12,033","1,970","53,563","172,060",800,"16,133","1,870","8,000",90,159,"1,710","4,552","1,130",450,"1,830","11,509","1,970","12,327","1,360","9,300",20,89,20,5,50,198,"1,590","12,665",130,"2,102","5,750","17,567","31,640","2,003,394","31,590","245,057",**,**,250,780,"15,940","48,211","2,170",226,"2,120","1,226","2,330","3,119",0,0,"13,640","42,671",190,367,"4,110","10,646",140,543,300,"1,456",570,727,"31,390","280,185",0,0,0,0,"1,210","2,276","1,690","1,625",30,26,"30,290","196,846","30,750","209,795",**,**,0,0,"6,520","15,407","25,090","85,344","24,340","82,922","1,100","2,422",
02,"$100,000 under $200,000","34,920","3,270","30,690",790,"32,280","1,460","19,930","19,220","98,280","32,700",**,**,**,0,"2,270","11,090","4,577,690","34,920","4,626,400","31,100","3,423,230","19,130","25,585","11,280","68,181","10,650","51,360","10,950","8,024","6,280","118,939","10,110","123,603","11,850","450,341","1,150",680,"2,423","7,650","196,939","4,260","124,770","13,070","48,710","2,040",556,310,"4,527","1,450","13,215","1,250","6,966","5,210","6,134","30,190","708,638","30,190","695,358","6,300","13,280","4,730","146,874","671,988","1,080","22,032","4,620","32,557",90,218,"4,380","13,140","2,930","1,412","4,470","38,171","4,720","40,665","3,540","28,588",50,285,130,112,150,853,"4,190","45,742",360,"7,201","8,730","51,516","34,910","3,666,739","34,880","531,111",30,109,150,599,"19,570","59,449","4,150",812,"2,670","1,521","3,540","4,987",0,0,"15,980","49,640",170,529,"5,270","20,947",**,**,160,693,350,715,"34,610","551,314",0,0,0,0,150,404,"2,990","2,964",0,0,"34,640","471,663","34,730","497,703",130,43,30,10,"11,710","45,828","23,130","98,828","21,700","88,494","2,140","10,334",
02,"$200,000 under $500,000","7,260",700,"6,410",120,"6,740",340,"5,310","2,420","20,990","7,360",**,0,**,0,150,"2,730","2,083,639","7,260","2,122,443","6,220","1,218,751","5,730","22,177","4,340","65,445","4,160","51,352","2,870","5,747","1,730","73,226","4,210","141,834","2,570","162,305",290,40,157,"1,680","48,465","2,860","311,585","2,920","38,804",260,63,390,"11,213","1,060","13,041",240,"2,280",0,0,"4,300","101,935","4,300","99,436","1,180","2,500","2,970","128,005","897,351",190,"5,752","2,910","44,438",60,233,"2,790","12,776","1,600",972,"2,900","28,543","2,970","30,423","2,240","23,784",40,198,110,44,230,"1,407","2,800","54,226",290,"11,017","3,560","65,979","7,260","1,786,772","7,260","346,758",70,543,30,118,"4,910","15,294","2,170","1,825",400,209,0,0,0,0,"3,120","9,969",40,302,"1,830","14,483",0,0,30,123,60,259,"7,190","366,219",0,0,0,0,0,0,0,0,0,0,"7,250","331,464","7,260","353,772","2,510","1,944","3,720","3,987","3,290","42,429","3,960","54,363","2,920","32,232","1,440","22,130",
02,"$500,000 or more","1,910",200,"1,650",40,"1,780",100,"1,700",330,"5,410","1,990",0,0,0,0,**,730,"2,649,843","1,910","2,678,577","1,650","872,196","1,780","42,595","1,510","138,538","1,480","115,372",910,"16,051",490,"36,911","1,560","483,620",520,"26,574",90,0,0,380,"11,263","1,420","939,304","1,130","28,734",**,**,170,"7,707",600,"8,825",80,863,0,0,600,"14,087",600,"13,712",170,359,"1,310","185,180","2,076,814",**,**,"1,280","98,161",**,**,"1,230","12,548",580,500,"1,260","12,600","1,310","18,133",810,"12,090",20,143,50,11,270,"6,037","1,270","120,589",180,"13,627","1,240","156,764","1,900","2,292,728","1,900","653,144",100,"2,442",0,0,"1,250","13,573","1,000","6,349",60,43,0,0,0,0,**,**,**,**,680,"7,351",0,0,0,0,**,**,"1,890","709,771",0,0,0,0,0,0,0,0,0,0,"1,900","636,567","1,900","669,460","1,120","6,025","1,690","17,994",790,"77,988","1,100","121,022",440,"31,066",780,"89,529",
,,,,,,,,,,,,,,,,,,,,,,,,,,,,,,,,,,,,,,,,,,,,,,,,,,,,,,,,,,,,,,,,,,,,,,,,,,,,,,,,,,,,,,,,,,,,,,,,,,,,,,,,,,,,,,,,,,,,,,,,,,,,,,,,,,,,,,,,,,,,,,,,,,,,,,,
03,,"353,730","166,310","140,060","40,770","324,770","15,510","174,770","232,990","688,400","222,330","9,870","3,720","6,150",900,"45,130","93,410","20,967,707","352,740","21,201,736","294,230","14,970,822","100,190","141,624","59,450","368,894","55,600","278,481","32,150","34,942","47,270","566,425","52,740","793,249","87,350","1,858,969","9,600","4,250","14,953","52,000","733,936","19,990","1,591,550","81,070","234,029","6,040","1,521",980,"21,347","8,910","64,479","5,120","24,738","33,560","36,919","332,730","5,725,491","332,730","5,602,552","62,390","122,931","17,190","636,451","4,127,504","5,580","117,017","15,930","182,180","1,060","1,393","14,860","50,218","9,950","4,988","16,290","116,948","17,120","125,212","11,690","106,191",180,998,310,207,790,"9,269","14,390","244,328",750,"23,393","42,290","365,206","271,310","14,960,959","269,850","2,400,757",190,"2,436","4,600","5,428","128,600","269,625","16,390","5,898","12,860","7,033","16,140","18,042","28,200","5,139","91,180","212,546","1,030","2,267","36,310","92,682","7,160","34,470","8,230","38,418","9,930","7,114","334,080","2,951,266","55,420","133,492","49,730","120,229","46,640","88,956","13,110","11,912","3,050","2,897","229,870","2,130,890","248,070","2,270,241","4,020","6,684","5,900","19,528","51,780","218,958","287,640","897,286","281,840","775,941","8,850","118,876",
03,Under $1,"3,830","2,150","1,480",110,"2,840",620,"2,570",920,"6,230","1,080",30,**,30,0,70,"2,260","-296,455","2,840","-294,130",810,"26,242","1,230","5,060",780,"11,456",700,"8,067",70,273,"1,230","-11,006","1,150","21,152",770,"8,813",600,**,**,0,0,680,"-114,242",690,"2,325",30,5,0,0,210,994,**,**,120,159,0,0,0,0,0,0,0,0,0,0,0,0,0,0,0,0,0,0,0,0,0,0,0,0,0,0,0,0,0,0,0,0,0,0,0,0,0,0,0,50,23,**,**,40,7,**,**,0,0,0,0,0,0,0,0,**,**,0,0,400,799,330,"2,258",340,"1,929",0,0,"1,720","7,872",270,269,160,173,120,269,90,83,270,378,40,20,510,997,**,**,0,0,300,372,"1,590","7,301","1,510","6,502",100,580,
03,"$1 under $10,000","52,460","43,630","4,850","3,480","46,560","3,300","20,840","28,160","46,030","8,790","3,670","1,190","2,480",420,"3,740","14,190","265,507","52,460","268,891","37,770","196,032","8,900","3,506","4,360","4,854","3,970","2,897",170,64,"4,840","15,780","3,710","1,840","10,790","53,283",480,140,435,100,379,530,"-1,115","4,650","3,384",**,**,**,**,400,948,60,178,630,549,"52,140","574,985","52,140","552,895","12,040","22,090",320,"7,870","1,629",260,"6,261",130,121,140,74,130,282,60,15,270,467,300,555,80,515,0,0,0,0,**,**,140,177,0,0,60,16,"1,140","1,990",950,240,0,0,310,124,150,20,80,2,0,0,**,**,**,**,20,7,0,0,"3,820","2,667",830,"4,586",850,"4,457",**,**,"42,420","32,770","12,230","13,891","11,150","12,830","4,040","2,682",920,786,450,346,890,218,"5,190","3,067",0,0,0,0,"2,860","1,348","40,900","31,058","40,780","30,858",180,182,
03,"$10,000 under $25,000","68,380","43,360","10,980","12,720","62,760","2,830","29,950","49,510","106,330","33,180","2,970","1,190","1,780",300,"12,150","17,840","1,175,564","68,380","1,189,253","53,120","881,604","12,090","8,093","6,580","11,814","6,030","7,347",640,345,"9,000","77,972","5,360","8,846","16,020","182,313","1,100",710,"2,546","7,470","13,738","1,180",721,"10,880","13,689",260,58,**,**,920,"2,564",370,"1,282","3,150","2,892","67,610","1,035,313","67,610","1,007,528","14,310","27,785",770,"20,747","13,806",660,"15,121",460,718,270,207,440,844,270,85,710,"1,711",750,"1,806",260,"1,573",**,**,**,**,30,15,450,"1,781",**,**,"3,130","2,206","42,130","239,261","41,730","24,263",**,**,990,473,"15,020","4,875",560,18,800,274,"2,360","1,135","6,030",895,"6,630","2,514",20,9,"7,110","11,425","2,260","10,973","2,330","10,761","3,070","1,597","64,080","181,931","21,810","73,553","19,670","66,775","15,290","27,001","2,320","1,947","1,160",992,"31,880","19,388","38,430","32,724",0,0,0,0,"4,900","4,769","60,860","153,772","60,550","153,058",530,697,
03,"$25,000 under $50,000","90,640","48,460","22,960","16,360","83,980","3,440","41,910","67,850","168,990","56,380","2,320","1,090","1,230",180,"16,370","19,340","3,306,855","90,640","3,337,763","79,510","2,748,315","17,970","12,760","9,630","21,893","8,970","14,004","3,310","1,185","9,360","96,706","8,210","25,121","18,290","296,560","2,090","1,290","4,360","15,000","107,366","2,190","13,471","18,490","30,908","1,080",250,60,366,"1,380","5,586","1,180","4,050","9,820","10,000","88,850","1,450,947","88,850","1,425,240","12,830","25,707","1,800","46,863","68,348","1,300","27,209","1,530","3,149",230,275,"1,220","2,326",870,373,"1,660","5,454","1,780","6,137",840,"5,270",**,**,**,**,**,**,"1,240","7,167",60,576,"8,420","12,903","89,790","1,793,519","89,070","194,613",0,0,"1,930","1,530","40,250","46,681","2,340",111,"2,960","1,691","3,860","3,934","16,650","3,314","27,320","36,948",230,211,"6,430","14,235","2,800","12,097","3,040","13,256","4,580","2,870","88,840","370,402","20,280","45,430","18,100","40,175","19,120","41,735","2,460","2,068",920,878,"67,750","147,938","72,210","166,169",**,**,0,0,"9,840","12,359","80,180","215,881","79,530","214,282","1,090","1,599",
03,"$50,000 under $75,000","53,110","18,450","28,040","5,450","49,120","2,040","28,160","37,120","121,870","40,830",620,200,420,**,"6,940","14,040","3,270,701","53,110","3,301,104","46,850","2,614,499","16,320","13,256","9,240","26,889","8,600","18,083","5,400","2,001","7,410","78,395","7,950","34,642","14,010","307,172","1,810",830,"2,917","11,070","175,875","2,420","26,300","14,650","30,403","1,170",287,50,402,"1,150","5,844","1,070","4,841","7,520","8,555","50,960","986,376","50,960","968,754","8,930","17,621","2,150","55,549","134,551","1,140","22,967","1,980","6,048",150,210,"1,730","3,576","1,190",478,"1,970","9,033","2,140","10,041","1,330","9,041",60,284,40,35,30,71,"1,630","11,537",80,745,"7,860","18,887","52,990","2,206,055","52,890","263,138",0,0,800,"1,433","25,330","58,319","2,710",188,"2,370","1,219","2,980","3,595","5,520",930,"19,580","51,221",220,341,"5,480","12,482",780,"3,981","1,080","5,385","1,460","1,326","52,450","332,877",830,349,650,276,"6,340","13,671","1,960","1,780",230,269,"46,160","204,818","47,980","220,290",0,0,0,0,"9,160","15,565","43,730","127,490","42,960","125,151","1,240","2,339",
03,"$75,000 under $100,000","35,010","5,830","27,210","1,590","32,530","1,330","19,710","23,890","93,540","31,370",170,30,140,0,"3,410","9,930","3,030,835","35,010","3,057,979","31,320","2,389,847","13,890","12,296","8,150","28,423","7,670","19,995","5,490","2,707","5,810","64,440","7,110","43,262","10,530","292,760","1,410",620,"2,161","7,700","163,744","2,400","34,622","11,630","27,144","1,220",314,70,640,890,"5,545",890,"4,329","5,780","7,080","32,930","731,312","32,930","718,837","6,130","12,474","2,080","55,775","180,671",840,"17,114","1,990","8,038",80,145,"1,850","4,185","1,280",532,"1,930","11,531","2,080","12,436","1,460","10,457",**,**,30,35,30,44,"1,660","13,836",60,837,"6,600","19,483","34,970","2,221,973","34,910","272,205",30,67,310,915,"17,690","54,787","2,470",238,"2,460","1,424","2,700","3,567",0,0,"15,040","48,310",190,380,"4,470","10,673",160,575,360,"1,554",460,565,"34,710","311,156",0,0,0,0,"1,510","3,045","1,900","1,814",20,34,"33,240","217,418","33,730","230,805",**,**,0,0,"6,930","15,807","27,980","95,845","27,290","93,332","1,060","2,427",
03,"$100,000 under $200,000","40,180","3,530","35,540",890,"37,450","1,530","23,690","22,600","115,600","39,910",90,20,70,0,"2,340","12,170","5,285,329","40,180","5,339,621","35,960","3,965,597","21,490","28,820","14,210","80,743","13,430","59,983","12,870","8,935","7,290","124,060","12,740","142,020","13,520","514,732","1,600",620,"2,314","8,520","212,958","5,660","179,479","15,590","54,292","2,040",547,270,"3,741","1,870","16,075","1,250","6,875","6,540","7,684","34,820","817,892","34,820","803,592","6,770","14,300","5,360","163,760","767,443","1,210","24,179","5,210","35,255",130,318,"5,010","13,922","3,600","1,678","5,140","43,198","5,360","45,216","4,140","34,927",70,303,130,108,190,763,"4,790","52,593",230,"4,672","10,720","62,604","40,170","4,236,631","40,130","613,694",**,**,220,946,"23,320","73,594","4,870",844,"3,650","2,080","4,240","5,811",0,0,"19,060","61,912",290,939,"6,040","21,027",**,**,210,992,310,604,"39,840","629,545",0,0,0,0,220,553,"3,460","3,434",0,0,"39,800","540,099","39,900","566,638",120,28,40,10,"13,060","49,856","27,030","112,089","25,530","101,550","2,330","10,489",
03,"$200,000 under $500,000","8,030",700,"7,160",140,"7,550",330,"6,060","2,600","23,560","8,410",**,0,**,0,110,"2,880","2,297,253","8,030","2,338,063","7,050","1,363,727","6,320","22,618","4,880","73,059","4,660","57,773","3,160","5,723","1,820","88,942","4,800","150,478","2,810","165,773",410,40,220,"1,730","48,107","3,310","358,274","3,180","40,810",240,60,360,"9,398","1,370","16,340",240,"2,472",0,0,"4,740","112,800","4,740","110,242","1,190","2,558","3,300","131,151","983,749",170,"4,166","3,240","45,023",40,109,"3,140","13,644","1,990","1,207","3,220","31,672","3,300","33,234","2,610","30,125",50,411,80,26,240,"1,520","3,110","53,009",180,"7,163","4,120","78,746","8,030","1,973,489","8,030","382,157",60,205,**,**,"5,460","17,835","2,310","1,329",550,299,0,0,0,0,"3,510","11,560",80,387,"1,820","12,259",0,0,20,84,50,152,"7,940","391,911",0,0,0,0,0,0,0,0,0,0,"8,020","364,322","8,030","384,830","2,690","1,994","3,980","4,287","3,770","45,460","4,250","51,970","3,210","31,245","1,520","20,726",
03,"$500,000 or more","2,090",200,"1,840",30,"1,980",90,"1,880",340,"6,250","2,380",0,0,0,0,**,760,"2,632,118","2,090","2,663,192","1,840","784,959","1,980","35,215","1,620","109,763","1,570","90,332","1,040","13,709",510,"31,136","1,710","365,888",610,"37,563",100,0,0,410,"11,769","1,620","1,094,040","1,310","31,074",**,**,170,"6,800",720,"10,583",60,711,0,0,680,"15,866",680,"15,464",190,396,"1,410","154,736","1,977,307",**,**,"1,390","83,828",20,55,"1,340","11,439",690,620,"1,390","13,882","1,410","15,787",970,"14,283",**,**,30,3,270,"6,856","1,370","104,228",140,"9,400","1,380","170,361","2,090","2,288,041","2,090","650,424",100,"2,164",0,0,"1,380","13,514","1,050","3,168",70,46,0,0,0,0,20,74,**,**,740,"7,115",0,0,0,0,**,**,"2,080","692,802",0,0,0,0,0,0,0,0,0,0,"2,090","636,669","2,090","664,721","1,210","4,662","1,880","15,231",960,"73,422","1,120","101,880",480,"19,963",800,"79,837",
,,,,,,,,,,,,,,,,,,,,,,,,,,,,,,,,,,,,,,,,,,,,,,,,,,,,,,,,,,,,,,,,,,,,,,,,,,,,,,,,,,,,,,,,,,,,,,,,,,,,,,,,,,,,,,,,,,,,,,,,,,,,,,,,,,,,,,,,,,,,,,,,,,,,,,,
04,,"344,740","158,630","139,850","39,240","319,090","13,390","166,010","231,530","664,970","207,580","8,210","3,770","4,450",880,"48,450","93,230","20,707,971","343,710","20,921,944","286,790","15,340,653","95,000","118,568","55,270","254,369","51,460","190,228","36,710","30,609","43,980","467,304","47,370","675,463","89,790","2,147,519","6,460","5,380","20,043","54,650","795,962","16,830","778,723","78,190","213,973","6,860","1,758","1,040","21,610","7,550","55,010","4,440","21,276","33,250","35,990","321,480","5,564,411","321,480","5,439,974","63,000","124,423","19,660","627,662","3,444,265","6,270","124,176","18,410","154,484","1,000","1,481","16,960","46,279","12,660","6,066","18,530","132,669","19,570","140,318","14,090","119,759",180,748,450,271,590,"3,188","16,480","208,859",820,"18,624","38,850","241,858","267,080","14,837,543","265,960","2,255,632",130,882,"3,970","5,177","126,200","267,045","14,920","7,590","13,990","7,969","17,430","18,738","25,510","4,501","92,520","214,339",590,"1,412","35,550","97,791","6,270","35,301","7,240","39,438","9,200","6,866","326,980","2,706,299","50,320","116,107","44,790","104,134","41,230","74,523","13,620","12,082","2,680","2,694","230,890","1,988,254","247,530","2,129,762","3,830","5,195","5,270","12,773","54,260","228,488","278,010","804,559","272,540","734,197","7,730","62,826",
04,Under $1,"3,600","2,060","1,320",140,"2,560",620,"2,260",880,"5,520",780,20,20,**,0,80,"2,080","-185,893","2,570","-183,506",820,"26,590","1,150","3,845",650,"2,145",590,"1,413",90,385,"1,140","-10,000",930,"12,434",770,"9,573",510,**,**,0,0,600,"-76,281",660,"2,387",**,**,0,0,210,"1,229",**,**,120,123,0,0,0,0,0,0,0,0,0,0,0,0,0,0,0,0,0,0,0,0,0,0,0,0,0,0,0,0,0,0,0,0,0,0,0,0,0,0,0,60,20,0,0,50,8,**,**,0,0,0,0,0,0,0,0,20,5,0,0,410,774,270,"2,193",290,"2,036",0,0,"1,610","6,705",230,201,130,129,80,170,100,97,190,295,50,17,550,933,**,**,0,0,310,345,"1,480","6,069","1,400","4,871",90,598,
04,"$1 under $10,000","50,090","42,480","4,150","2,910","45,050","2,800","18,890","28,590","41,880","7,800","2,940","1,130","1,810",370,"3,870","12,450","251,302","50,090","254,845","37,070","188,983","7,510","3,083","3,720","3,899","3,370","2,401",190,79,"4,330","12,238","3,070","1,873","9,420","49,383",280,160,522,120,406,460,-904,"4,450","3,543",30,5,**,**,420,"1,089",50,141,660,568,"49,710","529,534","49,710","510,252","10,560","19,282",380,"9,127","2,071",320,"7,190",160,195,160,108,180,329,100,37,330,651,350,750,110,651,0,0,0,0,**,**,160,205,**,**,40,8,"1,130","1,951",900,233,0,0,230,79,130,15,70,2,0,0,**,**,**,**,**,**,0,0,"3,620","2,508",680,"4,396",710,"4,249",**,**,"40,980","31,198","11,420","12,491","10,320","11,456","3,560","2,367","1,020",839,400,321,850,189,"4,950","2,848",0,0,0,0,"2,700","1,201","39,520","29,563","39,390","29,200",170,210,
04,"$10,000 under $25,000","64,030","41,570","9,870","11,270","59,460","2,330","27,910","48,090","95,950","27,830","2,620","1,280","1,340",340,"12,550","17,340","1,100,467","64,030","1,112,621","49,410","815,596","10,630","6,715","5,230","8,583","4,760","5,292",690,295,"7,390","58,068","4,150","8,222","15,810","190,818",510,720,"2,797","7,670","14,162",910,764,"9,630","12,154",240,53,**,**,800,"2,394",300,880,"2,870","2,438","63,230","960,526","63,230","933,359","14,140","27,166",800,"21,374","14,449",670,"15,139",530,822,220,163,470,869,330,105,710,"1,745",780,"1,968",290,"1,820",0,0,**,**,**,**,450,"1,614",**,**,"2,730","1,829","39,920","227,181","39,590","23,011",**,**,790,369,"14,160","4,711",490,32,700,245,"2,730","1,254","5,410",806,"6,080","2,347",**,**,"6,280","10,299","1,840","9,998","1,890","9,912","2,780","1,433","60,290","166,705","19,800","63,980","17,700","58,010","13,470","23,260","2,250","1,820",960,801,"30,460","18,300","36,330","30,375",0,0,0,0,"4,510","4,589","57,270","140,788","57,010","140,066",400,652,
04,"$25,000 under $50,000","82,400","43,470","20,510","15,550","77,100","2,620","38,160","63,080","150,820","48,680","1,840","1,030",820,170,"16,470","18,870","3,013,916","82,400","3,042,344","71,410","2,463,950","15,660","10,920","8,250","17,043","7,590","11,084","3,200","1,192","7,910","67,150","6,620","17,609","18,150","322,236",940,"1,310","5,010","15,190","109,791","1,820","8,479","16,510","28,428","1,170",274,50,208,"1,220","5,473",900,"3,458","8,440","8,629","80,390","1,314,530","80,390","1,288,536","12,990","25,994","2,010","49,955","77,237","1,340","25,073","1,730","3,570",230,298,"1,340","2,598","1,040",401,"1,800","5,966","1,990","6,713","1,020","6,991",**,**,**,**,40,27,"1,410","9,130",100,"1,084","7,120","10,945","81,580","1,634,098","81,110","177,905",0,0,"1,620","1,295","36,010","42,925","1,840",106,"2,750","1,651","3,950","3,815","15,010","2,858","24,890","34,170",150,143,"6,160","14,312","2,510","13,258","2,710","14,153","4,110","2,597","80,910","336,543","18,160","39,149","16,080","34,320","17,300","35,819","2,260","1,882",900,965,"62,280","134,980","66,410","153,044",**,**,0,0,"9,400","13,150","72,680","195,982","72,090","194,398",880,"1,513",
04,"$50,000 under $75,000","50,690","17,710","25,650","5,930","47,370","1,580","26,250","35,870","112,080","35,850",570,260,310,**,"7,620","14,160","3,123,827","50,690","3,151,401","44,160","2,453,502","14,440","11,426","7,940","21,466","7,370","14,733","5,570","2,247","6,480","53,279","6,710","28,292","14,380","343,087",960,"1,360","4,957","11,380","183,602","2,130","16,760","13,630","27,574","1,120",280,50,360,940,"5,270",890,"3,911","7,210","7,938","48,130","925,453","48,130","907,071","9,280","18,382","2,560","63,745","160,268","1,270","23,574","2,410","7,370",120,232,"2,090","4,270","1,580",695,"2,350","11,184","2,550","12,164","1,720","11,618",40,160,60,37,**,**,"1,990","13,654",110,"1,468","6,740","16,138","50,580","2,113,985","50,500","254,000",0,0,740,"1,379","23,530","53,363","2,200",150,"2,350","1,297","2,880","3,382","5,090",837,"18,720","46,967",130,220,"5,040","12,164",730,"4,283","1,010","5,646","1,350","1,213","50,120","317,228",710,286,560,219,"5,520","10,605","1,870","1,617",200,270,"44,890","200,637","46,460","215,858",0,0,0,0,"9,260","17,626","41,350","118,472","40,550","116,167","1,150","2,276",
04,"$75,000 under $100,000","35,410","6,240","26,660","2,040","33,020","1,140","18,980","24,440","91,610","29,590",140,50,90,0,"4,200","10,590","3,071,585","35,410","3,098,862","31,310","2,380,401","13,340","12,551","7,700","24,616","7,180","17,398","6,340","3,157","5,540","54,495","6,500","37,586","11,400","333,421",940,900,"3,299","8,310","179,628","2,150","28,181","11,240","27,277","1,290",346,70,528,800,"5,826",810,"3,937","5,750","6,885","32,850","725,117","32,850","711,317","6,680","13,800","2,560","67,820","223,857",970,"20,216","2,460","10,322",80,153,"2,230","4,563","1,680",650,"2,400","14,433","2,550","15,333","1,900","13,187",30,85,60,36,40,177,"2,060","16,029",90,"1,533","6,210","19,515","35,370","2,255,510","35,320","279,759",**,**,330,961,"17,630","52,414","2,280",257,"2,560","1,523","2,800","3,537",0,0,"15,150","46,079",100,235,"4,400","11,895",220,"1,063",400,"2,131",540,682,"35,080","317,905",0,0,0,0,"1,130","1,939","1,920","1,782",30,42,"34,130","227,346","34,500","241,978",0,0,0,0,"7,110","18,073","28,260","93,651","27,510","91,000","1,050","2,652",
04,"$100,000 under $200,000","48,130","4,300","42,330","1,220","44,880","1,790","26,160","27,530","136,890","46,470",80,**,80,0,"3,500","14,050","6,394,094","48,130","6,452,018","43,500","4,951,640","24,160","27,963","15,500","69,620","14,590","51,804","16,310","11,488","8,620","123,638","13,250","137,945","16,020","634,101","1,660",880,"3,254","9,710","243,976","5,080","133,789","17,980","57,924","2,640",706,390,"5,592","1,690","15,096","1,240","6,491","8,200","9,409","41,080","963,891","41,080","947,466","7,780","16,426","7,050","211,379","1,002,284","1,480","26,915","6,910","47,066",120,317,"6,610","16,788","5,080","2,448","6,740","57,356","7,050","60,180","5,750","48,179",70,331,210,170,150,371,"6,340","67,921",280,"5,866","11,120","60,135","48,120","5,153,393","48,100","757,287",20,40,180,887,"27,790","85,780","5,050","1,149","4,810","2,828","5,070","6,750",0,0,"23,470","72,001",170,628,"6,980","25,683",20,110,200,"1,111",360,679,"47,760","774,579",0,0,0,0,170,363,"4,200","4,045",0,0,"47,870","671,507","47,950","703,463",170,35,50,22,"15,710","60,750","32,360","131,248","30,880","120,575","2,180","10,674",
04,"$200,000 under $500,000","9,080",680,"8,190",160,"8,410",450,"6,230","2,860","26,520","9,310",**,0,**,0,160,"3,180","2,510,308","9,080","2,548,108","7,980","1,554,435","6,890","20,972","5,270","61,240","5,030","49,396","3,720","5,713","2,200","74,411","5,050","158,008","3,440","239,491",570,50,204,"2,000","56,516","2,820","262,665","3,340","37,800",370,94,360,"10,265","1,090","12,961",200,"1,934",0,0,"5,580","133,304","5,580","130,243","1,420","3,062","3,500","136,327","1,006,394",220,"6,069","3,430","46,913",70,210,"3,290","12,072","2,390","1,390","3,410","33,479","3,500","34,961","2,770","30,051",40,172,100,25,220,831,"3,300","56,319",180,"5,935","4,060","67,301","9,070","2,172,474","9,070","417,866",60,293,30,199,"6,090","18,401","2,340","1,866",760,393,0,0,0,0,"4,190","12,770",40,186,"2,200","14,821",0,0,30,200,60,262,"8,940","416,892",0,0,0,0,0,0,0,0,0,0,"9,060","399,465","9,070","423,375","2,900","1,983","4,040","4,184","4,620","56,222","4,440","49,168","3,430","29,134","1,370","19,473",
04,"$500,000 or more","1,310",120,"1,170",20,"1,240",60,"1,170",190,"3,700","1,270",0,0,0,0,**,510,"1,428,365","1,310","1,445,251","1,130","505,556","1,220","21,093","1,010","45,757",980,"36,707",600,"6,053",370,"34,025","1,090","273,494",400,"25,409",90,0,0,270,"7,881",860,"405,270",750,"16,886",**,**,120,"4,657",380,"5,672",50,524,0,0,510,"12,056",510,"11,730",150,311,800,"67,935","957,705",**,**,780,"38,226",**,**,750,"4,790",460,340,790,"7,855",800,"8,249",530,"7,262",**,**,20,3,140,"1,782",770,"43,987",60,"2,738",830,"65,987","1,310","1,278,951","1,310","345,551",50,549,0,0,860,"9,436",650,"4,028",60,32,0,0,0,0,**,**,**,**,460,"5,335",0,0,0,0,**,**,"1,290","338,544",0,0,0,0,0,0,0,0,0,0,"1,300","335,813","1,310","357,888",760,"3,177","1,180","8,567",640,"56,532",650,"39,618",280,"8,786",440,"24,778",
,,,,,,,,,,,,,,,,,,,,,,,,,,,,,,,,,,,,,,,,,,,,,,,,,,,,,,,,,,,,,,,,,,,,,,,,,,,,,,,,,,,,,,,,,,,,,,,,,,,,,,,,,,,,,,,,,,,,,,,,,,,,,,,,,,,,,,,,,,,,,,,,,,,,,,,
05,,"379,480","175,670","157,290","38,470","343,870","19,260","166,140","232,970","734,010","229,890","4,810","1,290","3,520",230,"45,320","99,520","35,965,220","378,330","36,425,136","315,740","24,229,469","129,460","279,198","92,850","924,840","87,550","691,852","59,130","99,542","61,470","960,454","83,430","2,843,339","96,860","2,784,642","2,460","5,010","20,676","58,750","978,904","30,030","3,188,303","105,360","459,916","9,050","2,265","3,800","107,492","12,900","116,535","6,190","30,589","42,040","48,508","329,030","5,598,069","329,030","5,475,697","62,140","122,365","46,300","1,819,509","13,996,749","10,180","195,511","43,940","642,001","2,030","3,582","41,630","206,572","30,410","15,884","43,900","362,020","46,190","406,622","36,730","414,804",560,"4,097","1,530",978,"2,980","35,766","40,930","680,451","2,260","51,658","57,650","600,929","304,820","28,720,712","302,240","5,541,923",680,"9,203","4,830","7,575","150,180","379,813","33,320","49,509","20,440","11,466","19,730","22,647","21,220","3,631","102,080","250,668",730,"1,413","49,670","186,387","7,580","43,112","8,970","48,979","8,800","7,412","360,370","6,132,832","43,310","98,391","37,880","86,238","34,180","60,637","15,260","14,010","3,450","3,826","272,220","5,162,077","289,630","5,486,880","18,320","35,780","19,810","71,319","80,850","521,836","285,930","1,153,567","275,750","828,628","13,530","323,238",
05,Under $1,"4,160","2,490","1,380",160,"2,900",770,"2,500","1,000","6,320","1,140",**,**,**,0,110,"2,150","-467,684","3,010","-463,403","1,010","51,617","1,450","13,956","1,030","13,702",950,"10,029",170,"1,055","1,430","-27,424","1,390","60,087",730,"12,428",170,**,**,**,**,880,"-215,336",860,"4,281",**,**,30,261,270,"1,783",20,141,200,229,0,0,0,0,0,0,0,0,0,0,0,0,0,0,0,0,0,0,0,0,0,0,0,0,0,0,0,0,0,0,0,0,0,0,0,0,0,0,0,70,397,30,391,50,17,**,**,0,0,0,0,0,0,0,0,**,**,0,0,510,"1,510",320,"2,538",340,"2,246",0,0,"1,810","22,789",270,369,170,241,200,422,130,122,250,415,60,381,680,"2,321",40,72,0,0,310,518,"1,680","20,967","1,570","16,063",150,"3,533",
05,"$1 under $10,000","50,280","43,970","3,190","2,610","43,570","3,730","17,170","27,290","35,650","6,430","1,440",320,"1,120",90,"3,240","10,050","244,161","50,280","248,668","38,160","189,099","7,740","2,763","5,620","6,057","5,180","3,849",270,139,"5,320","14,525","4,710","3,862","7,570","39,209",100,180,620,110,360,520,"-1,689","5,270","4,507",80,17,**,**,430,"1,239",80,262,750,702,"49,750","474,178","49,750","459,299","8,230","14,879",530,"12,427","2,765",420,"8,684",240,444,220,128,290,"1,114",180,51,450,"1,352",490,"1,475",220,"1,712",0,0,0,0,**,**,270,416,**,**,120,26,"2,410","5,051","1,350",320,0,0,200,79,350,42,280,10,0,0,20,4,**,**,30,20,0,0,"4,380","3,045",710,"4,312",740,"4,117",20,12,"40,930","28,559","10,110","10,589","8,940","9,467","2,850","1,978","1,010",881,460,439,"1,280",292,"6,150","3,638",0,0,0,0,"3,490","1,494","39,170","26,427","39,020","26,024",210,381,
05,"$10,000 under $25,000","59,380","39,800","8,190","10,150","53,680","2,980","23,600","43,010","85,760","24,440","1,480",380,"1,100",80,"10,890","15,950","1,021,069","59,380","1,035,887","44,740","741,424","10,620","7,027","6,440","14,242","5,930","9,043",890,404,"8,690","66,221","5,350","14,275","14,240","175,267",200,690,"2,858","7,320","14,093","1,080",-743,"10,780","14,818",340,75,40,173,980,"2,798",370,"1,097","3,250","3,141","58,080","864,025","58,080","840,291","12,610","23,734","1,300","31,819","23,423","1,000","20,321",860,"1,497",380,310,770,"2,420",540,180,"1,160","3,450","1,280","3,802",540,"3,781",**,**,**,**,50,53,800,"2,852",60,459,"3,150","2,269","37,910","217,853","37,240","21,932",**,**,800,343,"13,340","4,373",840,50,700,239,"2,680","1,348","5,020",754,"5,150","1,941",30,11,"7,080","12,047","2,300","13,240","2,330","12,632","2,320","1,216","55,470","148,657","17,380","55,094","15,370","48,992","11,630","20,160","2,400","2,007","1,380","1,262","28,760","17,559","34,660","31,222",0,0,0,0,"5,330","6,070","51,940","123,354","51,580","122,081",530,963,
05,"$25,000 under $50,000","79,060","46,030","16,410","13,770","72,470","3,310","30,330","58,680","133,530","39,050","1,150",410,740,60,"15,040","17,680","2,898,490","79,060","2,936,612","67,710","2,350,302","15,710","11,172","9,810","26,673","9,090","17,653","3,830","1,661","9,840","87,491","8,390","26,149","16,950","303,333",310,"1,240","5,210","13,940","105,024","2,050","10,576","20,530","38,122","1,610",372,90,887,"1,550","6,495","1,180","4,455","11,530","13,035","76,090","1,196,444","76,090","1,172,786","12,070","23,658","2,970","74,624","113,494","1,900","35,315","2,490","5,295",410,539,"2,020","6,229","1,560",742,"2,680","10,700","2,950","11,830","1,620","12,139",40,195,80,81,80,189,"2,200","11,649",190,"2,289","7,810","11,889","78,150","1,612,372","77,520","175,816",0,0,"2,010","1,629","32,430","36,672","2,640",205,"2,880","1,681","4,920","5,156","12,470","2,253","20,450","26,995",160,146,"7,210","17,408","3,080","15,989","3,320","17,142","3,730","2,379","77,270","310,239","15,090","32,151","13,070","27,404","14,280","28,564","2,800","2,398","1,050","1,208","61,620","139,144","65,630","160,170",20,20,0,0,"11,230","16,614","67,430","166,031","66,770","163,576",990,"2,455",
05,"$50,000 under $75,000","50,810","22,890","20,370","5,840","46,440","2,210","21,740","34,530","99,270","28,270",450,130,320,0,"7,110","14,360","3,131,266","50,810","3,169,439","43,510","2,420,035","16,060","13,460","10,400","37,880","9,750","25,837","6,810","2,915","7,660","78,288","9,070","41,891","14,130","347,545",320,940,"3,826","11,040","184,086","2,420","22,286","16,960","38,173","1,470",352,150,"1,570","1,290","7,447","1,130","4,737","9,590","11,353","46,530","837,779","46,530","819,961","9,090","17,819","4,280","102,446","269,939","1,950","33,629","4,000","12,359",240,407,"3,520","10,266","2,690","1,140","3,970","21,036","4,270","22,603","3,030","22,378",60,338,100,101,100,409,"3,450","19,612",160,"2,547","7,450","17,773","50,660","2,168,612","50,510","265,532",0,0,950,"1,948","21,390","44,035","3,520",397,"2,290","1,206","3,300","4,032","3,730",624,"15,450","36,915",120,185,"5,830","16,071",900,"5,589","1,300","7,469","1,460","1,346","50,040","323,517",460,188,330,134,"4,150","7,549","2,040","1,870",270,433,"46,200","221,497","47,720","240,729",0,0,0,0,"10,830","22,357","39,850","104,463","39,020","101,517","1,190","2,927",
05,"$75,000 under $100,000","35,920","9,620","22,950","2,610","32,760","1,530","16,490","23,300","84,510","25,720",170,30,140,0,"3,980","10,980","3,119,739","35,920","3,154,390","31,030","2,354,936","14,860","13,989","9,840","44,379","9,210","30,856","7,540","4,073","6,600","80,898","8,610","50,979","11,550","356,584",320,710,"2,852","8,430","185,127","2,660","39,566","12,350","34,651","1,370",348,170,"2,070","1,160","8,103",900,"4,499","5,930","7,352","31,300","658,065","31,300","644,414","6,720","13,651","4,620","115,791","403,370","1,520","29,002","4,450","18,203",150,299,"4,120","12,774","3,130","1,166","4,290","28,342","4,620","30,490","3,580","27,724",60,299,110,116,120,332,"3,910","24,533",170,"2,043","7,140","21,920","35,860","2,318,925","35,780","299,243",**,**,410,"1,359","17,280","46,345","3,420",469,"2,640","1,549","2,730","3,636",0,0,"13,780","39,690",80,112,"5,200","15,743",230,"1,210",490,"2,773",590,741,"35,570","335,130",0,0,0,0,880,"1,515","1,860","1,756",40,69,"34,840","252,898","35,210","271,414",**,**,0,0,"8,770","23,479","27,080","86,518","26,220","82,109","1,210","4,402",
05,"$100,000 under $200,000","66,540","8,360","54,970","2,530","61,130","3,050","31,720","34,910","185,380","63,940",120,20,100,0,"4,310","19,080","9,191,234","66,540","9,290,492","59,430","7,050,434","36,340","42,411","26,650","157,226","25,150","115,874","25,240","19,626","13,770","234,049","23,740","229,324","21,540","906,246",670,"1,080","4,556","13,130","348,953","8,260","226,786","26,050","99,258","3,400",908,840,"12,732","2,850","25,776","2,000","10,486","10,790","12,696","51,650","1,195,781","51,650","1,173,683","10,340","22,098","14,890","440,363","2,163,517","2,730","51,210","14,550","97,154",300,995,"14,080","53,819","10,880","5,179","14,160","126,370","14,880","132,819","12,730","125,875",200,"1,207",520,384,520,"1,957","13,460","117,123",530,"7,501","17,330","86,681","66,500","7,458,069","66,450","1,131,865",70,330,350,"1,766","40,720","120,363","10,070","2,383","7,970","4,652","6,080","8,471",0,0,"32,880","99,813",230,568,"10,930","43,725",40,234,380,"2,155",530,"1,085","66,120","1,139,137",0,0,0,0,190,449,"5,020","4,976",0,0,"66,160","1,011,502","66,260","1,063,444",530,135,190,74,"24,630","97,176","41,800","171,326","39,310","153,792","3,390","17,534",
05,"$200,000 under $500,000","26,470","1,990","23,680",640,"24,510","1,330","16,660","9,160","82,510","32,420",**,0,**,0,640,"7,110","7,696,067","26,470","7,812,398","24,110","5,487,788","20,180","50,156","17,230","209,085","16,590","162,763","11,000","16,951","6,200","244,207","16,280","409,662","8,200","508,534",280,170,754,"3,890","113,966","7,700","684,279","8,910","116,331",730,182,"1,440","41,077","2,670","35,573",370,"3,424",0,0,"13,610","323,913","13,610","318,294","2,650","5,619","12,870","486,473","3,893,515",630,"16,109","12,630","176,390",220,627,"12,310","69,940","8,720","5,182","12,490","123,880","12,860","131,543","11,290","154,306",130,996,510,268,"1,000","6,230","12,170","161,745",600,"13,209","10,760","133,231","26,470","6,748,924","26,460","1,333,572",280,"1,653",60,434,"19,830","63,742","8,490","7,087","3,460","1,848",0,0,0,0,"14,270","45,210",80,237,"5,940","42,374",0,0,70,445,130,509,"26,330","1,356,465",0,0,0,0,0,0,0,0,0,0,"26,440","1,269,830","26,460","1,341,166","12,640","9,947","13,440","12,790","13,030","130,133","13,370","143,544","10,750","95,312","3,420","48,232",
05,"$500,000 or more","6,860",520,"6,150",160,"6,410",350,"5,930","1,090","21,080","8,480",0,0,0,0,**,"2,160","9,130,878","6,860","9,240,653","6,040","3,583,834","6,500","124,264","5,830","415,596","5,700","315,948","3,380","52,718","1,960","182,199","5,890","2,007,110","1,950","135,496",90,0,0,890,"27,295","4,460","2,422,578","3,650","109,775",50,11,"1,040","48,722","1,700","27,321",140,"1,488",0,0,"2,020","47,884","2,020","46,969",430,907,"4,840","555,566","7,126,726",30,"1,241","4,720","330,659",110,277,"4,520","50,010","2,710","2,244","4,700","46,890","4,840","72,060","3,720","66,889",70,"1,062",210,28,"1,110","26,596","4,670","342,521",550,"23,610","3,890","327,140","6,860","8,190,906","6,860","2,313,246",300,"6,829",0,0,"4,840","64,241","4,060","38,908",500,291,0,0,0,0,70,84,30,154,"2,590","34,464",0,0,0,0,20,124,"6,830","2,468,339",0,0,0,0,0,0,0,0,0,0,"6,860","2,248,974","6,860","2,372,776","5,090","25,606","6,180","58,455","3,230","223,995","3,610","310,937","1,510","68,154","2,440","242,811",
,,,,,,,,,,,,,,,,,,,,,,,,,,,,,,,,,,,,,,,,,,,,,,,,,,,,,,,,,,,,,,,,,,,,,,,,,,,,,,,,,,,,,,,,,,,,,,,,,,,,,,,,,,,,,,,,,,,,,,,,,,,,,,,,,,,,,,,,,,,,,,,,,,,,,,,
06,,"328,350","149,590","133,020","38,670","303,810","13,220","169,610","221,380","627,060","189,590","6,200","3,040","3,190",650,"47,960","93,890","18,563,274","327,410","18,747,106","269,720","13,593,382","87,360","109,186","51,870","285,014","48,670","219,861","29,620","27,239","40,220","437,886","43,290","641,685","89,860","1,935,636","8,770","4,870","18,859","53,100","726,091","15,070","841,011","69,180","183,832","5,870","1,511",860,"14,722","6,880","48,873","3,910","18,586","28,310","30,497","309,780","5,396,213","309,780","5,268,786","64,520","127,362","14,770","504,545","2,856,159","4,780","98,827","13,660","130,645",840,"1,072","12,810","36,966","9,040","4,141","13,840","97,545","14,720","105,188","10,300","87,277",140,592,330,116,560,"4,000","12,130","155,318",880,"26,939","33,400","227,211","248,000","13,038,956","246,740","1,972,542",140,"1,025","3,730","4,607","115,740","237,991","13,410","8,130","11,270","6,055","14,470","16,236","25,900","4,559","84,450","184,612",590,"1,498","32,160","86,752","6,160","35,383","6,970","38,824","8,730","6,415","310,400","2,438,814","53,000","122,098","47,490","109,881","40,710","71,361","11,750","10,464","2,670","2,588","213,380","1,731,929","229,560","1,857,565","3,200","4,474","4,330","13,092","47,200","190,777","267,940","772,744","263,430","705,513","6,530","60,208",
06,Under $1,"3,770","2,080","1,520",100,"2,800",610,"2,610",890,"6,000",840,**,**,**,0,80,"2,310","-172,641","2,830","-170,447",770,"23,234","1,260","1,763",720,"1,701",650,"1,164",60,92,"1,250","-10,958",930,"6,131",950,"10,896",720,0,0,**,**,560,"-30,987",650,"2,194",**,**,**,**,200,"1,026",**,**,90,85,0,0,0,0,0,0,0,0,0,0,0,0,0,0,0,0,0,0,0,0,0,0,0,0,0,0,0,0,0,0,0,0,0,0,0,0,0,0,0,80,18,0,0,70,11,**,**,0,0,0,0,0,0,0,0,**,**,0,0,410,676,300,"2,156",320,"2,014",0,0,"1,680","4,935",250,227,140,115,90,176,70,59,200,250,70,9,540,846,**,**,0,0,320,300,"1,530","4,477","1,480","4,445",70,204,
06,"$1 under $10,000","50,260","40,920","5,120","3,660","45,290","2,850","21,500","28,420","47,170","9,330","2,180",990,"1,190",310,"4,660","14,070","254,628","50,260","257,930","36,080","183,337","8,140","3,329","3,780","3,814","3,430","2,448",190,65,"4,350","12,393","3,100","1,784","10,770","56,754",450,210,602,120,458,440,-857,"4,320","3,302",**,**,0,0,360,"1,051",40,63,570,497,"49,930","570,991","49,930","549,039","11,950","21,952",320,"8,172","1,626",260,"6,119",140,163,110,59,160,268,80,28,270,539,300,587,90,557,0,0,0,0,**,**,120,149,20,135,30,17,950,"1,660",790,210,0,0,290,88,100,8,50,1,0,0,0,0,**,**,**,**,0,0,"3,560","2,433",770,"4,793",790,"4,716",**,**,"41,230","33,344","13,050","14,594","11,950","13,453","4,200","2,714",830,689,420,301,750,196,"4,760","2,743",0,0,0,0,"2,480","1,074","39,820","31,659","39,730","31,468",130,114,
06,"$10,000 under $25,000","65,380","40,520","11,800","11,690","60,860","2,310","30,760","48,690","101,190","29,290","2,010",960,"1,050",230,"13,210","19,420","1,118,328","65,380","1,130,004","49,160","814,202","11,250","7,298","5,690","10,230","5,260","6,683",660,261,"7,210","59,078","4,360","8,571","17,630","209,054",880,790,"3,028","7,920","14,072",880,"1,452","9,120","11,676",210,46,**,**,800,"2,563",270,804,"2,500","2,126","64,650","1,008,140","64,650","977,317","15,890","30,823",720,"18,803","12,907",600,"12,650",430,565,250,194,440,750,260,70,660,"1,513",710,"1,660",240,"1,554",**,**,0,0,**,**,410,"1,692",**,**,"2,380","1,620","39,070","219,784","38,670","22,210",**,**,760,349,"13,570","4,438",420,15,640,215,"1,890",918,"5,530",797,"6,440","2,473",**,**,"6,090","10,088","1,910","11,011","1,940","10,671","2,740","1,415","61,290","171,802","20,860","67,216","18,720","61,007","13,950","24,119","1,790","1,443","1,020",889,"29,720","17,772","35,670","29,711",0,0,0,0,"4,220","4,161","58,520","146,137","58,290","145,652",360,475,
06,"$25,000 under $50,000","80,780","40,980","21,640","15,200","75,550","2,700","39,830","62,260","148,030","46,350","1,380",770,620,110,"16,390","19,630","2,948,062","80,780","2,972,804","69,990","2,404,675","15,300","11,182","8,410","18,775","7,810","13,463","2,840","1,050","7,360","61,461","6,670","20,821","18,860","320,042","1,560","1,400","5,431","15,960","111,995","1,780","7,371","14,830","24,742","1,030",247,40,199,"1,080","4,488",860,"3,209","7,470","7,510","79,340","1,317,563","79,340","1,290,446","13,470","27,117","1,440","37,611","54,982",990,"21,047","1,210","2,578",190,227,"1,040","1,952",730,232,"1,290","4,312","1,420","4,708",750,"4,440",**,**,**,**,**,**,990,"5,356",60,913,"6,550","9,517","79,950","1,580,196","79,350","171,268",0,0,"1,530","1,239","35,460","40,914","1,750",91,"2,310","1,254","3,150","3,107","15,360","2,951","24,670","33,224",130,104,"5,660","12,426","2,390","12,830","2,550","13,613","3,840","2,413","79,310","332,614","18,230","39,808","16,210","35,112","16,660","33,665","1,940","1,597",840,902,"61,090","130,354","65,020","146,439",**,**,0,0,"8,240","11,377","72,120","196,672","71,610","195,087",820,"1,560",
06,"$50,000 under $75,000","48,130","15,890","25,430","5,400","44,850","1,680","26,600","34,250","106,380","32,910",410,230,190,**,"7,240","13,850","2,967,380","48,130","2,993,157","42,250","2,337,165","13,570","11,269","7,800","23,314","7,320","16,613","4,850","2,038","6,130","54,803","6,380","30,987","14,120","318,622","1,470","1,040","4,182","11,200","176,653","1,920","16,701","12,340","25,777","1,040",259,50,380,920,"5,438",830,"3,696","6,220","6,754","46,120","897,957","46,120","880,366","8,920","17,591","2,010","49,894","126,470","1,030","19,608","1,860","5,546",110,185,"1,660","3,528","1,160",408,"1,820","8,451","2,010","9,371","1,310","8,390",40,167,50,20,40,14,"1,500","9,705",110,"1,405","6,080","14,420","48,050","2,000,731","47,940","238,547",0,0,660,"1,365","22,410","49,153","2,170",194,"1,930",985,"2,600","3,116","5,010",811,"17,550","43,313",110,179,"4,770","11,680",660,"3,923",900,"5,266","1,300","1,179","47,560","302,239",610,253,470,194,"4,820","8,970","1,790","1,592",190,246,"42,950","189,394","44,410","204,276",0,0,0,0,"8,410","16,144","39,610","113,609","38,990","111,775",920,"1,790",
06,"$75,000 under $100,000","32,470","5,380","25,050","1,620","30,240","1,100","18,770","22,330","83,230","25,750",150,60,100,0,"3,670","10,000","2,814,262","32,470","2,837,971","28,900","2,185,417","11,970","11,407","7,270","25,758","6,850","19,353","5,050","2,580","5,060","53,716","5,900","38,427","10,900","303,596","1,220",710,"2,838","7,910","167,171","1,900","22,453","10,050","23,709","1,160",306,60,417,730,"4,995",680,"3,301","4,990","6,007","30,490","677,117","30,490","664,167","6,310","12,950","1,980","52,630","172,760",770,"15,815","1,880","7,944",70,102,"1,720","3,708","1,260",476,"1,830","10,892","1,980","12,086","1,410","10,022",**,**,30,20,30,17,"1,550","11,645",120,"1,774","5,380","16,325","32,430","2,064,625","32,390","253,730",**,**,250,810,"15,880","45,381","2,110",234,"2,240","1,220","2,540","3,252",0,0,"13,610","39,821",100,284,"3,980","10,939",130,670,290,"1,615",460,552,"32,200","293,018",0,0,0,0,880,"1,493","1,780","1,635",**,**,"31,450","208,349","31,740","222,139",**,**,0,0,"6,500","16,357","25,920","86,940","25,290","84,435",930,"2,321",
06,"$100,000 under $200,000","39,200","3,160","34,920",880,"36,450","1,560","23,360","22,130","110,980","36,890",70,30,40,0,"2,600","11,580","5,171,742","39,200","5,220,557","35,220","3,955,059","19,370","23,095","12,950","69,375","12,290","53,096","12,410","9,288","6,860","114,460","10,930","131,429","13,650","527,269","1,910",680,"2,625","8,200","205,772","4,350","114,305","14,550","48,815","2,160",587,310,"3,754","1,500","12,996","1,030","5,505","6,470","7,518","34,310","806,471","34,310","792,216","6,740","14,255","4,890","149,785","696,103","1,000","19,887","4,790","32,677",80,226,"4,560","11,590","3,450","1,620","4,650","39,157","4,890","41,445","3,890","32,506",70,267,140,54,160,530,"4,360","46,591",290,"6,536","9,030","49,241","39,190","4,162,048","39,160","605,050",30,67,170,745,"22,710","67,506","4,300","1,000","3,560","2,040","4,290","5,843",0,0,"18,940","56,175",200,697,"5,640","22,547",**,**,180,929,340,692,"38,880","621,282",0,0,0,0,110,224,"3,550","3,449",0,0,"38,990","537,550","39,060","566,028",120,23,40,6,"12,820","51,489","26,310","105,988","25,060","97,638","1,810","8,016",
06,"$200,000 under $500,000","7,160",540,"6,480",120,"6,630",350,"5,070","2,220","20,800","7,180",**,0,**,0,110,"2,490","1,998,516","7,160","2,028,603","6,310","1,248,336","5,380","17,205","4,290","57,957","4,130","46,958","2,970","4,994","1,630","73,123","4,040","127,858","2,590","165,569",470,40,153,"1,520","41,922","2,350","223,161","2,640","30,087",270,66,310,"7,041",930,"11,312",160,"1,650",0,0,"4,520","107,898","4,520","105,529","1,100","2,364","2,640","106,381","773,472",130,"3,701","2,590","35,712",30,79,"2,520","9,709","1,710","1,003","2,570","25,233","2,640","26,448","2,120","22,976",30,158,80,20,180,817,"2,470","41,603",180,"7,175","3,140","54,139","7,160","1,729,292","7,160","331,775",50,160,**,**,"4,830","15,392","1,980","2,344",560,327,0,0,0,0,"3,240","9,606",50,234,"1,620","12,048",0,0,**,**,50,164,"7,060","330,235",0,0,0,0,0,0,0,0,0,0,"7,160","316,341","7,160","335,868","2,400","1,722","3,220","3,376","3,640","45,473","3,500","39,440","2,710","25,272","1,060","13,934",
06,"$500,000 or more","1,200",120,"1,060",**,"1,140",60,"1,110",190,"3,280","1,050",0,0,0,0,0,540,"1,462,997","1,200","1,476,527","1,040","441,957","1,120","22,638",960,"74,090",930,"60,083",590,"6,871",370,"19,810",980,"275,677",390,"23,834",90,0,0,270,"8,048",890,"487,412",680,"13,530",0,0,90,"2,931",360,"5,004",40,358,0,0,420,"10,076",420,"9,706",140,310,770,"81,269","1,017,839",**,**,760,"45,460",**,**,710,"5,461",390,304,750,"7,448",770,"8,883",490,"6,832",**,**,30,2,150,"2,622",730,"38,577",100,"9,001",810,"81,932","1,200","1,280,620","1,200","349,734",60,798,0,0,780,"15,199",630,"4,251",30,14,0,0,0,0,**,**,**,**,430,"3,915",0,0,0,0,**,**,"1,190","349,345",0,0,0,0,0,0,0,0,0,0,"1,200","331,964","1,200","349,515",680,"2,729","1,070","9,710",570,"44,402",610,"47,822",270,"9,741",430,"31,794",
,,,,,,,,,,,,,,,,,,,,,,,,,,,,,,,,,,,,,,,,,,,,,,,,,,,,,,,,,,,,,,,,,,,,,,,,,,,,,,,,,,,,,,,,,,,,,,,,,,,,,,,,,,,,,,,,,,,,,,,,,,,,,,,,,,,,,,,,,,,,,,,,,,,,,,,
07,,"353,060","181,070","86,940","76,560","318,920","17,580","138,500","258,970","656,890","236,450","5,730","4,150","1,610",980,"72,700","66,750","16,807,625","351,840","16,966,828","307,330","13,319,402","56,890","96,370","32,700","223,183","30,230","148,795","24,580","24,471","51,730","417,703","27,490","487,290","64,170","1,315,435",270,"4,450","18,310","33,710","432,535","8,490","615,459","78,290","159,203","5,030","1,250",720,"16,528","3,660","22,754","3,260","12,330","34,410","38,826","332,400","5,320,335","332,400","5,242,551","41,830","77,784","17,700","588,441","3,012,426","5,280","84,556","16,650","156,497",860,"1,851","13,660","42,993","10,380","5,705","16,140","103,675","17,630","124,951","12,090","90,339",240,"1,467",390,395,440,"12,142","14,780","232,906","1,980","39,246","26,540","130,563","265,950","11,275,563","265,540","1,753,714",150,"1,989","3,790","4,303","127,360","229,381","8,890","29,714","14,730","8,342","17,960","18,396","33,280","5,879","91,110","157,709",650,866,"37,300","83,269","6,200","30,862","7,120","34,839","9,950","7,049","338,900","2,398,508","89,270","238,650","82,200","213,488","73,460","133,620","15,900","14,155","2,530","2,127","209,150","1,524,321","235,470","1,648,762","2,800","5,277","3,150","17,733","49,540","151,318","294,770","895,540","292,600","819,329","3,080","76,211",
07,Under $1,"2,940","2,080",600,180,"1,770",710,"1,340",830,"4,020",610,**,**,**,0,180,"1,310","-111,385","1,720","-108,039",550,"16,446",400,"1,914",270,"2,116",250,"1,598",40,145,"1,090","-22,289",410,"28,866",300,"3,262",**,**,**,**,**,310,"-43,315",440,"3,346",**,**,**,**,70,433,**,**,130,153,0,0,0,0,0,0,0,0,0,0,0,0,0,0,0,0,0,0,0,0,0,0,0,0,0,0,0,0,0,0,0,0,0,0,0,0,0,0,0,50,48,**,**,40,7,**,**,0,0,0,0,0,0,0,0,**,**,0,0,230,397,200,"1,360",210,"1,228",0,0,"1,230","6,584",200,235,140,177,90,157,150,136,150,175,40,34,310,720,30,35,0,0,180,165,"1,150","6,035","1,120","5,407",50,627,
07,"$1 under $10,000","50,070","40,350","2,750","6,340","43,610","3,380","16,890","32,900","53,100","13,860","1,680","1,210",480,470,"7,310","9,590","269,664","50,070","274,054","38,540","213,709","4,150","1,426","2,110","2,279","1,890","1,331",200,75,"7,050","20,746","1,630",961,"7,110","35,909",50,240,795,130,527,270,-332,"6,200","4,390",70,15,20,137,280,563,60,196,750,661,"49,740","572,429","49,740","559,232","7,460","13,196",320,"5,677","1,683",240,"3,555",170,172,110,69,170,369,110,45,260,534,310,617,130,993,0,0,0,0,**,**,160,243,**,**,40,15,610,"1,253",650,176,0,0,190,73,100,25,40,2,0,0,**,**,**,**,40,14,0,0,"5,380","3,991",620,"3,747",660,"3,690",40,19,"43,070","42,918","18,300","22,152","16,790","20,176","6,500","4,440","1,780","1,554",400,300,600,154,"6,520","4,301",0,0,0,0,"3,440","1,773","41,230","40,409","41,170","40,311",90,98,
07,"$10,000 under $25,000","88,470","49,560","8,130","29,150","80,620","3,980","34,910","71,770","158,150","66,320","1,780","1,300",490,340,"24,840","14,490","1,519,165","88,470","1,538,606","73,600","1,229,534","6,770","2,999","3,320","5,475","2,990","3,427",810,300,"16,990","129,476","2,510","4,785","12,950","143,296",**,"1,120","4,699","5,550","10,676",670,"2,555","17,740","19,441",400,90,**,**,550,"1,175",280,724,"3,510","3,149","87,520","1,320,184","87,520","1,300,825","10,720","19,360",950,"19,198","17,450",630,"9,819",710,903,180,179,470,925,390,195,800,"1,843",920,"2,222",370,"2,090",**,**,**,**,**,**,600,"2,795",150,"1,864","3,990","2,574","54,460","298,922","54,240","30,421",**,**,790,334,"24,640","8,458",320,13,"1,550",501,"3,840","1,873","8,430","1,315","12,980","4,715",60,25,"13,630","22,706","2,060","10,582","2,150","10,527","3,260","1,736","85,190","296,617","39,910","147,396","37,150","130,902","31,430","55,256","4,610","4,066","1,090",786,"35,830","21,962","48,910","46,929",0,0,0,0,"6,300","7,303","80,770","256,697","80,640","256,353",210,345,
07,"$25,000 under $50,000","107,650","56,050","17,700","30,270","98,430","4,650","40,570","85,640","205,190","80,630","1,670","1,260",410,170,"26,260","15,900","3,870,916","107,650","3,902,695","99,260","3,457,423","11,130","5,477","5,470","9,726","5,010","6,151","3,780","1,212","11,240","74,690","4,650","10,414","15,710","244,028",30,"1,490","6,055","10,590","74,817","1,130","8,594","21,420","31,779","1,340",314,30,313,680,"2,429",990,"2,844","12,490","13,223","104,450","1,638,826","104,450","1,620,969","9,590","17,857","3,200","75,785","122,159","1,540","22,874","2,950","5,956",200,549,"1,590","3,047","1,370","1,103","2,860","8,996","3,180","10,342","1,420","8,096",40,208,40,74,50,101,"2,520","23,497",670,"9,544","7,070","11,071","107,070","2,129,058","106,840","233,837",0,0,"1,820","1,463","54,000","66,886","1,180",81,"6,000","3,717","7,060","7,573","21,050","3,944","39,680","51,013",250,229,"6,800","16,193","2,660","11,780","2,900","13,291","4,640","2,869","106,300","446,025","30,280","68,617","27,700","62,050","29,720","63,165","4,560","3,952",750,691,"74,780","166,951","80,260","187,207",**,**,0,0,"12,850","19,138","94,620","275,827","94,370","275,106",370,721,
07,"$50,000 under $75,000","47,530","21,000","17,410","7,460","43,230","2,140","18,910","34,510","97,600","32,800",440,290,150,**,"8,350","10,080","2,898,503","47,530","2,922,123","43,530","2,461,631","10,060","5,927","5,620","13,386","5,180","8,930","5,210","1,840","5,660","46,323","4,580","16,539","10,710","237,084",40,790,"3,418","7,230","112,904","1,100","11,730","13,270","23,620","1,060",260,50,441,450,"2,274",750,"2,651","8,290","9,958","44,230","779,477","44,230","768,273","5,960","11,204","3,300","79,846","204,433","1,300","19,973","3,120","9,936",160,435,"2,420","5,642","1,880","1,038","2,960","14,280","3,290","15,928","2,170","12,534",40,208,50,73,**,**,"2,720","24,410",390,"5,785","4,550","10,455","47,460","2,019,995","47,430","249,659",0,0,600,"1,092","20,970","47,246","1,570",148,"2,330","1,361","3,030","3,714","3,800",620,"16,720","40,606",180,229,"3,800","9,471",530,"2,883",800,"4,095","1,300","1,180","47,110","300,927",580,250,420,183,"5,010","9,429","1,900","1,742",120,157,"42,330","202,413","43,650","214,820",0,0,0,0,"8,870","17,428","38,620","102,591","38,350","101,404",390,"1,187",
07,"$75,000 under $100,000","24,270","6,760","14,990","2,020","22,010","1,110","10,170","16,670","56,380","17,160",100,60,50,0,"3,360","6,390","2,092,993","24,270","2,108,631","22,240","1,713,856","7,720","5,252","4,520","13,603","4,180","9,342","4,210","1,962","3,640","37,137","3,690","20,477","6,990","195,960",30,440,"1,907","4,540","93,163",950,"16,577","7,380","15,638",760,195,60,594,330,"2,079",430,"1,839","4,100","5,094","21,620","446,731","21,620","439,564","3,660","7,167","2,640","63,875","229,424",730,"12,230","2,560","11,328",70,204,"2,270","5,180","1,750",877,"2,410","15,509","2,640","16,864","2,040","12,907",40,200,80,80,30,67,"2,240","17,454",210,"3,440","3,370","9,723","24,240","1,568,300","24,230","205,582",**,**,200,590,"10,900","29,833","1,390",157,"1,750","1,033","1,770","2,207",0,0,"9,130","25,775",80,112,"2,640","7,177",130,510,240,"1,165",400,504,"24,080","227,787",0,0,0,0,640,"1,019","1,160","1,016",20,18,"23,570","175,749","23,790","185,159",**,**,0,0,"5,600","14,027","18,630","56,172","18,400","54,855",340,"1,317",
07,"$100,000 under $200,000","26,380","4,370","20,710",990,"23,960","1,290","11,900","14,880","67,180","20,120",60,30,30,0,"2,270","7,280","3,468,715","26,380","3,496,851","24,390","2,775,648","12,270","10,928","7,840","34,402","7,340","25,079","8,040","4,932","4,690","67,236","6,660","66,056","8,540","331,838",70,340,"1,329","4,770","115,191","2,220","64,519","9,800","28,136","1,270",340,200,"2,677",640,"5,210",650,"3,206","5,140","6,588","21,760","491,923","21,760","484,126","3,850","7,797","4,620","128,476","640,298",750,"13,458","4,530","31,675",80,258,"4,240","11,758","3,240","1,506","4,300","37,270","4,620","39,925","3,830","27,914",80,487,120,108,90,320,"4,040","38,980",320,"6,667","5,210","24,675","26,370","2,818,780","26,360","426,983",30,157,150,744,"13,130","36,782","2,530",783,"2,530","1,435","2,260","3,029",0,0,"10,670","30,054",80,271,"3,470","12,195",**,**,160,843,250,506,"26,210","433,338",0,0,0,0,70,154,"1,740","1,689",0,0,"26,260","390,201","26,290","406,240",170,55,60,11,"9,390","35,220","16,930","61,515","16,420","57,982",740,"3,533",
07,"$200,000 under $500,000","4,820",750,"3,900",130,"4,440",260,"3,010","1,600","12,740","4,050",**,0,**,0,130,"1,400","1,346,193","4,820","1,365,237","4,380","934,161","3,510","8,381","2,800","31,507","2,660","25,156","1,840","2,883","1,110","43,399","2,610","73,959","1,620","106,296",50,30,107,770,"21,491","1,270","124,557","1,560","19,044",130,36,240,"6,529",440,"5,347",100,870,0,0,"2,800","64,501","2,800","63,423",530,"1,078","2,020","77,004","594,104",90,"2,647","1,970","30,053",60,157,"1,900","8,733","1,300",677,"1,930","19,039","2,020","20,804","1,660","18,478",40,364,70,49,130,870,"1,870","28,339",160,"5,593","1,800","23,919","4,810","1,179,985","4,810","236,420",60,331,**,**,"2,970","10,162","1,320","2,519",500,255,0,0,0,0,"1,890","5,532",**,**,"1,040","7,306",0,0,**,**,60,235,"4,780","239,263",0,0,0,0,0,0,0,0,0,0,"4,810","226,258","4,810","238,711","1,950","1,513","2,250","2,047","2,480","26,997","2,320","27,218","1,900","17,963",580,"9,255",
07,"$500,000 or more",930,150,750,20,850,60,800,170,"2,530",900,0,0,0,0,**,310,"1,452,861",930,"1,466,670",840,"516,994",880,"54,066",750,"110,689",730,"67,781",450,"11,122",260,"20,985",750,"265,233",240,"17,762",**,0,0,130,"3,766",570,"430,574",480,"13,809",**,**,120,"5,837",220,"3,244",**,**,0,0,280,"6,264",280,"6,139",60,125,650,"138,580","1,202,875",**,**,640,"66,474",**,**,600,"7,339",340,264,620,"6,204",650,"18,249",470,"7,327",**,**,30,11,140,"10,784",630,"97,188",80,"6,353",510,"48,131",930,"1,259,270",930,"370,588",60,"1,501",0,0,650,"29,989",540,"26,011",70,40,0,0,0,0,**,**,**,**,310,"3,833",0,0,0,0,**,**,930,"405,049",0,0,0,0,0,0,0,0,0,0,930,"340,599",930,"364,675",650,"3,674",840,"15,675",430,"29,267",500,"69,076",230,"9,948",310,"59,128",
,,,,,,,,,,,,,,,,,,,,,,,,,,,,,,,,,,,,,,,,,,,,,,,,,,,,,,,,,,,,,,,,,,,,,,,,,,,,,,,,,,,,,,,,,,,,,,,,,,,,,,,,,,,,,,,,,,,,,,,,,,,,,,,,,,,,,,,,,,,,,,,,,,,,,,,
08,,"327,390","153,290","132,420","35,920","306,000","10,650","186,450","218,810","618,870","184,430","6,600","1,920","4,660",480,"43,360","94,920","18,755,694","326,440","18,960,809","268,650","13,217,095","91,620","118,936","58,610","367,509","55,330","285,002","26,730","26,830","38,620","486,043","49,130","822,704","90,520","2,020,929","7,750","5,070","20,831","53,830","741,143","17,690","965,833","67,640","205,115","6,010","1,541","1,050","22,301","8,740","61,047","4,100","20,572","25,840","26,077","311,080","5,397,366","311,080","5,269,362","65,180","127,986","12,780","448,082","2,833,481","4,290","94,305","11,690","118,809",860,"1,121","10,710","32,235","7,310","3,543","12,060","82,524","12,690","87,894","8,050","68,607",120,488,220,62,520,"3,442","10,420","159,400",750,"17,898","35,670","253,238","246,210","13,271,874","244,650","2,049,957",130,"1,488","4,220","4,828","114,440","225,303","15,470","5,166","13,840","7,555","14,680","15,717","25,910","4,691","80,680","180,760",700,"1,586","31,100","85,220","6,810","36,199","7,730","39,872","8,170","5,817","309,380","2,581,809","53,190","122,731","48,020","111,823","40,170","70,549","11,780","10,425","2,880","2,610","212,000","1,822,320","227,120","1,952,894","3,200","5,523","5,010","19,120","43,450","198,256","270,530","818,541","263,850","721,431","9,590","95,354",
08,Under $1,"3,530","2,040","1,320",100,"2,650",510,"2,440",870,"5,430",750,30,**,30,0,70,"2,210","-182,074","2,580","-179,709",710,"23,654","1,230","5,531",810,"3,659",760,"2,700",60,87,"1,010","-7,348","1,050","13,468",790,"9,292",570,**,**,**,**,650,"-80,187",590,"2,365",0,0,0,0,220,"1,271",**,**,60,56,0,0,0,0,0,0,0,0,0,0,0,0,0,0,0,0,0,0,0,0,0,0,0,0,0,0,0,0,0,0,0,0,0,0,0,0,0,0,0,70,80,**,**,70,9,**,**,0,0,0,0,0,0,0,0,**,**,0,0,360,641,330,"2,299",350,"2,097",0,0,"1,580","6,981",190,185,100,107,100,184,100,84,240,294,70,63,490,924,**,**,0,0,280,322,"1,470","6,222","1,410","4,982",100,608,
08,"$1 under $10,000","52,060","42,890","4,910","3,750","47,320","2,560","24,740","28,630","47,710","9,720","2,390",580,"1,800",220,"4,650","14,190","265,660","52,060","269,231","37,880","194,034","8,460","3,794","4,850","5,053","4,490","3,198",150,54,"3,930","12,240","3,890","2,522","11,010","54,962",390,180,470,90,257,450,-391,"4,020","3,571",**,**,**,**,450,"1,380",60,194,510,376,"51,790","581,071","51,790","558,891","12,090","22,181",260,"5,817","1,314",210,"4,796",110,86,100,55,100,162,60,14,210,350,230,392,50,196,0,0,0,0,**,**,100,116,**,**,60,14,"1,340","2,310",990,236,0,0,320,109,190,15,120,4,0,0,**,**,**,**,**,**,0,0,"3,240","2,259",800,"5,004",830,"4,924",**,**,"42,620","34,783","13,560","15,291","12,580","14,257","4,380","2,780",870,738,430,343,940,218,"4,710","2,607",0,0,0,0,"2,310",990,"41,390","33,161","41,230","32,763",230,349,
08,"$10,000 under $25,000","65,790","41,620","11,230","11,720","61,530","2,030","34,020","48,400","101,080","29,410","2,030",590,"1,440",180,"12,780","18,710","1,123,726","65,790","1,137,021","50,900","836,678","11,440","7,706","6,750","12,602","6,260","7,829",570,239,"6,710","54,317","5,220","10,097","16,780","192,719",800,830,"3,204","7,320","12,901","1,000",-15,"8,960","13,295",220,49,**,**,940,"2,741",260,851,"2,460","2,026","65,120","1,005,419","65,120","976,079","15,210","29,340",660,"18,462","11,836",550,"13,701",400,563,230,164,350,583,210,52,600,"1,225",650,"1,372",180,"1,011",0,0,**,**,**,**,350,"1,125",30,314,"2,360","1,553","39,770","223,579","39,320","22,571",0,0,970,426,"14,090","4,567",580,22,870,301,"2,030",977,"5,800",871,"6,210","2,349",50,24,"5,710","9,123","2,270","12,078","2,340","11,906","2,750","1,429","61,800","173,519","21,460","68,674","19,290","63,068","14,210","24,436","1,950","1,616","1,150",914,"30,240","18,004","35,810","29,008",0,0,0,0,"4,110","3,866","59,070","148,277","58,660","147,346",610,858,
08,"$25,000 under $50,000","79,000","41,550","21,420","13,640","74,390","2,120","43,590","59,740","142,450","42,650","1,460",540,920,80,"14,580","19,680","2,877,820","79,000","2,904,921","67,920","2,321,907","16,050","11,585","9,610","21,708","9,030","14,550","2,550",901,"6,990","55,569","7,600","24,219","18,940","327,253","1,450","1,460","6,001","15,920","110,121","2,050","13,047","14,480","27,101",980,232,50,276,"1,490","6,240",940,"3,707","7,030","6,725","77,590","1,285,285","77,590","1,258,282","13,520","27,004","1,410","36,908","53,018",980,"21,395","1,160","2,245",210,217,920,"1,626",640,243,"1,280","3,759","1,390","4,205",600,"3,240",**,**,20,23,**,**,920,"5,147",120,"2,012","6,440","9,000","78,210","1,543,951","77,560","167,069",0,0,"1,730","1,404","34,020","38,055","2,050",93,"2,800","1,594","3,190","3,069","14,900","2,963","22,750","29,969",200,150,"5,240","11,125","2,630","12,524","2,790","13,483","3,600","2,256","77,570","324,948","17,340","38,311","15,550","34,181","15,610","32,140","1,960","1,597",870,847,"60,270","129,014","63,840","143,741",**,**,0,0,"7,970","10,148","70,640","190,999","69,820","188,614","1,240","2,352",
08,"$50,000 under $75,000","47,240","15,980","25,830","4,410","44,590","1,220","28,760","33,280","104,080","31,100",460,140,320,**,"5,970","14,420","2,913,051","47,240","2,938,846","40,770","2,235,168","14,500","11,835","8,990","26,642","8,460","18,333","4,130","1,639","6,050","55,123","7,310","34,893","14,480","339,335","1,330","1,140","4,972","11,740","181,409","2,330","25,711","12,090","25,795","1,070",263,60,492,"1,250","6,287",870,"4,026","5,690","5,924","45,650","893,158","45,650","874,672","9,400","18,486","1,590","41,884","99,791",870,"19,303","1,440","4,137",110,191,"1,230","2,488",840,303,"1,470","6,352","1,580","6,822",890,"5,504",40,146,**,**,40,52,"1,170","8,302",60,830,"6,590","15,190","47,150","1,959,642","47,040","232,641",0,0,720,"1,357","21,770","47,553","2,420",181,"2,480","1,280","2,570","2,970","5,210",857,"16,660","41,540",120,176,"4,690","11,203",660,"3,767",950,"5,129","1,130","1,007","46,690","298,064",640,270,500,210,"4,790","9,145","1,680","1,476",190,212,"42,030","185,088","43,410","199,199",0,0,0,0,"7,900","14,595","39,200","113,076","38,240","110,128","1,400","2,894",
08,"$75,000 under $100,000","32,580","5,220","25,690","1,380","30,840",830,"20,670","22,830","84,100","25,880",140,40,100,0,"3,040","10,280","2,823,696","32,580","2,847,011","28,650","2,148,205","12,800","12,354","8,160","30,354","7,700","21,878","4,520","2,147","4,990","49,536","6,720","43,307","11,170","330,003","1,030",770,"3,241","8,100","170,605","2,190","31,650","9,820","23,315","1,180",313,50,437,940,"6,191",700,"3,506","4,570","4,981","31,050","693,861","31,050","680,498","6,560","13,363","1,540","41,361","133,981",630,"12,901","1,450","5,654",70,134,"1,320","2,724",920,371,"1,440","8,119","1,530","8,629","1,010","6,459",**,**,30,8,**,**,"1,220","10,207",90,"1,196","5,950","17,167","32,550","2,069,576","32,510","251,962",**,**,230,785,"16,160","46,775","2,490",265,"2,840","1,621","2,560","3,059",0,0,"13,660","40,974",110,238,"3,920","9,916",120,527,280,"1,461",370,442,"32,320","296,170",0,0,0,0,960,"1,596","1,740","1,559",**,**,"31,490","205,186","31,820","217,608",0,0,0,0,"5,780","14,309","26,740","92,560","25,870","89,505","1,310","3,055",
08,"$100,000 under $200,000","38,540","3,160","34,400",780,"36,480","1,080","25,230","22,700","109,400","36,480",90,30,50,0,"2,170","12,060","5,044,921","38,540","5,093,287","34,450","3,747,524","20,050","22,913","13,650","77,143","13,010","58,746","11,120","7,622","6,650","107,304","11,680","142,336","14,070","563,343","1,630",660,"2,804","8,580","209,595","4,970","135,846","13,830","48,366","2,300",619,330,"4,230","1,760","15,334","1,040","5,948","5,520","5,989","34,650","814,908","34,650","800,392","6,950","14,516","3,900","118,427","552,654",920,"18,246","3,790","23,323",90,224,"3,620","9,538","2,620","1,233","3,720","29,936","3,890","31,301","2,920","24,530",50,208,80,19,110,400,"3,430","37,747",210,"4,159","9,600","51,715","38,540","4,056,772","38,510","584,134",**,**,180,738,"22,390","68,010","4,710",808,"4,240","2,446","4,330","5,642",0,0,"18,450","56,823",170,712,"5,490","20,717",**,**,190,872,280,540,"38,250","616,785",0,0,0,0,120,268,"3,480","3,355",0,0,"38,320","516,124","38,390","542,650",80,31,40,15,"11,220","43,927","27,280","117,541","25,630","105,849","2,430","11,692",
08,"$200,000 under $500,000","6,980",660,"6,150",120,"6,590",250,"5,470","2,070","19,780","6,670",**,0,**,0,100,"2,740","1,982,595","6,980","2,022,204","5,910","1,089,231","5,520","18,636","4,410","76,051","4,270","62,108","2,760","4,899","1,760","97,495","4,260","164,153","2,790","179,412",450,30,139,"1,750","46,678","2,840","269,441","2,850","39,609",260,65,410,"11,806","1,180","14,057",170,"1,693",0,0,"4,510","106,857","4,510","104,131","1,270","2,723","2,470","100,633","743,260",130,"3,963","2,410","32,292",50,136,"2,310","9,194","1,510",891,"2,410","23,536","2,470","24,674","1,830","19,637",30,134,60,8,180,757,"2,310","40,654",170,"7,334","3,570","64,360","6,980","1,710,055","6,980","326,723",50,249,**,**,"4,720","13,588","2,180","1,522",530,273,0,0,0,0,"2,950","9,105",50,286,"1,810","14,392",0,0,**,**,40,143,"6,890","348,237",0,0,0,0,0,0,0,0,0,0,"6,970","313,135","6,980","335,793","2,170","1,612","3,450","4,262","3,160","41,753","3,800","50,800","2,600","27,280","1,600","23,488",
08,"$500,000 or more","1,670",170,"1,470",20,"1,610",50,"1,530",290,"4,840","1,770",0,0,0,0,**,630,"1,906,299","1,670","1,927,997","1,460","620,694","1,570","24,582","1,380","114,297","1,350","95,660",870,"9,242",530,"61,807","1,400","387,709",490,"24,610",100,0,0,330,"9,577","1,210","570,731","1,000","21,698",**,**,150,"5,060",510,"7,546",60,647,0,0,720,"16,807",720,"16,417",180,373,950,"84,590","1,237,627",**,**,930,"50,509",**,**,860,"5,920",510,436,930,"9,247",950,"10,499",570,"8,030",**,**,30,4,190,"2,233",920,"56,102",70,"2,053","1,100","94,239","1,670","1,705,989","1,670","464,541",80,"1,239",0,0,"1,100","6,740",920,"2,271",80,40,0,0,0,0,**,**,**,**,640,"5,844",0,0,0,0,0,0,"1,660","482,322",0,0,0,0,0,0,0,0,0,0,"1,670","455,488","1,670","481,364",950,"3,880","1,520","14,843",720,"68,346",940,"65,905",390,"14,964",670,"50,058",
,,,,,,,,,,,,,,,,,,,,,,,,,,,,,,,,,,,,,,,,,,,,,,,,,,,,,,,,,,,,,,,,,,,,,,,,,,,,,,,,,,,,,,,,,,,,,,,,,,,,,,,,,,,,,,,,,,,,,,,,,,,,,,,,,,,,,,,,,,,,,,,,,,,,,,,
09,,"349,040","162,170","140,470","39,170","320,370","14,640","168,640","235,010","659,000","195,370","6,850","2,890","3,970",570,"51,630","93,990","21,250,053","347,950","21,460,459","290,780","15,378,136","95,040","132,830","56,930","317,548","53,190","242,110","38,980","45,239","48,310","542,904","48,980","820,901","91,400","2,251,483","5,910","5,640","21,338","55,040","784,810","17,130","1,074,348","80,100","210,406","6,840","1,757","1,000","18,508","7,730","54,671","4,370","20,502","32,630","35,454","324,700","5,610,422","324,700","5,487,130","62,740","123,280","20,670","679,482","4,039,971","6,040","113,698","19,260","184,949","1,100","1,711","18,260","55,101","13,320","6,304","19,250","140,895","20,580","154,572","15,240","138,890",230,"1,092",470,272,750,"5,327","17,510","229,481","1,040","23,742","38,300","267,898","270,460","15,296,794","269,070","2,387,525",180,"1,178","4,380","5,439","126,420","256,815","15,550","12,103","14,390","7,784","17,070","18,103","27,350","4,812","89,600","199,095",660,"1,622","37,490","96,924","7,290","38,373","8,360","42,660","8,890","6,589","331,950","2,893,776","52,290","117,328","46,080","103,730","40,150","70,142","12,830","11,282","3,290","3,068","234,890","2,129,633","252,980","2,271,576","4,410","5,687","5,960","16,478","55,820","222,339","281,200","842,752","276,070","737,159","7,330","99,844",
09,Under $1,"3,670","2,150","1,290",120,"2,560",700,"2,320",850,"5,480",700,**,**,**,0,80,"2,160","-204,015","2,580","-201,591",760,"23,910","1,130","2,307",700,"2,428",660,"1,632",80,152,"1,180","-13,103",970,"6,712",770,"9,206",450,**,**,0,0,600,"-44,467",600,"2,424",**,**,0,0,190,"1,120",**,**,100,122,0,0,0,0,0,0,0,0,0,0,0,0,0,0,0,0,0,0,0,0,0,0,0,0,0,0,0,0,0,0,0,0,0,0,0,0,0,0,0,80,31,**,**,70,11,**,**,0,0,0,0,0,0,0,0,**,**,0,0,380,720,310,"2,191",320,"1,980",0,0,"1,600","6,027",220,306,130,188,110,213,90,81,220,248,70,22,520,880,**,**,0,0,310,346,"1,470","5,537","1,390","4,685",100,617,
09,"$1 under $10,000","50,040","41,670","4,480","3,340","44,400","3,070","19,430","29,290","43,890","8,260","2,050",880,"1,170",260,"4,660","12,280","256,389","50,040","260,459","37,080","192,827","7,650","3,321","3,960","4,324","3,610","2,755",220,91,"5,100","15,499","3,200","2,472","9,300","48,032",330,170,563,120,475,430,"-1,021","5,010","4,070",40,8,**,**,430,"1,171",70,215,700,627,"49,650","544,435","49,650","525,547","10,250","18,888",380,"9,336","2,136",310,"6,668",160,207,150,90,200,461,110,33,310,700,350,878,140,943,0,0,0,0,**,**,180,292,20,119,40,11,"1,140","2,077",860,234,0,0,280,98,130,10,70,2,0,0,**,**,**,**,**,**,0,0,"4,170","2,954",820,"4,977",860,"4,840",**,**,"41,660","32,339","12,630","13,686","11,360","12,384","3,830","2,550","1,050",881,510,394,830,219,"5,510","3,314",0,0,0,0,"2,830","1,317","40,070","30,347","39,960","30,155",180,166,
09,"$10,000 under $25,000","66,650","43,220","10,860","11,140","61,360","2,580","29,170","49,910","99,280","27,570","2,190",910,"1,280",210,"13,650","17,560","1,145,954","66,650","1,159,125","51,760","857,736","10,970","7,326","5,900","10,312","5,420","6,587",830,422,"8,550","70,086","4,690","9,717","15,850","188,010",640,860,"3,556","7,310","13,245",930,"1,562","10,710","13,171",280,59,**,**,850,"2,474",290,986,"3,060","2,558","65,790","1,000,893","65,790","973,807","14,090","27,086",860,"21,730","15,174",720,"15,132",540,890,260,211,560,"1,042",360,138,760,"1,955",830,"2,186",380,"2,094",**,**,**,**,20,6,520,"1,744",**,**,"2,920","1,929","41,560","237,854","41,200","24,101",30,42,930,393,"14,730","4,812",530,20,750,248,"2,810","1,348","6,050",880,"5,950","2,288",**,**,"7,130","11,678","2,370","12,430","2,460","12,268","2,640","1,366","62,700","167,880","20,530","63,957","18,160","57,318","13,330","22,929","2,180","1,734","1,310","1,045","31,970","19,289","38,410","32,768",0,0,0,0,"5,020","5,205","59,280","140,207","59,010","139,475",400,670,
09,"$25,000 under $50,000","85,540","45,870","21,440","15,380","79,650","2,770","39,490","65,730","152,290","46,050","1,740",820,920,100,"18,060","19,380","3,119,488","85,540","3,149,397","74,210","2,554,033","15,900","11,063","8,600","19,899","7,960","13,456","3,740","1,595","9,020","83,089","7,170","22,719","18,870","331,918","1,050","1,560","6,216","15,480","107,535","1,830","8,677","17,590","29,909","1,080",251,50,275,"1,290","5,099",980,"3,669","8,920","9,190","83,570","1,362,621","83,570","1,336,499","13,170","26,122","1,970","47,211","74,706","1,300","24,264","1,650","3,565",260,288,"1,380","2,857","1,080",397,"1,760","6,119","1,950","6,858","1,040","6,723",**,**,30,15,**,**,"1,420","7,147",100,"1,137","7,370","11,098","84,730","1,692,751","84,130","184,135",0,0,"1,830","1,433","37,280","42,329","1,890",110,"2,870","1,597","4,210","4,088","15,900","3,060","24,840","33,128",130,120,"6,820","15,799","2,880","13,908","3,080","14,861","4,040","2,568","83,950","343,198","18,310","39,123","15,970","33,647","16,880","33,575","2,350","1,903","1,030","1,100","65,500","141,806","70,050","161,660",**,**,0,0,"9,800","13,595","75,360","194,558","74,890","193,027",750,"1,504",
09,"$50,000 under $75,000","51,400","17,940","26,140","5,850","47,550","1,780","26,350","36,500","110,880","33,410",550,190,360,**,"7,970","14,430","3,163,570","51,400","3,192,261","45,110","2,484,293","14,560","11,539","8,350","25,173","7,750","17,594","6,170","3,017","7,250","67,013","7,090","33,514","14,860","355,058",950,"1,240","4,551","11,640","181,620","2,060","20,178","14,040","28,691","1,230",305,70,634,940,"5,218",950,"4,115","7,060","7,945","48,750","937,482","48,750","919,215","9,300","18,267","2,650","62,716","167,031","1,230","21,626","2,490","7,992",140,232,"2,250","4,780","1,650",685,"2,410","11,761","2,650","13,024","1,830","12,783",50,271,50,51,40,44,"2,080","12,597",110,"1,328","6,770","15,062","51,330","2,142,463","51,220","256,688",0,0,760,"1,434","23,690","51,236","2,380",198,"2,350","1,216","2,930","3,407","5,400",872,"18,260","44,709",140,246,"5,430","13,486",750,"4,116","1,050","5,570","1,360","1,224","50,880","320,986",600,256,460,193,"4,950","9,022","1,820","1,610",200,250,"46,110","205,452","47,640","222,231",0,0,0,0,"9,550","18,142","41,770","116,346","41,150","114,213",930,"1,847",
09,"$75,000 under $100,000","34,260","6,020","25,890","1,910","31,750","1,280","18,270","23,610","86,390","26,280",200,50,150,0,"4,020","10,510","2,971,222","34,260","2,996,228","30,300","2,295,138","12,820","11,174","7,570","26,869","7,080","19,251","6,540","4,083","5,650","55,688","6,430","41,059","11,450","348,254",840,830,"2,888","8,270","171,414","2,100","27,658","10,820","25,006","1,250",326,80,787,770,"5,173",710,"3,357","5,410","6,433","31,540","698,779","31,540","685,360","6,630","13,420","2,720","68,058","236,766",920,"16,222","2,590","11,296",100,296,"2,450","5,490","1,860",679,"2,500","15,760","2,710","17,030","2,100","15,888",20,123,60,52,40,67,"2,260","15,636",110,"1,714","5,720","16,530","34,230","2,184,889","34,160","270,008",0,0,260,834,"16,700","47,512","2,240",292,"2,680","1,524","2,640","3,308",0,0,"14,210","41,298",110,236,"4,230","10,919",160,751,320,"1,705",450,555,"34,020","309,073",0,0,0,0,910,"1,533","1,750","1,598",20,31,"33,190","222,495","33,540","236,162",**,**,0,0,"7,100","17,159","27,110","89,649","26,450","87,227",930,"2,369",
09,"$100,000 under $200,000","46,180","4,290","40,380","1,210","42,620","1,900","25,580","25,740","128,420","41,890",120,40,90,0,"2,990","13,760","6,146,380","46,180","6,199,113","41,530","4,706,662","23,230","27,571","14,870","78,542","14,010","59,730","16,460","14,306","8,630","126,760","12,780","144,540","16,180","680,364","1,230",910,"3,295","9,840","243,377","4,900","129,822","16,830","52,733","2,620",724,310,"4,415","1,590","13,724","1,140","6,037","7,380","8,579","39,090","916,622","39,090","900,494","7,720","16,129","7,090","210,583","1,006,965","1,380","25,448","6,910","47,469",140,443,"6,690","17,821","5,020","2,354","6,680","56,872","7,090","60,660","5,820","51,814",110,471,170,126,180,644,"6,330","62,818",360,"7,325","10,180","51,009","46,180","4,961,358","46,130","730,643",**,**,220,"1,110","26,340","77,443","5,000","1,230","4,800","2,720","4,480","5,952",0,0,"21,950","64,594",210,675,"6,530","23,345",**,**,240,"1,310",350,682,"45,920","748,299",0,0,0,0,140,320,"3,590","3,475",0,0,"45,940","653,200","46,020","683,344",190,47,50,12,"15,710","58,701","30,390","122,876","29,030","112,517","1,980","10,225",
09,"$200,000 under $500,000","9,690",840,"8,600",190,"8,990",470,"6,620","3,120","27,890","9,660",**,0,**,0,200,"3,310","2,717,137","9,690","2,753,782","8,610","1,707,542","7,290","21,990","5,730","74,575","5,500","58,617","4,130","7,658","2,510","96,066","5,350","180,687","3,630","253,070",330,70,269,"2,060","56,938","3,130","300,667","3,590","36,645",340,84,370,"8,464","1,170","13,929",190,"1,785",0,0,"5,740","136,346","5,740","133,319","1,420","3,022","3,950","152,184","1,158,237",180,"4,338","3,900","54,543",50,151,"3,750","15,351","2,650","1,556","3,820","37,649","3,950","40,261","3,240","38,729",50,227,130,26,280,"1,200","3,720","57,562",220,"8,337","4,300","67,123","9,680","2,360,096","9,680","457,764",80,478,30,126,"6,550","20,467","2,660","2,496",870,444,0,0,0,0,"4,390","13,078",70,345,"2,280","13,515",0,0,30,126,50,194,"9,620","463,394",0,0,0,0,0,0,0,0,0,0,"9,670","437,217","9,680","460,247","3,290","2,335","4,490","4,722","4,760","54,312","4,880","56,686","3,820","34,952","1,450","21,714",
09,"$500,000 or more","1,610",170,"1,390",30,"1,490",90,"1,410",260,"4,480","1,550",0,0,0,0,**,600,"1,933,928","1,610","1,951,685","1,420","555,995","1,490","36,539","1,250","75,426","1,200","62,488",810,"13,915",420,"41,806","1,300","379,481",490,"37,571",90,0,0,320,"10,206","1,150","631,272",910,"17,757",**,**,120,"3,933",500,"6,763",40,338,0,0,570,"13,244",570,"12,889",160,346,"1,050","107,664","1,378,956",**,**,"1,020","58,987",**,**,980,"7,299",590,462,"1,010","10,079","1,050","13,675",690,"9,916",**,**,30,2,190,"3,366","1,000","71,685",120,"3,782","1,000","105,136","1,610","1,715,306","1,610","463,921",70,658,0,0,"1,000","13,006",780,"7,755",70,35,0,0,0,0,**,**,**,**,520,"4,508",0,0,0,0,**,**,"1,600","502,580",0,0,0,0,0,0,0,0,0,0,"1,610","449,933","1,610","470,970",930,"3,305","1,420","11,744",740,"53,562",870,"86,546",370,"20,908",610,"60,732",
"** - Not shown to avoid disclosure of information 
about specific taxpayers.  However, the data are 
combined with data in an adjacent size class, 
as appropriate, and included in the appropriate totals.",,,,,,,,,,,,,,,,,,,,,,,,,,,,,,,,,,,,,,,,,,,,,,,,,,,,,,,,,,,,,,,,,,,,,,,,,,,,,,,,,,,,,,,,,,,,,,,,,,,,,,,,,,,,,,,,,,,,,,,,,,,,,,,,,,,,,,,,,,,,,,,,,,,,,,,
"[1] Congressional districts were assigned by using a commercial data file 
to match the ZIP code on the individual income tax return to its resulting 
congressional district.",,,,,,,,,,,,,,,,,,,,,,,,,,,,,,,,,,,,,,,,,,,,,,,,,,,,,,,,,,,,,,,,,,,,,,,,,,,,,,,,,,,,,,,,,,,,,,,,,,,,,,,,,,,,,,,,,,,,,,,,,,,,,,,,,,,,,,,,,,,,,,,,,,,,,,,
"[2] Beginning in 2018, personal exemption deductions were suspended 
for the primary, secondary, and dependent taxpayers. However, the 
data used to create the “Number of individuals”—filing status, dependent 
status indicator, and identifying dependent information—are still available 
on the Form 1040. This field is based on these data.",,,,,,,,,,,,,,,,,,,,,,,,,,,,,,,,,,,,,,,,,,,,,,,,,,,,,,,,,,,,,,,,,,,,,,,,,,,,,,,,,,,,,,,,,,,,,,,,,,,,,,,,,,,,,,,,,,,,,,,,,,,,,,,,,,,,,,,,,,,,,,,,,,,,,,,
"[3] The ""Number of volunteer prepared returns"" shows counts of 
returns prepared by IRS-certified volunteers to taxpayers with 
limited income, persons with disabilities, limited English speaking 
taxpayers, current and former members of the military, and 
taxpayers who are 60 years of age and older.",,,,,,,,,,,,,,,,,,,,,,,,,,,,,,,,,,,,,,,,,,,,,,,,,,,,,,,,,,,,,,,,,,,,,,,,,,,,,,,,,,,,,,,,,,,,,,,,,,,,,,,,,,,,,,,,,,,,,,,,,,,,,,,,,,,,,,,,,,,,,,,,,,,,,,,
"[4] These data do not distinguish between refund anticipation 
loans and refund advances.",,,,,,,,,,,,,,,,,,,,,,,,,,,,,,,,,,,,,,,,,,,,,,,,,,,,,,,,,,,,,,,,,,,,,,,,,,,,,,,,,,,,,,,,,,,,,,,,,,,,,,,,,,,,,,,,,,,,,,,,,,,,,,,,,,,,,,,,,,,,,,,,,,,,,,,
[5] Includes primary taxpayers 60 years of age or older.,,,,,,,,,,,,,,,,,,,,,,,,,,,,,,,,,,,,,,,,,,,,,,,,,,,,,,,,,,,,,,,,,,,,,,,,,,,,,,,,,,,,,,,,,,,,,,,,,,,,,,,,,,,,,,,,,,,,,,,,,,,,,,,,,,,,,,,,,,,,,,,,,,,,,,,
[6] Less deficit.,,,,,,,,,,,,,,,,,,,,,,,,,,,,,,,,,,,,,,,,,,,,,,,,,,,,,,,,,,,,,,,,,,,,,,,,,,,,,,,,,,,,,,,,,,,,,,,,,,,,,,,,,,,,,,,,,,,,,,,,,,,,,,,,,,,,,,,,,,,,,,,,,,,,,,,
"[7] ""Qualified dividends"" are ordinary dividends received 
in tax years beginning after 2002 that meet certain 
conditions and receive preferential tax rates. 
The maximum qualified dividends tax rate is 20%.",,,,,,,,,,,,,,,,,,,,,,,,,,,,,,,,,,,,,,,,,,,,,,,,,,,,,,,,,,,,,,,,,,,,,,,,,,,,,,,,,,,,,,,,,,,,,,,,,,,,,,,,,,,,,,,,,,,,,,,,,,,,,,,,,,,,,,,,,,,,,,,,,,,,,,,
"[8] Includes the Alaskan permanent fund, reported by 
residents of Alaska on Form 1040. This fund only applies 
to statistics in the totals, and the state of Alaska.",,,,,,,,,,,,,,,,,,,,,,,,,,,,,,,,,,,,,,,,,,,,,,,,,,,,,,,,,,,,,,,,,,,,,,,,,,,,,,,,,,,,,,,,,,,,,,,,,,,,,,,,,,,,,,,,,,,,,,,,,,,,,,,,,,,,,,,,,,,,,,,,,,,,,,,
"[9] ""Earned income credit"" includes both the refundable 
and non-refundable portions.  The non-refundable portion 
could reduce income tax and certain related taxes to zero. 
The earned income credit amounts in excess of total tax 
liability, or amounts when there was no tax liability at all, 
were refundable.  See footnote 10 below for explanation 
of the refundable portion of the earned income credit.",,,,,,,,,,,,,,,,,,,,,,,,,,,,,,,,,,,,,,,,,,,,,,,,,,,,,,,,,,,,,,,,,,,,,,,,,,,,,,,,,,,,,,,,,,,,,,,,,,,,,,,,,,,,,,,,,,,,,,,,,,,,,,,,,,,,,,,,,,,,,,,,,,,,,,,
"[10] The refundable portion of the ""earned income credit"" 
equals ""total income tax"" minus the ""earned income credit.""  
If the result is negative, this amount is considered the 
refundable portion.  No other refundable credits were 
taken into account for this calculation.",,,,,,,,,,,,,,,,,,,,,,,,,,,,,,,,,,,,,,,,,,,,,,,,,,,,,,,,,,,,,,,,,,,,,,,,,,,,,,,,,,,,,,,,,,,,,,,,,,,,,,,,,,,,,,,,,,,,,,,,,,,,,,,,,,,,,,,,,,,,,,,,,,,,,,,
"[11] ""Total tax liability"" differs from ""Income tax,"" in that
""Total tax liability"" includes the taxes from recapture of 
certain prior-year credits, tax applicable to individual 
retirement arrangements (IRA's), social security taxes 
on self-employment income and on certain tip income, 
advanced earned income payments, household
employment taxes, and certain ""other taxes"" listed 
in the Form 1040 instructions.",,,,,,,,,,,,,,,,,,,,,,,,,,,,,,,,,,,,,,,,,,,,,,,,,,,,,,,,,,,,,,,,,,,,,,,,,,,,,,,,,,,,,,,,,,,,,,,,,,,,,,,,,,,,,,,,,,,,,,,,,,,,,,,,,,,,,,,,,,,,,,,,,,,,,,,
"[12] Reflects payments to or withholdings made to 
""Total tax liability"".  This is the amount the tax filer 
owes when the income tax return is filed.",,,,,,,,,,,,,,,,,,,,,,,,,,,,,,,,,,,,,,,,,,,,,,,,,,,,,,,,,,,,,,,,,,,,,,,,,,,,,,,,,,,,,,,,,,,,,,,,,,,,,,,,,,,,,,,,,,,,,,,,,,,,,,,,,,,,,,,,,,,,,,,,,,,,,,,
"[13]  The amount of overpayments the tax filer requested to 
have refunded. ",,,,,,,,,,,,,,,,,,,,,,,,,,,,,,,,,,,,,,,,,,,,,,,,,,,,,,,,,,,,,,,,,,,,,,,,,,,,,,,,,,,,,,,,,,,,,,,,,,,,,,,,,,,,,,,,,,,,,,,,,,,,,,,,,,,,,,,,,,,,,,,,,,,,,,,
"NOTE: This table presents aggregates of all returns filed and
processed through the Individual Master File (IMF) system 
during Calendar Year 2019, including any returns filed for 
tax years preceding 2018.",,,,,,,,,,,,,,,,,,,,,,,,,,,,,,,,,,,,,,,,,,,,,,,,,,,,,,,,,,,,,,,,,,,,,,,,,,,,,,,,,,,,,,,,,,,,,,,,,,,,,,,,,,,,,,,,,,,,,,,,,,,,,,,,,,,,,,,,,,,,,,,,,,,,,,,
"This table is based on tax returns as initially processed by IRS
and does not reflect amended returns or errors that were
corrected after initial processing. In general, during administrative 
or Master File processing, taxpayer reporting discrepancies are 
corrected only to the extent necessary. These statistics should, 
therefore, be used with the knowledge that some of the 
data have not been perfected or edited for statistical purposes 
and that State totals in this table may not be altogether 
comparable to other State totals published by the IRS, 
Statistics of Income Division. ",,,,,,,,,,,,,,,,,,,,,,,,,,,,,,,,,,,,,,,,,,,,,,,,,,,,,,,,,,,,,,,,,,,,,,,,,,,,,,,,,,,,,,,,,,,,,,,,,,,,,,,,,,,,,,,,,,,,,,,,,,,,,,,,,,,,,,,,,,,,,,,,,,,,,,,
Detail may not add to totals because of rounding.,,,,,,,,,,,,,,,,,,,,,,,,,,,,,,,,,,,,,,,,,,,,,,,,,,,,,,,,,,,,,,,,,,,,,,,,,,,,,,,,,,,,,,,,,,,,,,,,,,,,,,,,,,,,,,,,,,,,,,,,,,,,,,,,,,,,,,,,,,,,,,,,,,,,,,,
"SOURCE: IRS, Statistics of Income Division, 
Individual Master File System, September 2020.",,,,,,,,,,,,,,,,,,,,,,,,,,,,,,,,,,,,,,,,,,,,,,,,,,,,,,,,,,,,,,,,,,,,,,,,,,,,,,,,,,,,,,,,,,,,,,,,,,,,,,,,,,,,,,,,,,,,,,,,,,,,,,,,,,,,,,,,,,,,,,,,,,,,,,,
