WISCONSIN,,,,,,,,,,,,,,,,,,,,,,,,,,,,,,,,,,,,,,,,,,,,,,,,,,,,,,,,,,,,,,,,,,,,,,,,,,,,,,,,,,,,,,,,,,,,,,,,,,,,,,,,,,,,,,,,,,,,,,,,,,,,,,,,,,,,,,,,,,,,,,,,,,,,,,,
"Individual Income Tax Returns: 
Selected Income and Tax Items by State, 
Congressional district, and Size of Adjusted Gross Income, 
Tax Year 2018                                                                                                                                                                                                                                                                                                                                            ",,,,,,,,,,,,,,,,,,,,,,,,,,,,,,,,,,,,,,,,,,,,,,,,,,,,,,,,,,,,,,,,,,,,,,,,,,,,,,,,,,,,,,,,,,,,,,,,,,,,,,,,,,,,,,,,,,,,,,,,,,,,,,,,,,,,,,,,,,,,,,,,,,,,,,,
[Money amounts are in thousands of dollars],,,,,,,,,,,,,,,,,,,,,,,,,,,,,,,,,,,,,,,,,,,,,,,,,,,,,,,,,,,,,,,,,,,,,,,,,,,,,,,,,,,,,,,,,,,,,,,,,,,,,,,,,,,,,,,,,,,,,,,,,,,,,,,,,,,,,,,,,,,,,,,,,,,,,,,
"Congressional
district [1]",Size of adjusted gross income by congressional district,Number of returns,Number of single returns,Number of joint returns,Number of head of household returns,Number of electronically filed returns,Number of computer prepared paper returns,Number with paid preparer's signature,Number of returns with direct deposit,"Number of 
individuals [2]",Number of dependents,Number of volunteer prepared returns [3],,,,Number of refund anticipation check returns [4],Number of elderly returns [5],Adjusted gross income (AGI) [6],Total income,,Salaries and wages in AGI,,Taxable interest,,Ordinary dividends,,Qualified dividends [7],,"State and local income tax refunds
",,"Business or profession
net income (less loss)",,Net capital gain (less loss) in AGI,,"Taxable IRA, pensions and annuities",,"Number of 
farm returns",Unemployment compensation [8],,Taxable Social Security benefits,,Partnership/S-corp net income (less loss),,Total statuory adjustments,,Educator expenses,,Self-employed (Keogh) retirement plans,,Self-employed health insurance deduction,,Individual retirement arrangement payments,,Student loan interest deduction,,Total standard deduction,,Basic standard deduction,,Additional standard deduction,,Total itemized deductions,,,"Total medical and dental 
expenses deduction",,State and local income taxes,,State and local general sales taxes,,Real estate taxes,,Personal property taxes,,Limited state and local taxes paid,,Total taxes paid,,Home mortgage interest paid ,,"Home mortgage interest paid 
to personal seller",,Deductible points,,Investment interest paid,,Total charitable contributions,,Other non-limited miscellaneous deduction,,"Qualified business income deduction
",,Taxable income,,Income tax before credits,,Alternative minimum tax,,"Excess advance 
premium tax credit repayment",,Total tax credits,,Foreign tax credit,,Child and dependent care credit,,Nonrefundable education credit,,Retirement savings contributions credit,,Child and other dependent credit,,Residential energy tax credit,,Self-employment tax,,Total premium tax credit,,Advance premium tax credit,,"Health care individual 
responsibility payment",,Total tax payments,,Earned income credit [9],,"Excess earned income credit 
(refundable) [10]",,Additional child tax credit,,Refundable education credit,,Net premium tax credit,,Income tax after credits,,Total tax liability [11],,Total additional Medicare tax,,Net investment income tax,,Tax due at time of filing [12],,Total overpayments,,Overpayments refunded [13],,Credited to next year's estimated tax,,
,,,,,,,,,,,,Total,Number of volunteer income tax assistance (VITA) prepared returns,Number of tax counseling for the elderly (TCE) prepared returns,"Number of volunteer prepared 
returns with
Earned Income Credit",,,,Number of returns,Amount,Number of returns,Amount,Number of returns,Amount,Number of returns,Amount,Number of returns,Amount,Number of returns,Amount,Number of returns,Amount,Number of returns,Amount,Number of returns,Amount,,Number of returns,Amount,Number of returns,Amount,Number of returns,Amount,Number of returns,Amount,Number of returns,Amount,Number of returns,Amount,Number of returns,Amount,Number of returns,Amount,Number of returns,Amount,Number of returns,Amount,Number of returns,Amount,Number of returns,Amount,Number of returns,Amount,Amount of AGI,Number of returns,Amount,Number of returns,Amount,Number of returns,Amount,Number of returns,Amount,Number of returns,Amount,Number of returns,Amount,Number of returns,Amount,Number of returns,Amount,Number of returns,Amount,Number of returns,Amount,Number of returns,Amount,Number of returns,Amount,Number of returns,Amount,Number of returns,Amount,Number of returns,Amount,Number of returns,Amount,Number of returns,Amount,Number of returns,Amount,Number of returns,Amount,Number of returns,Amount,Number of returns,Amount,Number of returns,Amount,Number of returns,Amount,Number of returns,Amount,Number of returns,Amount,Number of returns,Amount,Number of returns,Amount,Number of returns,Amount,Number of returns,Amount,Number of returns,Amount,Number of returns,Amount,Number of returns,Amount,Number of returns,Amount,Number of returns,Amount,Number of returns,Amount,Number of returns,Amount,Number of returns,Amount,Number of returns,Amount,Number of returns,Amount,Number of returns,Amount,Number of returns,Amount,Number of returns,Amount,Number of returns,Amount,
,,(1),(2),(3),(4),(5),(6),(7),(8),(9),(10),(11),(12),(13),(14),(15),(16),(17),(18),(19),(20),(21),(22),(23),(24),(25),(26),(27),(28),(29),(30),(31),(32),(33),(34),(35),(36),(37),(38),(39),(40),(41),(42),(43),(44),(45),(46),(47),(48),(49),(50),(51),(52),(53),(54),(55),(56),(57),(58),(59),(60),(61),(62),(63),(64),(65),(66),(67),(68),(69),(70),(71),(72),(73),(74),(75),(76),(77),(78),(79),(80),(81),(82),(83),(84),(85),(86),(87),(88),(89),(90),(91),(92),(93),(94),(95),(96),(97),(98),(99),(100),(101),(102),(103),(104),(105),(106),(107),(108),(109),(110),(111),(112),(113),(114),(115),(116),(117),(118),(119),(120),(121),(122),(123),(124),(125),(126),(127),(128),(129),(130),(131),(132),(133),(134),(135),(136),(137),(138),(139),(140),(141),(142),(143),(144),(145),(146),(147),(148),(149),
00,Total,"2,827,680","1,420,350","1,100,260","279,140","2,582,260","110,280","1,453,140","1,688,210","5,201,790","1,481,550","67,870","22,030","45,860","6,110","288,430","778,810","193,652,089","2,820,690","196,034,596","2,342,200","134,112,932","1,076,640","1,609,841","637,670","4,393,137","596,440","3,337,046","523,860","672,533","351,150","4,785,380","552,080","10,441,306","750,690","20,519,886","50,920","82,580","319,848","469,590","7,059,276","145,590","11,066,374","676,100","2,382,507","58,920","14,968","14,710","277,499","71,260","554,178","53,840","253,064","290,240","306,240","2,573,970","44,059,694","2,573,970","43,094,519","490,440","965,062","220,750","7,120,467","46,622,911","66,990","1,284,288","193,520","2,391,298","23,430","23,338","194,930","1,194,169","23,730","17,356","209,300","1,682,673","219,360","1,844,610","161,540","1,474,641","3,470","18,474","5,320","2,336","10,310","123,254","178,490","1,989,909","12,910","257,376","323,410","2,709,671","2,262,000","144,866,078","2,244,700","24,232,561","2,160","24,815","65,280","96,698","1,019,010","2,124,052","193,240","110,301","110,440","56,908","159,220","173,898","200,040","37,862","662,410","1,559,964","3,200","7,070","278,620","864,914","121,240","1,101,205","132,700","1,190,375","67,750","48,541","2,666,910","27,568,114","353,030","793,665","310,240","712,952","273,060","491,202","119,420","109,831","42,750","39,044","1,999,010","22,092,169","2,112,980","23,468,309","50,510","94,456","64,630","254,425","568,520","2,334,522","2,147,010","6,383,034","2,090,770","5,206,379","79,840","1,156,504",
00,Under $1,"32,890","19,800","11,400","1,170","24,750","4,380","23,520","7,280","51,410","8,430",160,60,100,0,550,"17,570","-2,447,137","25,920","-2,413,741","8,490","266,857","12,990","48,078","7,400","43,074","6,650","29,814",910,"2,956","10,630","-115,815","11,490","190,792","6,780","86,705","6,460",0,0,0,0,"5,570","-586,637","7,350","33,396",50,11,0,0,"1,850","10,558",20,102,"1,140","1,228",0,0,0,0,0,0,0,0,0,0,0,0,0,0,0,0,0,0,0,0,0,0,0,0,0,0,0,0,0,0,0,0,0,0,0,0,0,0,0,730,"1,006",20,55,660,156,0,0,0,0,0,0,0,0,0,0,20,6,0,0,"4,430","8,369","4,450","53,536","4,650","52,714",0,0,"15,340","73,650","3,080","3,928","1,810","2,523","1,050","2,266",880,818,"2,810","3,359",640,854,"5,590","10,795",100,86,0,0,"3,100","4,031","13,780","66,283","13,200","50,855",840,"6,885",
00,"$1 under $10,000","366,360","318,300","25,040","20,870","319,090","21,230","149,000","182,840","298,990","53,020","25,590","6,460","19,140","2,640","23,670","86,960","1,844,710","366,340","1,875,391","270,810","1,489,094","80,190","28,696","41,470","40,886","37,880","25,036","2,900","2,003","30,210","92,212","34,230","29,632","55,230","261,515","3,280","2,040","6,352",520,"1,527","3,590","-7,815","31,870","30,681",200,44,0,0,"3,090","8,481",670,"1,920","5,580","4,661","362,830","3,848,188","362,830","3,726,769","68,220","121,420","3,500","84,965","18,178","2,890","56,922",940,"1,718","1,870",878,"2,240","10,258",180,80,"2,950","11,009","3,260","12,536","1,480","9,882",0,0,0,0,30,14,"1,880","2,337",0,0,460,104,"13,890","24,603","9,580","2,382",0,0,"3,220","1,061","1,830",232,"1,100",33,0,0,30,6,0,0,130,49,0,0,"24,720","18,108","12,740","127,639","13,130","127,997",0,0,"292,600","213,638","84,670","86,856","75,210","79,269","23,580","15,563","8,800","7,467","5,980","4,043","9,060","2,188","36,760","21,337",0,0,0,0,"19,550","8,745","281,300","201,157","280,150","198,268","1,670","2,074",
00,"$10,000 under $25,000","497,010","347,670","64,590","79,860","450,760","19,400","225,390","338,960","705,340","196,150","19,250","7,010","12,240","2,310","82,960","127,820","8,556,515","497,010","8,669,356","390,230","6,390,933","112,800","71,248","62,220","115,304","57,240","71,399","10,420","6,668","56,020","450,366","51,530","108,705","115,650","1,338,556","6,120","13,290","49,084","54,780","95,311","7,940","14,022","80,180","112,841","1,940",420,270,"1,282","7,310","21,108","3,870","12,427","27,470","23,293","487,100","7,164,301","487,100","6,980,647","97,510","183,654","9,870","246,101","177,024","8,280","159,355","3,830","5,921","5,000","2,889","6,740","29,179",700,393,"8,720","33,027","9,480","36,915","4,100","25,861",20,134,20,5,40,39,"6,280","17,119",410,"3,132","21,790","14,996","325,340","1,862,785","320,800","189,358",80,523,"14,880","5,628","117,700","39,708","6,690",252,"4,500","1,502","27,880","13,802","44,850","7,287","43,730","16,684",30,9,"47,530","78,384","40,400","345,625","41,200","346,486","17,280","9,032","458,690","1,168,578","142,590","445,454","126,000","406,472","94,330","163,693","22,420","18,685","16,010","11,700","245,630","149,653","284,980","239,807",0,0,0,0,"47,270","42,586","427,270","969,862","424,650","963,689","4,060","6,055",
00,"$25,000 under $50,000","689,270","424,170","144,790","109,610","633,160","23,620","329,570","481,420","1,144,400","316,120","15,040","6,400","8,640","1,160","104,490","160,130","25,274,187","689,270","25,578,414","593,800","20,370,562","188,270","122,070","98,860","223,823","91,610","147,325","55,460","37,601","64,050","610,054","81,610","267,878","155,520","2,764,210","9,580","24,700","94,319","126,060","894,612","15,450","80,439","156,680","304,227","9,960","2,307",920,"6,924","11,880","45,781","13,540","52,289","88,490","90,998","666,130","10,460,451","666,130","10,252,124","104,740","208,329","23,150","536,472","892,362","14,620","254,069","16,410","33,793","5,860","4,534","17,920","78,256","2,670","2,193","20,950","103,871","22,770","114,104","13,250","84,698",400,"1,806",410,178,400,756,"16,280","62,463","1,070","11,607","56,900","88,005","682,400","14,162,343","675,420","1,549,617",0,0,"29,560","23,413","272,560","296,579","23,950","1,367","18,010","9,652","39,470","38,805","117,930","23,734","161,760","221,227",690,537,"48,740","121,289","48,830","405,737","50,500","426,529","33,540","19,686","670,160","2,589,192","119,010","255,902","104,490","223,570","112,290","230,965","21,440","17,789","13,990","13,705","550,010","1,253,039","577,750","1,401,821",40,54,0,0,"104,090","134,274","579,930","1,315,062","574,070","1,298,822","9,080","16,039",
00,"$50,000 under $75,000","428,880","191,740","189,680","41,470","395,580","14,200","234,780","270,840","846,950","229,130","4,970","1,440","3,540",0,"40,530","128,710","26,415,238","428,880","26,724,373","366,600","19,953,326","177,920","134,040","97,610","292,398","90,960","200,310","91,870","70,066","53,290","575,345","81,970","380,835","130,670","3,336,044","7,960","16,780","66,432","102,320","1,622,981","16,310","132,353","122,540","309,135","10,150","2,467","1,210","10,237","9,420","52,777","12,600","58,965","63,510","69,727","390,950","7,254,958","390,950","7,098,692","79,420","156,266","37,950","826,370","2,391,020","14,440","259,597","33,720","110,214","3,760","3,788","33,340","144,964","4,630","3,463","35,860","237,253","37,790","250,599","27,750","179,727",640,"3,024",680,385,470,908,"27,160","105,640","1,630","18,727","54,850","128,998","427,770","18,178,145","426,540","2,214,706",0,0,"10,630","27,715","173,710","352,306","29,730","2,617","15,310","7,679","25,470","29,896","37,260","6,841","121,530","300,563",680,"1,012","41,090","115,870","12,030","139,066","15,690","165,520","10,580","9,370","422,670","2,622,480","3,680","1,525","2,730","1,118","33,770","65,092","15,560","14,303","3,340","5,246","391,300","1,862,405","402,250","1,999,543",40,19,0,0,"99,140","186,437","328,500","803,029","321,070","780,910","10,880","21,708",
00,"$75,000 under $100,000","292,630","64,100","212,220","14,290","271,700","9,370","169,570","178,690","707,800","203,190","1,810",440,"1,380",0,"19,400","96,220","25,405,564","292,630","25,670,163","252,240","18,661,562","151,920","130,092","87,930","320,794","82,220","226,466","93,780","80,250","43,220","542,066","73,600","460,653","103,370","3,422,581","6,140","11,890","46,945","75,130","1,593,965","16,460","184,660","89,190","264,599","10,290","2,682","1,330","13,217","7,200","50,549","8,840","45,299","42,130","48,056","259,020","5,723,515","259,020","5,604,847","57,720","118,668","33,600","802,791","2,915,838","10,510","203,089","31,210","141,669","2,110","2,485","30,510","142,486","3,910","2,791","31,980","254,697","33,500","267,358","25,710","178,699",470,"2,144",690,233,620,"1,402","25,720","120,300","1,720","22,499","48,430","144,321","292,200","18,714,004","291,590","2,334,983",0,0,"3,710","16,978","136,270","370,144","28,670","3,032","20,150","11,000","23,720","31,332",0,0,"107,180","318,661",570,"1,206","33,250","103,525","2,460","26,066","4,620","44,069","3,500","4,141","290,030","2,547,557",0,0,0,0,"7,070","11,466","16,070","15,550",620,991,"283,960","1,964,839","286,530","2,086,452",0,0,0,0,"75,400","174,808","216,610","631,470","209,410","606,836","10,440","24,541",
00,"$100,000 under $200,000","408,370","43,710","353,770","9,520","381,490","13,740","239,240","197,160","1,124,190","362,370","1,050",220,820,0,"15,540","124,440","54,409,228","408,370","54,985,063","361,370","40,200,977","257,500","304,975","165,760","924,578","156,280","686,074","215,790","225,369","68,620","1,257,975","143,710","1,592,109","144,260","6,587,448","8,460","12,730","51,334","88,890","2,229,752","40,910","984,218","146,470","575,835","23,330","6,294","4,760","67,116","14,420","138,190","12,610","66,108","61,920","68,277","343,320","8,076,705","343,320","7,931,357","68,240","145,347","65,040","1,895,190","9,113,439","13,990","281,460","62,280","466,059","2,500","3,886","60,190","341,540","7,820","5,625","62,320","581,322","64,930","614,040","51,660","475,415","1,120","5,304","1,840","1,082","2,360","10,506","56,420","421,655","4,100","75,430","90,980","448,627","408,150","43,950,776","407,800","6,459,661",250,"1,038","2,320","18,810","236,680","689,790","60,990","11,588","42,540","22,231","42,650","60,057",0,0,"185,970","571,975",960,"3,133","54,020","221,829",330,"3,536","2,560","23,825","2,390","4,575","405,920","6,345,668",0,0,0,0,970,"2,157","34,250","35,219",0,0,"406,280","5,769,872","406,890","6,034,573","1,480",392,260,90,"163,630","591,855","244,030","894,846","229,200","800,064","21,380","94,575",
00,"$200,000 under $500,000","91,820","8,790","80,870","1,930","86,360","3,510","63,990","27,510","264,660","92,300",0,0,0,0,"1,290","29,530","26,021,084","91,820","26,451,853","80,720","16,754,962","75,470","238,466","59,260","876,874","56,880","691,081","43,710","91,025","19,950","948,232","56,570","1,838,810","32,620","2,249,127","2,250","1,150","5,382","18,140","507,595","26,700","2,294,146","30,970","430,769","2,870",712,"4,470","113,845","10,240","134,609","1,370","12,885",0,0,"57,100","1,353,740","57,100","1,326,273","12,750","27,467","34,710","1,305,720","10,326,078","2,260","69,796","33,000","570,355","1,590","3,133","32,190","270,673","3,280","2,363","33,890","335,695","34,700","356,128","28,570","371,630",640,"4,016","1,220",371,"3,140","24,557","32,320","403,751","2,380","66,607","38,100","549,643","91,800","22,805,295","91,790","4,427,721",700,"4,124",300,"2,937","65,530","196,078","30,090","18,717","8,800","4,240",0,0,0,0,"42,000","130,684",270,"1,173","18,630","134,591",0,0,350,"3,235",460,"1,737","91,180","4,475,544",0,0,0,0,0,0,0,0,0,0,"91,690","4,231,722","91,780","4,462,042","35,580","27,187","45,830","48,857","46,990","497,344","44,610","504,418","34,140","306,478","14,290","195,246",
00,"$500,000 or more","20,450","2,070","17,900",420,"19,370",830,"18,080","3,510","58,050","20,840",0,0,0,0,0,"7,430","28,172,700","20,450","28,493,724","17,940","10,024,659","19,580","532,176","17,160","1,555,406","16,720","1,259,541","9,020","156,595","5,160","424,945","17,370","5,571,892","6,590","473,700",670,0,0,"3,750","113,533","12,660","7,970,988","10,850","321,024",130,31,"1,750","64,878","5,850","92,125",320,"3,069",0,0,"7,520","177,836","7,520","173,810","1,840","3,911","12,930","1,422,858","20,788,972",0,0,"12,130","1,061,569",740,"1,745","11,800","176,813",540,448,"12,630","125,799","12,930","192,930","9,020","148,729",180,"2,046",460,82,"3,250","85,072","12,430","856,644","1,600","59,374","11,900","1,334,977","20,450","25,168,127","20,450","7,053,127","1,110","19,075",0,0,"14,730","179,215","12,020","72,695","1,130",604,0,0,0,0,90,115,0,0,"6,210","62,949",0,0,0,0,0,0,"20,320","7,531,807",0,0,0,0,0,0,0,0,0,0,"20,440","6,857,597","20,450","7,211,939","13,270","66,718","18,540","205,478","9,350","694,442","10,980","996,907","4,880","200,457","7,200","789,381",
,,,,,,,,,,,,,,,,,,,,,,,,,,,,,,,,,,,,,,,,,,,,,,,,,,,,,,,,,,,,,,,,,,,,,,,,,,,,,,,,,,,,,,,,,,,,,,,,,,,,,,,,,,,,,,,,,,,,,,,,,,,,,,,,,,,,,,,,,,,,,,,,,,,,,,,
01,,"359,310","176,510","142,380","36,890","326,980","15,810","184,170","218,380","666,220","193,860","7,960","2,350","5,600",590,"37,280","99,630","24,727,658","358,360","24,995,036","297,320","17,617,773","133,150","171,810","78,230","548,933","73,250","433,876","76,480","90,215","40,650","548,624","65,320","1,017,324","99,340","2,802,025","2,060","10,830","43,545","62,180","954,911","17,600","1,109,252","79,450","267,378","8,440","2,168","1,510","27,400","7,700","63,776","5,840","28,899","34,390","36,799","324,200","5,568,464","324,200","5,445,671","62,590","122,795","31,670","943,824","5,488,217","9,480","172,168","28,020","284,744","3,140","3,262","28,490","169,723","3,210","2,584","29,970","245,496","31,490","264,194","24,380","219,101",470,"2,431",800,496,"1,110","12,222","25,720","227,780","1,610","32,377","38,020","297,699","286,890","18,469,592","284,950","2,987,061",280,"2,843","7,420","11,311","129,180","276,758","22,260","12,508","13,740","6,934","20,710","23,739","21,730","3,995","89,040","209,076",360,607,"31,640","96,954","12,700","105,018","14,140","116,053","8,390","6,427","340,540","3,366,992","43,190","96,993","38,130","87,389","33,380","58,175","16,110","14,913","4,470","4,065","255,700","2,708,270","268,670","2,863,095","6,400","9,684","7,740","26,693","72,840","292,021","273,380","790,934","267,260","677,622","8,620","112,919",
01,Under $1,"3,430","2,170","1,070",120,"2,430",570,"2,290",740,"5,030",700,**,**,**,0,50,"1,860","-222,449","2,480","-219,530",770,"26,834","1,160","2,624",770,"5,355",700,"3,770",130,369,"1,080","-11,905","1,060","10,202",650,"8,077",180,**,**,0,0,590,"-49,870",650,"2,919",**,**,0,0,210,"1,173",**,**,130,134,0,0,0,0,0,0,0,0,0,0,0,0,0,0,0,0,0,0,0,0,0,0,0,0,0,0,0,0,0,0,0,0,0,0,0,0,0,0,0,110,235,**,**,110,22,**,**,0,0,0,0,0,0,0,0,**,**,0,0,390,804,430,"4,615",450,"4,610",0,0,"1,470","7,390",290,318,180,216,110,235,100,101,250,303,110,231,540,"1,130",**,**,0,0,340,542,"1,320","6,311","1,250","5,304",100,615,
01,"$1 under $10,000","48,270","42,510","2,750","2,740","42,160","2,970","19,420","25,130","36,820","6,820","3,140",900,"2,240",290,"3,130","10,410","240,936","48,270","244,406","36,400","195,252","9,790","3,057","5,140","4,558","4,690","2,829",440,307,"3,540","10,644","4,100","2,489","6,960","33,604",80,300,946,80,215,430,-782,"3,690","3,470",30,7,**,**,320,939,70,212,610,538,"47,750","483,212","47,750","468,922","8,090","14,291",520,"11,817","2,628",410,"7,663",150,225,260,120,340,"1,605",40,13,430,"1,697",480,"1,897",240,"1,696",0,0,0,0,**,**,270,329,**,**,60,12,"1,860","3,088","1,190",280,0,0,370,128,230,29,150,4,0,0,**,**,**,**,30,11,0,0,"2,890","2,101","1,350","12,306","1,410","12,421",**,**,"39,380","27,594","10,480","11,109","9,440","10,228","3,070","2,005",990,851,660,455,"1,130",254,"4,400","2,488",0,0,0,0,"2,320","1,027","38,070","26,160","37,950","25,968",170,193,
01,"$10,000 under $25,000","61,730","43,480","7,730","9,930","55,970","2,650","28,130","43,300","86,770","24,350","2,200",660,"1,540",210,"10,320","15,930","1,057,963","61,730","1,070,017","48,050","781,769","13,410","7,489","7,320","13,545","6,740","8,780","1,470",961,"6,340","51,826","5,700","8,792","14,960","180,789",180,"1,720","6,706","7,420","13,311",950,967,"8,870","12,054",230,49,30,114,710,"2,212",350,"1,161","2,970","2,594","60,290","884,514","60,290","861,652","12,200","22,862","1,430","36,247","25,511","1,190","22,805",550,"1,013",740,441,"1,020","4,831",100,79,"1,270","5,364","1,380","5,914",680,"4,505",**,**,**,**,**,**,910,"2,282",60,494,"2,410","1,597","40,210","227,064","39,670","23,025",**,**,"1,650",652,"13,870","4,787",730,30,560,189,"3,120","1,594","5,180",836,"5,480","2,122",**,**,"5,330","8,867","4,300","33,775","4,390","33,889","2,100","1,098","57,370","146,922","17,670","55,257","15,650","50,518","11,780","20,366","2,660","2,207","1,750","1,293","30,620","18,238","35,170","28,564",0,0,0,0,"5,260","4,647","53,830","122,850","53,570","122,236",390,614,
01,"$25,000 under $50,000","80,720","48,810","17,040","13,600","74,060","2,950","39,530","57,430","134,280","37,320","1,640",600,"1,040",90,"12,720","19,890","2,959,715","80,720","2,991,493","68,290","2,332,775","21,960","13,591","11,260","25,805","10,460","16,900","7,410","5,221","6,910","68,428","8,950","24,884","19,660","367,404",320,"2,890","11,779","16,090","119,212","1,850","11,064","16,540","31,778","1,240",290,90,657,"1,190","4,994","1,260","5,139","9,330","9,808","77,470","1,223,588","77,470","1,197,467","13,160","26,121","3,250","73,148","125,382","1,990","32,075","2,310","4,655",810,640,"2,630","12,464",320,308,"2,940","15,751","3,200","17,430","2,050","13,740",40,207,80,46,60,45,"2,370","8,077",120,"1,115","6,220","9,823","79,900","1,649,118","79,250","180,604",**,**,"3,200","2,649","31,840","35,707","2,630",161,"2,230","1,226","4,690","4,737","12,670","2,484","19,780","26,944",80,58,"5,220","13,413","4,970","37,813","5,180","40,485","3,920","2,345","78,570","304,712","14,310","30,116","12,520","26,278","13,380","26,505","2,730","2,268","1,380","1,274","64,410","144,897","67,580","161,630",**,**,0,0,"12,020","15,631","68,180","158,002","67,560","156,114",940,"1,888",
01,"$50,000 under $75,000","53,130","23,770","22,530","6,020","48,740","2,050","28,910","34,500","104,810","29,260",580,130,450,0,"5,570","16,360","3,281,643","53,130","3,315,194","44,890","2,452,273","20,970","15,909","11,370","33,010","10,610","22,916","12,630","9,833","5,800","60,568","9,170","36,703","16,890","449,155",300,"2,080","8,466","13,160","213,707","1,950","19,272","13,770","33,551","1,400",338,120,"1,048","1,020","5,992","1,210","5,571","7,310","8,002","47,590","880,253","47,590","860,498","10,040","19,756","5,540","119,878","350,622","2,080","36,244","5,000","16,641",480,528,"4,960","22,610",630,502,"5,230","35,936","5,520","38,126","4,200","27,476",90,424,120,78,60,175,"4,030","14,394",190,"2,265","6,000","14,379","52,960","2,263,024","52,850","277,303",0,0,"1,270","3,103","21,470","44,702","3,300",278,"1,830",888,"3,330","4,054","3,880",675,"15,790","38,301",70,77,"4,290","12,193","1,300","13,201","1,750","16,246","1,370","1,238","52,410","331,850",440,193,340,149,"4,090","7,509","2,160","1,990",350,647,"48,610","232,602","49,800","247,677",**,**,0,0,"11,870","22,098","41,140","105,603","40,370","103,077","1,110","2,525",
01,"$75,000 under $100,000","38,020","8,790","26,440","2,490","35,000","1,470","21,690","23,780","90,490","26,060",220,30,180,0,"2,780","12,950","3,301,724","38,020","3,332,657","32,590","2,410,219","18,590","15,928","10,750","37,284","10,050","26,596","13,820","12,172","5,110","64,310","8,700","47,756","13,940","470,325",290,"1,620","6,574","10,250","221,611","1,990","24,474","10,570","30,933","1,300",340,140,"1,312",830,"6,224","1,000","5,253","4,980","5,652","32,840","720,584","32,840","704,728","7,740","15,856","5,180","120,252","449,213","1,510","27,338","4,880","22,371",270,325,"4,790","23,065",550,461,"4,920","40,414","5,170","42,520","4,190","30,469",80,372,110,41,110,320,"4,010","16,591",210,"2,113","5,770","17,094","37,970","2,439,676","37,920","308,232",0,0,450,"1,911","17,340","46,116","3,340",331,"2,190","1,126","3,030","4,076",0,0,"13,950","39,976",60,72,"3,910","11,900",300,"2,871",560,"4,985",520,622,"37,710","339,330",0,0,0,0,840,"1,315","2,120","2,022",80,93,"37,040","262,116","37,330","276,622",**,**,0,0,"9,620","22,676","28,350","84,838","27,580","81,984","1,130","2,853",
01,"$100,000 under $200,000","59,270","5,750","51,680","1,650","54,850","2,490","33,750","29,360","165,280","54,350",180,30,150,0,"2,530","17,700","7,964,878","59,270","8,038,773","53,090","6,063,304","35,280","37,931","22,200","112,110","20,930","83,820","33,170","34,940","9,010","151,524","18,630","179,109","21,060","937,002",480,"1,990","7,950","12,540","314,217","5,270","127,009","20,480","73,895","3,770","1,026",530,"7,471","1,660","17,105","1,690","9,155","9,060","10,071","49,320","1,163,527","49,320","1,143,465","9,540","20,062","9,950","284,401","1,390,412","2,040","38,066","9,590","72,059",330,675,"9,350","54,110","1,180",977,"9,550","90,418","9,940","95,391","8,290","78,397",160,698,290,253,250,878,"8,690","60,654",560,"9,369","11,680","55,973","59,250","6,455,369","59,220","957,214",40,281,330,"2,497","34,290","100,396","7,430","1,305","5,760","2,959","6,540","9,278",0,0,"28,080","84,038",130,347,"6,870","26,974",50,437,350,"3,005",380,717,"58,990","940,052",0,0,0,0,110,240,"5,350","5,474",**,**,"59,060","856,818","59,120","890,379",240,65,40,11,"23,600","82,482","35,590","131,013","33,850","120,357","2,480","10,656",
01,"$200,000 under $500,000","12,550",990,"11,250",280,"11,720",550,"8,510","3,780","36,630","12,860",**,0,**,0,180,"3,740","3,487,554","12,550","3,539,418","11,300","2,370,760","9,930","27,495","7,620","95,924","7,320","75,271","6,500","12,906","2,370","113,393","7,190","196,826","4,510","307,364",170,230,"1,124","2,240","60,699","3,290","277,672","3,810","51,864",440,110,460,"12,028","1,190","16,122",210,"1,975",0,0,"8,050","191,821","8,050","188,441","1,600","3,380","4,490","164,120","1,308,363",260,"7,977","4,300","72,290",180,361,"4,220","33,981",360,228,"4,350","43,167","4,490","46,510","3,820","48,431",100,730,150,72,360,"2,453","4,190","49,669",320,"9,805","4,650","67,384","12,550","3,062,486","12,550","594,962",100,595,40,349,"8,680","26,212","3,520","3,037","1,080",501,0,0,0,0,"5,930","17,684",20,53,"2,130","15,555",0,0,50,412,100,407,"12,460","594,887",0,0,0,0,0,0,0,0,0,0,"12,530","568,750","12,540","596,966","4,760","3,473","5,740","5,516","6,720","66,785","5,800","63,931","4,620","41,074","1,590","22,857",
01,"$500,000 or more","2,190",240,"1,890",60,"2,050",110,"1,940",360,"6,110","2,140",0,0,0,0,**,790,"2,655,694","2,190","2,682,608","1,940","984,587","2,060","47,786","1,800","221,342","1,750","192,994",910,"13,506",490,"39,836","1,820","510,563",710,"48,305",60,**,**,400,"11,939","1,280","699,446","1,070","26,914",30,8,140,"4,770",570,"9,015",50,433,0,0,890,"20,965",890,"20,498",220,467,"1,310","133,961","1,836,086",**,**,"1,240","95,490",70,172,"1,180","17,057",30,16,"1,280","12,749","1,310","16,406",910,"14,387",**,**,50,6,270,"8,351","1,250","75,784",150,"7,216","1,230","131,437","2,190","2,369,767","2,190","645,206",140,"1,967",0,0,"1,460","18,809","1,160","7,362",90,45,0,0,0,0,**,**,**,**,610,"5,147",0,0,**,**,**,**,"2,180","674,255",0,0,0,0,0,0,0,0,0,0,"2,190","624,364","2,190","657,639","1,400","6,146","1,960","21,166","1,090","76,133","1,100","92,226",510,"21,508",710,"70,718",
,,,,,,,,,,,,,,,,,,,,,,,,,,,,,,,,,,,,,,,,,,,,,,,,,,,,,,,,,,,,,,,,,,,,,,,,,,,,,,,,,,,,,,,,,,,,,,,,,,,,,,,,,,,,,,,,,,,,,,,,,,,,,,,,,,,,,,,,,,,,,,,,,,,,,,,
02,,"384,280","202,630","145,180","32,360","350,360","15,110","179,130","225,420","690,110","187,880","9,420","4,440","4,980",990,"34,710","98,020","30,047,555","383,470","30,413,118","324,520","20,473,189","156,670","251,087","99,880","726,629","93,460","546,148","80,850","113,486","52,550","753,886","87,320","1,856,961","95,130","3,021,730","7,520","7,890","29,642","60,000","1,001,536","23,480","2,137,217","100,190","365,563","8,040","1,998","2,880","57,117","11,540","88,512","7,520","34,930","45,480","49,129","341,360","5,758,774","341,360","5,641,659","59,760","117,112","38,770","1,226,441","8,308,925","9,980","191,351","34,600","436,857","3,520","3,588","34,290","242,649","4,050","3,611","36,960","312,801","38,510","349,410","29,400","275,319",700,"4,192",990,486,"1,840","28,679","30,730","332,817","2,030","40,585","51,820","471,151","318,070","23,262,053","315,580","4,044,301",380,"4,150","8,090","10,249","142,590","315,144","33,780","27,438","18,160","9,445","23,380","23,983","21,870","3,972","88,270","215,894",560,"1,533","41,980","134,037","13,460","80,382","15,110","88,986","7,750","5,343","365,300","4,468,040","37,710","77,912","32,480","69,073","28,870","50,760","15,620","14,337","5,510","5,050","287,880","3,728,272","301,440","3,945,708","9,570","16,167","12,400","46,965","88,400","387,624","283,080","906,884","274,120","667,939","12,790","236,405",
02,Under $1,"4,140","2,510","1,430",130,"3,230",500,"3,020",980,"6,540","1,170",**,**,**,0,60,"2,070","-371,626","3,330","-367,269","1,190","39,642","1,750","8,427","1,060","5,858",950,"4,013",140,463,"1,330","-20,662","1,520","29,746",850,"14,583",940,**,**,0,0,810,"-88,997","1,020","4,357",**,**,0,0,330,"2,000",20,102,160,191,0,0,0,0,0,0,0,0,0,0,0,0,0,0,0,0,0,0,0,0,0,0,0,0,0,0,0,0,0,0,0,0,0,0,0,0,0,0,0,90,79,20,55,80,26,**,**,0,0,0,0,0,0,0,0,**,**,0,0,590,"1,211",460,"4,101",510,"4,125",0,0,"2,040","9,370",370,400,200,254,160,363,130,123,350,438,80,60,740,"1,464",**,**,0,0,390,590,"1,830","8,519","1,740","7,761",130,680,
02,"$1 under $10,000","44,740","39,860","2,360","2,240","38,550","2,780","15,870","23,050","33,650","5,280","3,140","1,230","1,910",420,"2,570","9,010","223,208","44,740","227,468","34,190","186,406","8,770","3,352","5,380","5,519","4,900","3,474",410,308,"3,890","11,795","4,420","4,405","5,570","26,787",430,180,646,60,184,460,"-1,206","4,150","4,260",40,8,**,**,450,"1,488",70,220,820,705,"44,240","448,238","44,240","435,857","7,010","12,381",490,"12,012","2,557",400,"7,827",150,277,260,135,320,"1,713",30,5,410,"1,666",460,"1,986",230,"1,493",0,0,0,0,30,14,260,333,**,**,70,33,"2,020","3,996","1,300",317,0,0,350,91,300,39,190,7,0,0,**,**,**,**,30,12,0,0,"3,190","2,296","1,310","9,601","1,370","9,397",**,**,"36,090","24,523","9,660","8,849","8,490","7,962","2,320","1,515","1,350","1,170",820,643,"1,210",284,"4,750","2,727",0,0,0,0,"2,610","1,197","34,650","23,024","34,490","22,581",230,439,
02,"$10,000 under $25,000","58,940","44,170","6,150","8,030","53,030","2,470","24,240","40,320","77,260","19,120","2,320","1,060","1,260",350,"9,050","13,320","1,019,723","58,940","1,035,508","47,450","783,827","13,220","7,892","8,010","15,471","7,380","9,479","1,410",918,"7,010","56,138","6,630","15,029","11,970","136,552",830,"1,250","4,489","5,710","10,024","1,120","1,480","10,530","15,785",250,50,60,279,"1,150","3,753",500,"1,557","4,000","3,495","57,500","814,163","57,500","795,782","9,940","18,381","1,440","35,626","25,872","1,190","22,480",580,974,680,392,"1,000","5,144",90,64,"1,250","5,565","1,370","6,225",650,"4,153",20,134,**,**,**,**,870,"1,931",50,411,"3,130","2,232","40,660","241,690","39,930","24,501",**,**,"1,920",646,"14,100","4,784","1,020",47,530,186,"4,390","2,067","4,900",781,"4,280","1,682",**,**,"5,990","9,771","4,750","28,241","4,830","27,877","1,980",988,"54,710","127,457","14,700","42,511","12,640","38,315","9,300","15,921","2,860","2,395","2,290","1,702","31,460","19,718","35,930","30,803",0,0,0,0,"6,210","5,774","50,420","102,218","50,090","101,290",540,928,
02,"$25,000 under $50,000","90,620","61,930","14,740","12,460","82,730","3,330","37,660","63,520","139,240","34,780","2,360","1,380",980,220,"12,730","18,000","3,338,179","90,620","3,381,997","79,740","2,765,828","24,690","14,162","13,560","29,955","12,530","19,605","7,550","5,235","8,950","85,560","11,250","36,839","17,570","309,875","1,270","2,420","9,138","13,570","98,778","2,130","10,551","23,260","43,818","1,390",311,150,"1,122","1,810","7,542","1,800","6,873","14,520","15,575","86,920","1,298,643","86,920","1,276,860","11,260","21,783","3,700","82,287","144,491","2,120","35,795","2,750","5,718",810,592,"2,900","14,887",400,499,"3,390","19,009","3,640","20,468","2,280","14,772",70,427,80,39,50,65,"2,430","7,842",140,"1,959","7,900","12,433","89,810","1,941,889","88,980","213,181",**,**,"3,710","2,858","33,320","35,214","3,380",220,"2,360","1,354","6,340","5,853","13,020","2,479","18,160","25,013",80,72,"6,780","16,071","5,500","28,041","5,760","30,353","3,800","2,123","88,280","333,081","12,600","26,013","10,880","22,445","12,340","24,400","2,770","2,301","1,630","1,721","75,000","177,966","78,110","197,007",**,**,0,0,"14,400","18,322","75,570","153,540","74,840","151,511","1,150","2,029",
02,"$50,000 under $75,000","58,710","30,990","21,410","5,330","54,120","1,960","28,280","37,140","106,730","26,730",980,460,520,0,"5,210","16,220","3,616,463","58,710","3,659,403","50,750","2,776,530","25,020","17,522","14,500","43,449","13,550","29,294","13,150","10,079","7,570","79,117","12,230","57,501","16,200","424,857","1,050","1,590","5,948","12,480","198,621","2,400","22,334","17,960","42,940","1,300",312,190,"1,503","1,430","8,314","1,760","7,733","10,220","11,508","51,940","915,114","51,940","896,428","9,750","18,686","6,770","139,240","426,066","2,110","36,608","6,140","19,963",540,547,"6,010","30,366",790,842,"6,430","47,064","6,740","49,283","5,270","34,554",130,706,130,102,100,230,"4,620","13,573",260,"2,949","7,770","18,147","58,540","2,541,171","58,390","313,991",0,0,"1,240","2,837","22,050","42,565","4,570",438,"2,100","1,116","3,510","3,919","3,950",712,"14,620","35,601",100,161,"5,790","15,735","1,150","8,510","1,710","11,354","1,200","1,010","57,870","364,026",380,139,270,97,"3,840","7,014","1,850","1,704",350,423,"54,360","271,426","55,680","289,694",40,19,0,0,"14,380","25,939","44,140","99,491","43,110","96,510","1,460","2,981",
02,"$75,000 under $100,000","40,430","11,690","26,290","2,090","37,440","1,310","21,080","24,200","91,550","24,860",390,190,200,0,"2,510","12,960","3,515,315","40,430","3,552,582","34,850","2,571,054","21,960","18,200","13,370","51,595","12,480","36,247","13,800","11,700","6,490","81,091","11,340","73,017","13,580","471,806",930,"1,050","4,017","9,950","211,557","2,580","30,329","12,440","37,267","1,290",334,230,"2,203","1,140","8,064","1,180","6,164","5,930","6,877","34,520","738,026","34,520","722,201","7,760","15,825","5,920","136,029","513,437","1,570","29,344","5,550","25,425",310,338,"5,400","29,554",650,499,"5,670","48,261","5,890","50,315","4,650","32,238",100,475,110,37,110,406,"4,430","18,714",260,"3,839","7,360","22,252","40,380","2,616,318","40,280","335,112",0,0,470,"1,826","18,490","46,127","4,720",565,"2,900","1,625","3,010","3,789",0,0,"13,630","39,214",90,164,"5,050","15,628",270,"1,763",570,"3,630",400,463,"40,060","360,841",0,0,0,0,780,"1,292","1,870","1,756",70,123,"39,430","288,985","39,770","306,785",**,**,0,0,"11,460","25,534","28,890","79,058","27,850","75,160","1,530","3,898",
02,"$100,000 under $200,000","65,660","9,300","54,430","1,660","61,420","2,010","34,560","30,370","175,040","55,000",230,120,110,0,"2,310","19,590","8,874,000","65,660","8,965,474","57,970","6,529,616","43,180","49,657","29,070","160,372","27,380","117,052","34,900","36,735","12,010","208,466","25,550","265,850","21,930","1,080,270","1,470","1,250","4,718","14,010","356,852","7,010","175,640","23,300","91,474","3,290",865,940,"13,564","2,500","22,757","1,950","10,083","9,830","10,778","54,060","1,255,641","54,060","1,232,044","11,080","23,598","11,600","329,239","1,628,900","2,170","43,948","11,050","82,850",480,660,"10,600","71,620","1,360","1,159","11,130","105,245","11,570","111,065","9,230","87,679",220,"1,321",310,211,430,"2,175","9,830","69,810",620,"11,285","16,010","76,165","65,630","7,206,584","65,580","1,077,891",40,133,280,"1,685","38,690","108,744","11,410","2,565","7,820","3,973","6,130","8,355",0,0,"29,290","88,365",200,694,"9,540","37,238",20,125,310,"1,934",310,568,"65,340","1,045,954",0,0,0,0,130,255,"4,790","4,888",**,**,"65,340","969,148","65,440","1,012,149",300,69,70,28,"28,290","101,506","37,260","134,092","34,800","117,475","3,650","16,617",
02,"$200,000 under $500,000","17,580","1,820","15,360",350,"16,550",630,"11,430","5,250","50,470","17,610",**,0,**,0,270,"5,520","4,989,940","17,580","5,065,944","15,400","3,204,631","14,750","44,051","11,950","170,313","11,410","133,278","8,030","16,172","4,310","166,806","11,400","373,351","6,250","457,996",470,150,686,"3,510","103,355","4,880","437,027","5,750","76,004",440,109,980,"26,368","1,810","21,698",190,"1,770",0,0,"10,910","258,596","10,910","252,930","2,590","5,666","6,670","251,190","1,979,914",420,"15,349","6,300","108,250",340,612,"6,100","59,396",640,487,"6,540","64,721","6,660","68,007","5,540","74,401",110,575,260,89,570,"5,440","6,180","72,810",420,"12,274","7,580","97,916","17,570","4,383,214","17,570","849,601",140,"1,028",40,280,"13,060","38,923","6,390","3,885","2,160","1,038",0,0,0,0,"8,230","25,966",90,442,"3,950","25,461",0,0,50,316,60,191,"17,470","854,353",0,0,0,0,0,0,0,0,0,0,"17,550","810,679","17,560","854,999","7,060","5,257","9,150","10,047","9,110","94,565","8,430","92,811","6,400","55,406","2,820","37,406",
02,"$500,000 or more","3,460",360,"3,010",70,"3,290",120,"2,990",590,"9,630","3,330",0,0,0,0,**,"1,330","4,842,353","3,460","4,892,011","2,980","1,615,655","3,330","87,824","2,980","244,097","2,880","193,706","1,460","31,876",990,"85,575","2,980","1,001,223","1,210","99,004",130,**,**,710,"22,165","2,090","1,550,059","1,780","49,658",40,9,330,"12,078",920,"12,896",50,428,0,0,"1,270","30,353","1,270","29,557",370,792,"2,180","240,818","3,587,688",**,**,"2,080","193,400",100,312,"1,960","29,969",90,56,"2,140","21,270","2,180","42,061","1,550","26,029",50,554,100,8,550,"20,349","2,110","147,804",280,"7,868","2,000","241,973","3,460","4,327,191","3,460","1,229,628",180,"2,934",0,0,"2,580","38,748","2,100","19,711",290,153,0,0,0,0,30,41,**,**,"1,100","10,626",0,0,**,**,**,**,"3,440","1,348,435",0,0,0,0,0,0,0,0,0,0,"3,450","1,190,006","3,460","1,250,080","2,170","10,822","3,180","36,890","1,550","114,197","1,890","214,131",800,"40,245","1,280","171,427",
,,,,,,,,,,,,,,,,,,,,,,,,,,,,,,,,,,,,,,,,,,,,,,,,,,,,,,,,,,,,,,,,,,,,,,,,,,,,,,,,,,,,,,,,,,,,,,,,,,,,,,,,,,,,,,,,,,,,,,,,,,,,,,,,,,,,,,,,,,,,,,,,,,,,,,,
03,,"334,640","167,230","135,800","28,400","311,270","9,580","187,100","203,040","615,070","168,900","9,170","1,410","7,760",350,"31,800","96,940","19,870,028","333,900","20,127,973","273,130","13,835,375","132,300","173,341","68,840","351,000","63,690","250,700","53,270","68,484","43,050","514,709","61,470","893,996","91,380","2,358,502","14,340","11,550","44,368","57,460","806,867","17,290","1,116,271","82,510","257,945","6,680","1,720","1,250","20,289","8,170","59,422","6,990","32,170","36,260","36,209","310,940","5,383,961","310,940","5,259,012","63,130","124,923","18,430","578,498","3,445,323","6,640","134,773","15,680","184,644","2,360","2,099","15,930","81,452","2,000","1,144","17,460","131,741","18,310","141,669","12,270","102,907",250,844,420,90,760,"5,549","14,270","145,322","1,190","24,246","37,590","299,694","263,150","14,338,166","261,280","2,225,665",150,"1,268","8,450","11,448","116,410","236,104","19,130","4,986","13,610","7,489","18,730","19,990","27,280","5,301","74,770","181,639",500,"1,261","33,890","95,822","15,680","142,078","17,000","151,901","8,960","6,438","313,460","2,607,154","41,460","86,249","35,840","76,353","31,190","56,890","13,990","12,724","6,030","5,445","231,880","1,985,814","246,810","2,124,846","3,500","5,414","5,240","16,262","61,240","216,452","258,260","702,773","252,350","599,625","8,660","99,664",
03,Under $1,"5,250","2,860","2,150",180,"4,210",530,"4,180","1,210","8,970","1,680",30,**,30,0,60,"2,880","-380,574","4,520","-374,468","1,500","38,026","2,350","3,331","1,080","3,261",950,"2,115",110,205,"1,650","-14,810","1,910","26,009","1,210","14,635","1,950",**,**,0,0,880,"-52,430","1,320","6,106",30,5,0,0,290,"1,536",**,**,160,175,0,0,0,0,0,0,0,0,0,0,0,0,0,0,0,0,0,0,0,0,0,0,0,0,0,0,0,0,0,0,0,0,0,0,0,0,0,0,0,80,17,0,0,80,15,**,**,0,0,0,0,0,0,0,0,**,**,0,0,830,"1,458",730,"9,172",750,"8,808",0,0,"2,710","7,860",570,867,330,567,180,392,110,99,550,641,60,9,980,"1,562",0,0,0,0,510,621,"2,400","6,787","2,340","6,150",90,321,
03,"$1 under $10,000","45,000","38,650","3,780","2,300","40,160","2,050","19,430","21,830","38,290","6,150","3,860",440,"3,420",170,"2,510","11,940","223,865","44,990","228,013","32,160","179,996","11,200","4,212","4,660","4,541","4,210","2,576",280,176,"3,950","11,767","3,950","5,077","7,140","34,891","1,030",260,773,50,144,490,-200,"4,210","4,148",**,**,**,**,400,"1,070",90,242,750,611,"44,650","493,710","44,650","476,511","9,580","17,199",340,"9,348","1,866",300,"6,573",70,88,200,93,210,776,**,**,300,953,320,"1,036",110,687,0,0,0,0,**,**,160,199,**,**,40,6,"1,360","2,937","1,170",367,0,0,420,123,190,14,120,3,0,0,**,**,**,**,**,**,0,0,"3,230","2,369","1,570","15,422","1,610","15,364",0,0,"35,290","25,000","10,330","9,764","9,080","8,803","2,530","1,648","1,140",938,860,509,"1,110",347,"4,690","2,826",0,0,0,0,"2,540","1,139","33,780","23,302","33,670","23,033",170,174,
03,"$10,000 under $25,000","61,690","43,930","9,520","7,610","56,830","1,880","29,760","41,480","84,410","19,920","2,530",490,"2,050",130,"8,930","16,990","1,063,547","61,690","1,078,254","47,580","783,373","15,580","10,701","7,690","13,291","7,010","7,446","1,180",740,"6,690","52,969","6,710","16,792","15,140","176,611","1,800","1,770","6,401","6,820","11,200","1,130","2,643","10,040","14,707",200,44,30,114,990,"2,756",550,"1,775","3,860","3,003","60,680","898,421","60,680","873,199","13,210","25,222","1,010","26,157","18,138",850,"18,271",400,582,530,294,640,"2,371",70,11,900,"2,841",980,"3,256",360,"2,106",**,**,20,5,**,**,600,"1,669",40,307,"2,610","1,914","40,140","234,638","39,710","24,117",20,29,"2,020",734,"13,770","4,583",770,23,600,210,"3,460","1,711","5,750",931,"4,260","1,669",**,**,"5,510","9,217","5,090","43,811","5,200","43,773","2,320","1,224","56,680","133,410","15,690","44,743","13,600","40,691","9,400","16,147","2,800","2,256","2,210","1,685","31,480","19,534","36,050","30,330",0,0,0,0,"5,900","5,419","52,740","108,310","52,400","107,550",520,705,
03,"$25,000 under $50,000","85,260","51,660","20,400","11,880","80,080","1,960","44,840","60,350","142,040","36,960","1,770",340,"1,430",50,"12,160","21,020","3,120,512","85,260","3,159,637","72,980","2,482,517","25,390","17,381","12,150","24,889","11,090","15,802","6,320","4,286","8,390","80,041","10,240","39,731","20,120","364,541","2,780","3,590","12,961","16,840","114,351","2,120","11,693","20,480","39,125","1,130",261,80,585,"1,520","5,811","1,860","7,131","11,340","10,825","83,050","1,328,221","83,050","1,299,831","14,160","28,391","2,210","53,640","84,721","1,510","28,402","1,480","3,074",650,491,"1,710","6,426",240,127,"2,000","8,873","2,180","9,902","1,120","6,853",30,102,**,**,30,35,"1,480","5,750",120,"1,452","7,630","11,656","84,400","1,725,615","83,390","188,085",**,**,"3,810","2,895","33,220","35,023","2,770",138,"2,340","1,288","4,320","4,094","16,020","3,333","18,920","25,905",130,115,"6,550","15,588","6,290","51,548","6,460","53,952","4,420","2,669","82,840","321,864","14,310","30,644","12,430","26,125","13,160","27,113","2,320","1,889","1,880","1,820","68,590","153,063","72,390","172,448",0,0,0,0,"11,910","15,090","72,630","163,898","71,950","161,716","1,100","2,019",
03,"$50,000 under $75,000","51,250","19,930","26,430","4,290","48,270","1,100","31,340","32,730","107,250","29,630",640,120,520,0,"4,520","16,180","3,154,612","51,250","3,194,105","43,580","2,342,347","22,730","18,193","11,360","31,251","10,490","20,682","9,960","7,789","7,180","74,872","9,870","53,571","16,400","421,167","2,290","2,510","10,266","13,160","203,006","2,240","16,771","15,370","39,493","1,130",274,140,"1,034","1,170","6,555","1,700","8,180","7,630","7,820","47,890","926,169","47,890","905,585","10,320","20,584","3,370","78,493","211,450","1,460","28,206","2,880","9,251",440,429,"2,890","11,457",410,239,"3,170","19,537","3,350","20,660","2,290","14,818",30,86,40,12,40,90,"2,300","10,649",170,"2,138","7,290","17,539","51,120","2,130,432","50,930","254,835",0,0,"1,360","3,382","21,770","45,847","3,320",281,"2,240","1,207","3,050","3,467","5,510","1,037","15,340","39,160",110,219,"5,610","15,126","1,630","18,411","2,070","21,551","1,450","1,325","50,460","306,887",560,231,400,167,"4,720","9,425","1,860","1,694",460,717,"45,990","208,988","47,590","227,020",0,0,0,0,"11,400","21,874","39,670","101,109","38,760","98,614","1,380","2,495",
03,"$75,000 under $100,000","35,080","5,820","27,820","1,250","33,150",780,"22,590","21,750","89,380","26,500",190,0,190,0,"2,090","11,620","3,043,686","35,080","3,076,457","30,390","2,228,852","19,360","16,552","9,960","32,783","9,240","22,454","10,120","8,845","5,650","66,704","8,590","59,638","12,700","420,536","1,730","1,740","6,914","9,130","190,845","2,240","24,282","11,620","32,771","1,330",353,130,"1,358",820,"5,572","1,220","6,130","5,680","6,353","32,250","730,531","32,250","715,665","7,170","14,866","2,830","70,982","244,953","1,020","20,371","2,560","11,442",220,227,"2,520","10,496",330,212,"2,690","20,226","2,810","21,105","2,010","13,654",30,65,70,6,50,89,"2,090","11,142",180,"2,944","6,140","18,636","35,040","2,221,562","34,960","269,718",0,0,480,"2,143","16,780","49,193","3,140",278,"3,060","1,804","3,150","4,128",0,0,"13,550","42,150",90,231,"4,300","12,738",320,"3,207",600,"5,557",460,538,"34,760","295,035",0,0,0,0,"1,060","1,833","2,070","2,047",70,73,"33,820","220,525","34,180","235,429",0,0,0,0,"8,590","20,391","26,420","79,487","25,540","76,749","1,280","2,737",
03,"$100,000 under $200,000","42,090","3,500","37,760",710,"39,940","1,030","27,640","21,190","119,110","39,290",150,20,120,0,"1,440","13,160","5,498,592","42,090","5,557,196","37,100","3,969,939","27,880","33,759","16,130","84,153","15,140","59,622","21,230","22,413","7,480","133,042","14,400","191,389","15,370","708,866","2,170","1,600","6,582","9,490","234,241","4,580","105,186","15,850","58,604","2,600",717,410,"5,476","1,490","14,164","1,410","7,235","6,840","7,422","36,830","874,024","36,830","858,166","7,380","15,857","5,250","160,590","730,196","1,330","28,868","5,020","36,631",190,301,"4,840","24,180",680,402,"5,050","46,144","5,240","48,364","3,900","33,881",100,323,160,51,200,631,"4,470","37,413",430,"9,193","9,580","50,431","42,070","4,411,260","42,020","632,335",**,**,250,"1,798","24,410","75,511","5,800",902,"4,740","2,677","4,750","6,590",0,0,"19,510","62,801",130,505,"5,780","23,724",50,507,280,"2,533",270,537,"41,790","622,149",0,0,0,0,140,332,"3,690","3,801",**,**,"41,820","556,825","41,910","585,447",100,20,**,**,"16,030","60,065","25,990","96,003","24,520","86,656","2,210","9,347",
03,"$200,000 under $500,000","7,430",710,"6,560",140,"7,100",200,"5,850","2,220","21,110","7,140",**,0,**,0,90,"2,590","2,104,673","7,430","2,144,697","6,440","1,236,779","6,310","22,128","4,550","65,159","4,330","49,592","3,370","7,619","1,650","79,523","4,500","174,165","2,760","189,041",460,80,471,"1,660","44,608","2,560","249,733","2,710","40,024",260,66,370,"8,648",990,"13,072",130,"1,189",0,0,"4,920","117,037","4,920","114,521","1,170","2,516","2,510","96,200","752,241",170,"4,082","2,400","42,108",100,194,"2,300","16,113",230,140,"2,460","24,271","2,510","25,530","1,910","22,906",60,268,100,12,250,"1,356","2,300","33,672",160,"5,099","3,330","60,746","7,430","1,830,147","7,430","352,883",50,235,30,358,"5,130","15,237","2,310","1,013",550,266,0,0,0,0,"3,190","9,954",40,191,"1,580","11,560",0,0,30,363,40,145,"7,360","357,492",0,0,0,0,0,0,0,0,0,0,"7,420","337,646","7,430","356,627","2,510","1,949","3,790","3,992","3,680","44,980","3,740","45,321","2,800","26,076","1,310","18,213",
03,"$500,000 or more","1,590",170,"1,380",40,"1,530",50,"1,470",280,"4,510","1,630",0,0,0,0,**,560,"2,041,115","1,590","2,064,082","1,400","573,546","1,500","47,084","1,260","91,672","1,230","70,411",700,"16,411",410,"30,601","1,300","327,624",540,"28,214",130,**,**,310,"8,472","1,050","758,593",910,"22,967",**,**,90,"3,074",500,"8,886",30,288,0,0,670,"15,848",670,"15,534",140,288,910,"83,088","1,401,758",**,**,870,"81,468",30,70,820,"9,633",40,13,890,"8,896",920,"11,816",570,"8,002",**,**,30,4,190,"3,348",870,"44,828",90,"3,113",970,"138,766","1,590","1,781,575","1,590","503,308",80,"1,004",0,0,"1,140","10,696",900,"2,348",80,37,0,0,0,0,**,**,**,**,500,"4,042",0,0,**,**,**,**,"1,570","537,457",0,0,0,0,0,0,0,0,0,0,"1,590","488,877","1,590","513,157",890,"3,445","1,450","12,270",680,"46,873",890,"78,556",370,"13,081",600,"63,653",
,,,,,,,,,,,,,,,,,,,,,,,,,,,,,,,,,,,,,,,,,,,,,,,,,,,,,,,,,,,,,,,,,,,,,,,,,,,,,,,,,,,,,,,,,,,,,,,,,,,,,,,,,,,,,,,,,,,,,,,,,,,,,,,,,,,,,,,,,,,,,,,,,,,,,,,
04,,"312,920","174,110","72,840","61,930","279,090","15,390","136,960","205,960","573,240","203,650","9,430","5,850","3,580","2,000","56,580","61,420","17,343,956","311,910","17,528,880","271,430","12,752,555","70,170","124,420","42,710","426,855","39,880","320,614","37,250","46,701","38,050","440,883","34,710","1,040,928","59,380","1,509,821",170,"7,640","30,137","32,740","464,216","8,200","636,025","70,110","184,924","6,600","1,655","1,150","26,231","4,060","28,173","3,630","14,375","33,490","38,079","289,620","4,564,589","289,620","4,497,387","36,430","67,202","20,590","691,837","4,622,863","5,770","102,003","18,430","249,532","1,780","2,155","17,370","124,701","2,800","2,143","18,870","149,137","20,450","178,017","14,800","116,957",310,"1,756",380,230,950,"17,687","16,800","253,341","1,280","21,608","24,860","145,922","239,970","12,402,291","239,450","2,136,697",260,"3,996","7,190","8,150","111,440","198,205","13,500","16,081","9,290","4,403","18,660","18,363","25,420","4,498","75,210","130,643",380,517,"29,600","80,405","11,890","89,501","12,980","99,320","9,380","6,344","298,310","2,642,590","75,380","210,842","69,760","193,633","61,270","112,946","15,510","13,639","3,970","2,868","192,530","1,938,524","210,710","2,075,903","4,190","11,730","4,870","30,751","56,070","200,580","247,330","761,715","243,850","665,975","4,680","95,741",
04,Under $1,"2,700","2,020",450,170,"1,700",500,"1,390",650,"3,580",570,40,40,**,0,140,"1,150","-131,514","1,690","-129,894",520,"14,848",530,"2,062",340,"3,153",310,"2,198",60,234,910,"-15,183",500,"11,201",320,"4,272",**,**,**,0,0,260,"-30,361",450,"1,620",**,**,0,0,70,347,**,**,140,175,0,0,0,0,0,0,0,0,0,0,0,0,0,0,0,0,0,0,0,0,0,0,0,0,0,0,0,0,0,0,0,0,0,0,0,0,0,0,0,80,176,**,**,70,18,**,**,0,0,0,0,0,0,0,0,**,**,0,0,240,556,280,"2,827",300,"2,839",0,0,"1,110","4,081",220,240,140,173,80,141,160,139,170,174,70,92,360,751,**,**,0,0,210,283,"1,020","3,608",980,"3,041",60,568,
04,"$1 under $10,000","42,430","35,210","1,940","4,950","37,070","2,350","16,810","25,050","46,580","12,850","2,790","1,380","1,410",780,"6,130","8,230","224,574","42,430","227,432","32,730","190,800","5,390","1,575","2,640","2,804","2,400","1,791",280,167,"4,080","13,614","1,950","1,047","4,990","22,835",**,340,"1,088",60,227,240,-197,"4,040","2,858",70,17,**,**,200,458,50,130,700,650,"42,100","485,124","42,100","474,956","5,950","10,168",320,"6,838","1,711",260,"4,231",110,210,140,63,210,"1,028",30,47,250,968,300,"1,236",150,951,0,0,0,0,**,**,180,245,**,**,40,11,820,"1,675",860,240,0,0,380,135,180,56,100,3,0,0,**,**,**,**,40,17,0,0,"3,300","2,527","1,200","10,656","1,260","11,007",**,**,"35,430","37,436","15,970","20,629","14,790","19,281","6,110","4,169","1,770","1,513",620,342,790,220,"4,500","2,867",0,0,0,0,"2,160","1,049","34,120","35,635","34,040","35,508",120,127,
04,"$10,000 under $25,000","78,670","47,180","5,830","24,940","71,050","3,430","32,340","60,510","141,450","61,330","3,160","2,200",960,810,"22,370","11,650","1,351,794","78,670","1,366,221","67,730","1,123,929","7,790","3,863","4,130","7,571","3,790","5,013","1,070",656,"11,640","94,640","3,130","5,941","10,510","113,163",40,"2,120","8,195","4,390","7,663",560,"1,776","14,130","14,427",460,102,30,91,500,"1,075",340,933,"3,760","3,370","77,700","1,146,581","77,700","1,131,985","8,240","14,596",970,"19,236","17,743",730,"10,638",520,721,340,193,620,"2,849",100,71,800,"3,078",930,"3,630",420,"2,202",**,**,**,**,**,**,620,"2,035",70,509,"3,280","2,072","50,590","275,896","50,380","28,260",**,**,"1,920",645,"23,690","8,502",460,19,730,211,"4,930","2,390","6,640","1,095","13,080","4,772",30,9,"9,940","15,669","4,380","32,514","4,500","33,245","2,730","1,466","75,520","261,030","36,020","136,139","33,620","124,580","28,470","50,850","5,020","4,366","1,820","1,156","32,010","19,758","41,320","37,161",0,0,0,0,"6,630","5,737","70,600","229,331","70,420","228,785",270,546,
04,"$25,000 under $50,000","90,700","52,500","13,190","23,430","80,960","4,340","37,350","65,090","167,990","64,740","2,690","1,940",750,410,"19,120","13,900","3,274,725","90,700","3,306,288","83,210","2,892,737","13,890","7,630","7,280","14,741","6,720","9,945","5,500","3,684","7,720","60,326","5,480","14,368","14,100","223,252",30,"2,700","10,938","9,420","66,211","1,030","9,317","19,450","31,563","1,780",417,80,829,760,"2,630","1,240","4,129","12,280","13,708","87,990","1,343,978","87,990","1,329,191","8,030","14,788","2,710","55,407","104,620","1,490","20,729","2,190","4,584",430,451,"1,900","8,429",450,381,"2,320","11,459","2,670","13,011","1,560","8,484",50,255,50,29,50,145,"2,050","10,429",160,"1,469","5,850","9,119","90,290","1,849,612","89,970","204,860",**,**,"3,540","2,723","42,850","52,296","1,770",102,"2,900","1,433","6,810","7,177","16,010","2,933","30,310","40,425",120,93,"5,270","12,410","5,110","34,808","5,340","38,342","4,870","2,832","88,820","350,501","22,810","53,679","20,930","49,481","22,640","50,106","4,040","3,376","1,200",974,"65,620","152,564","69,450","168,217",40,54,0,0,"15,370","21,161","75,070","201,956","74,730","200,976",520,980,
04,"$50,000 under $75,000","42,900","22,900","13,410","5,750","38,100","2,130","19,460","27,320","80,820","24,610",530,240,290,0,"5,350","9,920","2,620,130","42,900","2,644,583","38,360","2,151,918","12,860","8,343","7,350","19,717","6,830","13,881","8,090","5,944","4,400","43,943","5,720","22,725","10,400","255,817",40,"1,150","4,479","7,240","114,738",930,"11,083","13,010","24,453","1,430",351,70,690,520,"2,723",810,"2,872","8,400","10,066","38,770","657,324","38,770","646,722","5,720","10,601","4,130","84,175","260,448","1,270","20,850","3,810","12,522",270,360,"3,570","16,270",710,506,"3,790","26,086","4,110","28,172","3,120","17,657",70,304,50,33,40,87,"3,120","14,182",190,"2,293","4,150","9,136","42,820","1,862,502","42,760","234,343",0,0,880,"2,408","16,570","34,690","2,170",215,"1,380",630,"2,930","3,491","2,770",470,"12,270","29,434",110,120,"3,180","8,629",770,"7,420","1,120","10,121","1,200","1,044","42,320","264,507",360,155,280,118,"3,410","6,673","1,710","1,530",140,198,"39,260","199,653","40,090","210,028",**,**,0,0,"10,620","21,177","32,200","74,431","31,770","73,103",580,"1,328",
04,"$75,000 under $100,000","22,030","7,810","12,350","1,600","19,760","1,040","10,750","13,340","48,250","13,910",150,50,100,0,"2,010","6,190","1,899,583","22,030","1,916,198","19,470","1,474,376","9,140","7,624","5,620","21,552","5,240","15,594","6,640","5,354","2,900","35,058","4,500","23,362","6,990","228,143",**,640,"2,610","4,640","94,693",810,"11,635","6,500","16,615","1,010",263,80,866,370,"2,448",460,"2,251","3,540","4,227","18,600","377,243","18,600","370,555","3,450","6,688","3,430","76,589","296,052",830,"16,400","3,250","14,824",160,216,"3,030","15,154",510,390,"3,190","25,888","3,420","27,690","2,640","15,696",50,253,60,29,50,39,"2,690","13,339",200,"2,732","2,990","8,474","21,980","1,433,933","21,960","191,752",0,0,230,991,"9,320","23,952","1,850",234,"1,270",613,"1,720","2,244",0,0,"7,200","20,350",50,86,"2,110","6,668",120,"1,031",270,"2,173",310,371,"21,850","203,317",0,0,0,0,510,876,"1,110","1,021",20,24,"21,420","167,800","21,590","175,973",**,**,0,0,"6,230","16,139","15,760","42,915","15,370","41,472",550,"1,444",
04,"$100,000 under $200,000","25,590","5,160","19,340",900,"23,240","1,150","13,340","11,900","63,480","18,590",70,**,70,0,"1,360","7,710","3,392,947","25,590","3,428,252","22,620","2,509,252","14,060","17,072","9,790","64,808","9,220","48,750","12,190","12,707","4,480","88,189","8,200","85,914","9,240","432,288",30,610,"2,438","5,420","133,251","1,940","49,052","9,650","35,305","1,660",458,300,"4,558",740,"6,188",630,"3,196","4,670","5,883","20,460","462,190","20,460","453,916","4,060","8,274","5,130","141,495","705,895",980,"20,319","4,930","36,314",180,337,"4,600","29,166",660,518,"4,780","44,559","5,120","48,606","3,970","29,874",70,343,110,93,160,934,"4,450","35,146",320,"5,576","5,400","24,423","25,570","2,760,524","25,550","420,719",50,272,170,"1,230","13,340","34,832","3,810",884,"2,280","1,140","2,270","3,061",0,0,"9,850","28,311",70,209,"3,580","14,959",30,245,190,"1,593",220,432,"25,410","412,249",0,0,0,0,50,131,"1,700","1,694",**,**,"25,470","385,888","25,500","403,908",190,49,50,14,"10,850","43,025","14,690","50,545","13,880","45,094","1,080","5,451",
04,"$200,000 under $500,000","6,140","1,060","4,900",150,"5,600",330,"4,000","1,810","16,300","5,280",**,0,**,0,100,"2,040","1,767,817","6,140","1,795,048","5,310","1,155,722","4,820","15,307","4,010","71,460","3,860","56,688","2,670","5,388","1,450","69,474","3,710","118,735","2,250","180,600",30,80,389,"1,270","38,163","1,440","107,948","2,030","27,231",190,47,360,"9,134",540,"6,715",80,672,0,0,"3,520","81,097","3,520","79,260",860,"1,837","2,620","98,723","792,588",210,"8,836","2,440","43,501",170,309,"2,320","26,251",270,163,"2,520","24,945","2,620","27,616","2,070","26,587",40,350,60,33,240,"2,352","2,450","28,507",180,"5,367","2,290","24,354","6,140","1,563,098","6,130","312,481",80,564,**,**,"4,130","12,164","2,160","1,790",600,307,0,0,0,0,"2,460","7,334",**,**,"1,380","10,178",0,0,**,**,50,199,"6,100","316,007",0,0,0,0,0,0,0,0,0,0,"6,130","300,396","6,140","317,868","2,690","2,234","3,230","3,772","3,200","34,730","2,920","32,194","2,250","19,479",870,"12,715",
04,"$500,000 or more","1,760",270,"1,430",40,"1,610",120,"1,520",290,"4,790","1,770",0,0,0,0,**,630,"2,943,900","1,760","2,974,752","1,480","1,238,973","1,690","60,944","1,550","221,049","1,510","166,754",750,"12,567",470,"50,822","1,520","757,635",580,"49,451",**,**,**,300,"9,270",990,"475,772",850,"30,852",**,**,230,"10,063",360,"5,589",20,192,0,0,480,"11,052",480,"10,802",120,250,"1,280","209,374","2,443,806",**,**,"1,180","136,856",90,226,"1,120","25,554",70,67,"1,220","12,154","1,280","28,056",870,"15,506",30,251,50,13,410,"14,130","1,240","149,458",160,"3,662",860,"68,333","1,760","2,655,051","1,760","743,866",130,"3,160",0,0,"1,360","31,713","1,180","12,834",130,69,0,0,0,0,**,**,**,**,600,"8,809",0,0,0,0,**,**,"1,750","793,462",0,0,0,0,0,0,0,0,0,0,"1,760","712,153","1,760","759,130","1,270","9,393","1,590","26,965",800,"57,279",950,"91,100",410,"18,517",630,"72,582",
,,,,,,,,,,,,,,,,,,,,,,,,,,,,,,,,,,,,,,,,,,,,,,,,,,,,,,,,,,,,,,,,,,,,,,,,,,,,,,,,,,,,,,,,,,,,,,,,,,,,,,,,,,,,,,,,,,,,,,,,,,,,,,,,,,,,,,,,,,,,,,,,,,,,,,,
05,,"372,250","184,770","156,540","27,630","335,250","17,380","183,300","208,080","684,290","186,500","6,930","2,080","4,850",560,"29,560","109,910","30,802,511","371,320","31,184,603","305,210","21,311,117","160,590","266,340","106,690","776,408","100,220","585,626","89,520","119,153","46,010","769,709","90,440","1,840,689","107,740","3,019,710","2,650","9,350","35,350","67,940","1,095,957","21,430","1,839,122","93,000","382,092","8,200","2,064","2,850","54,805","10,750","92,986","7,570","36,941","39,540","43,617","326,360","5,632,165","326,360","5,497,512","68,200","134,653","42,210","1,370,370","9,274,899","11,550","223,460","37,510","475,258","4,030","3,903","38,000","232,907","4,390","3,308","40,350","334,031","41,960","358,813","32,270","323,374",630,"3,621",960,439,"1,920","19,389","35,280","391,158","2,120","45,540","48,450","436,884","306,810","24,014,195","303,740","4,211,775",430,"5,483","7,990","13,258","139,920","317,765","34,890","21,326","16,500","8,156","21,740","25,197","20,420","3,840","89,060","227,244",380,813,"37,760","133,415","13,390","116,684","14,840","128,625","7,410","5,627","350,990","4,558,930","29,530","58,434","25,210","51,635","22,760","40,039","16,060","15,153","5,230","5,116","280,620","3,894,002","292,070","4,115,501","11,500","20,808","13,090","45,227","86,330","415,665","271,250","858,212","261,850","654,212","12,970","201,075",
05,Under $1,"3,700","2,390","1,090",150,"2,650",580,"2,460",780,"5,340",790,20,**,20,0,50,"1,970","-357,734","2,770","-353,470",910,"39,020","1,430","13,599",930,"6,878",840,"4,294",120,715,"1,140","-8,212","1,350","30,287",760,"11,174",320,**,**,0,0,670,"-98,018",740,"4,264",**,**,0,0,220,"1,577",**,**,140,151,0,0,0,0,0,0,0,0,0,0,0,0,0,0,0,0,0,0,0,0,0,0,0,0,0,0,0,0,0,0,0,0,0,0,0,0,0,0,0,110,432,**,**,90,25,**,**,0,0,0,0,0,0,0,0,**,**,0,0,450,"1,087",460,"5,299",490,"5,207",0,0,"1,610","15,708",240,278,130,177,120,263,110,106,310,387,90,410,600,"1,755",40,35,0,0,340,547,"1,460","14,502","1,370","8,318",130,"3,260",
05,"$1 under $10,000","45,660","41,370","2,540","1,550","38,570","3,350","17,640","21,450","29,960","3,830","2,470",700,"1,770",250,"1,820","10,590","225,444","45,660","229,127","33,640","176,502","10,660","3,917","6,920","6,900","6,370","4,280",460,286,"3,280","9,857","5,660","3,999","7,400","34,888",160,170,602,90,237,430,"-1,138","3,620","3,683",40,8,**,**,400,"1,155",90,297,670,592,"45,060","433,731","45,060","418,778","8,460","14,953",600,"15,556","3,082",500,"10,539",160,412,310,153,380,"1,835",30,8,510,"2,005",550,"2,225",260,"1,947",0,0,0,0,**,**,340,441,**,**,90,14,"2,620","4,567","1,510",335,0,0,410,135,290,40,190,5,0,0,30,6,**,**,30,9,0,0,"2,780","1,932","1,410","13,705","1,430","13,605",**,**,"35,930","21,179","7,420","6,668","6,460","5,967","1,690","1,117","1,010",873,780,531,"1,430",308,"4,550","2,371",0,0,0,0,"2,510","1,025","34,580","19,848","34,430","19,620",210,228,
05,"$10,000 under $25,000","53,430","40,710","6,700","5,530","47,450","2,560","23,400","34,070","65,890","13,050","1,880",590,"1,290",200,"6,620","16,350","917,600","53,430","931,678","39,620","644,200","15,110","10,221","9,670","19,646","8,920","12,094","1,570",980,"5,530","45,230","7,740","15,163","15,030","173,972",280,"1,230","4,689","7,770","14,235",920,"1,368","8,520","14,078",230,51,60,467,980,"3,167",490,"1,717","3,180","2,903","51,750","743,899","51,750","720,358","12,560","23,541","1,670","42,054","29,893","1,440","26,762",620,"1,001",860,490,"1,180","5,336",120,87,"1,480","5,903","1,600","6,591",720,"4,727",**,**,**,**,40,39,"1,150","3,209",70,427,"2,570","1,776","35,990","208,462","35,090","20,989",40,433,"1,810",701,"11,760","3,946","1,170",47,440,142,"3,410","1,761","4,520",740,"3,160","1,236",**,**,"4,760","8,058","4,320","36,337","4,410","36,408","1,700",896,"48,150","103,956","11,080","30,411","9,410","27,485","6,590","11,132","2,460","2,055","1,950","1,496","28,220","17,044","31,680","26,255",0,0,0,0,"5,720","5,188","44,600","82,703","44,230","81,891",570,812,
05,"$25,000 under $50,000","79,430","52,640","15,410","10,250","71,990","3,220","35,900","53,630","121,400","27,450","1,570",590,980,110,"10,540","20,790","2,941,552","79,430","2,979,799","66,380","2,300,052","24,320","17,055","14,670","37,654","13,650","24,752","7,720","5,304","7,180","72,299","11,650","32,898","19,980","357,792",410,"2,530","9,780","16,440","124,559","1,760","9,310","18,770","38,247","1,220",281,160,"1,243","1,560","6,234","1,610","6,306","10,800","11,786","75,800","1,166,864","75,800","1,139,448","13,810","27,416","3,640","86,268","140,240","2,330","40,694","2,540","5,165",960,707,"2,890","12,653",390,350,"3,330","16,723","3,580","18,363","2,130","14,838",70,279,80,33,50,126,"2,660","10,146",120,"1,323","6,810","10,288","78,500","1,679,420","77,630","183,467",**,**,"3,460","2,788","28,590","29,549","3,920",233,"1,980",995,"4,910","5,106","11,800","2,339","15,000","20,722",50,31,"5,690","14,906","5,450","42,464","5,620","44,871","3,540","2,046","76,960","291,593","10,450","20,932","8,950","17,900","9,740","18,940","2,630","2,233","1,700","1,708","66,400","153,918","69,120","171,776",**,**,0,0,"12,730","15,993","66,050","135,073","65,110","132,747","1,360","2,326",
05,"$50,000 under $75,000","57,260","28,270","22,640","5,510","51,970","2,290","29,320","35,150","106,270","26,480",600,150,450,0,"4,940","18,260","3,536,906","57,260","3,580,193","48,040","2,626,214","24,930","19,909","15,110","51,527","14,110","34,668","14,040","10,781","6,850","78,477","12,450","51,805","18,350","463,993",410,"1,840","6,910","14,280","234,772","2,080","15,342","16,290","43,287","1,290",315,210,"1,784","1,280","7,623","1,640","7,740","8,540","9,879","50,670","916,400","50,670","894,307","11,220","22,093","6,600","142,512","416,495","2,470","43,584","5,880","19,543",630,600,"5,820","24,755",750,508,"6,310","41,614","6,570","43,420","4,910","33,629",110,570,120,63,90,195,"4,810","18,257",230,"2,272","7,320","16,150","57,070","2,458,865","56,920","301,864",0,0,"1,280","3,524","22,180","41,663","4,980",465,"1,820",832,"3,330","4,090","4,100",761,"14,670","34,971",70,95,"5,430","15,959","1,350","14,820","1,790","18,048","1,270","1,113","56,420","356,714",340,145,260,106,"3,630","6,945","2,040","1,929",390,790,"53,140","260,201","54,330","278,897",**,**,0,0,"13,770","25,520","43,330","102,667","42,210","99,518","1,600","3,149",
05,"$75,000 under $100,000","41,550","10,400","28,490","2,350","37,980","1,670","22,310","24,550","97,060","27,070",240,30,210,0,"2,630","14,360","3,615,011","41,550","3,655,747","35,340","2,628,112","22,080","20,533","13,910","54,115","13,080","37,712","15,540","13,359","6,110","85,231","11,540","63,370","15,110","490,897",330,"1,420","5,121","11,120","240,785","2,220","28,466","12,500","40,736","1,320",336,270,"2,690","1,100","8,016","1,270","6,659","5,680","6,698","35,400","773,820","35,400","756,368","8,500","17,452","6,150","146,154","534,359","1,880","36,273","5,710","26,096",390,439,"5,630","25,745",690,462,"5,880","46,964","6,130","49,102","4,840","35,398",90,482,130,58,100,267,"4,820","21,614",230,"2,482","7,060","20,463","41,470","2,671,934","41,380","338,198",0,0,540,"2,742","19,430","49,413","4,840",581,"2,520","1,253","3,250","4,422",0,0,"14,680","42,299",80,188,"4,860","15,783",350,"3,619",660,"6,454",470,582,"41,180","367,312",0,0,0,0,830,"1,268","2,210","2,164",100,204,"40,480","288,785","40,820","306,975",**,**,0,0,"11,240","26,110","30,220","85,782","29,110","82,155","1,600","3,626",
05,"$100,000 under $200,000","68,400","7,240","59,130","1,820","63,240","2,730","36,620","31,980","189,410","61,930",150,20,130,0,"2,690","20,770","9,262,105","68,400","9,360,895","60,770","7,005,287","42,910","51,016","29,660","163,966","28,010","120,713","38,610","40,797","11,190","220,800","25,080","248,885","23,770","1,031,362",500,"1,920","7,222","14,390","370,713","6,140","138,412","24,520","98,790","3,520",930,850,"12,196","2,310","22,864","2,170","11,325","10,530","11,608","55,480","1,307,023","55,480","1,283,271","11,100","23,752","12,930","376,554","1,834,564","2,500","52,075","12,450","95,319",440,584,"12,080","66,903","1,520","1,025","12,440","117,355","12,910","123,508","10,630","106,012",210,"1,170",330,192,420,"1,653","11,450","79,904",660,"11,056","15,000","68,623","68,350","7,502,667","68,290","1,114,698",50,213,350,"2,920","40,830","117,066","11,210","2,013","7,400","3,771","6,810","9,812",0,0,"32,000","97,815",130,302,"9,000","37,295",50,440,380,"3,495",350,675,"68,020","1,087,438",0,0,0,0,160,374,"5,600","5,793",**,**,"68,070","997,632","68,160","1,041,682",270,78,60,28,"28,470","101,217","39,810","145,631","37,300","129,773","3,500","15,859",
05,"$200,000 under $500,000","18,610","1,430","16,750",390,"17,430",790,"12,030","5,720","56,430","21,150",**,0,**,0,270,"5,400","5,300,213","18,610","5,383,070","16,730","3,697,991","15,110","41,092","12,230","162,760","11,730","126,929","9,490","19,046","3,750","194,662","11,380","304,201","6,090","378,935",170,240,"1,026","3,180","89,983","4,690","386,935","5,930","82,857",540,134,940,"23,950","1,820","24,777",230,"2,174",0,0,"10,760","256,099","10,760","251,381","2,210","4,718","7,850","288,159","2,338,172",430,"13,533","7,530","129,893",300,640,"7,430","58,710",780,741,"7,690","76,430","7,850","80,345","6,720","91,042",110,801,220,77,590,"4,812","7,380","85,252",460,"12,780","7,160","94,207","18,600","4,659,735","18,600","908,509",130,797,50,423,"13,810","42,750","6,110","3,189","2,100","1,026",0,0,0,0,"9,480","30,139",50,197,"3,570","26,716",0,0,60,537,80,315,"18,520","916,983",0,0,0,0,0,0,0,0,0,0,"18,580","865,759","18,600","911,355","8,180","6,298","9,190","9,049","9,610","90,940","8,960","95,539","7,030","60,409","2,590","35,130",
05,"$500,000 or more","4,210",320,"3,790",80,"3,970",190,"3,620",750,"12,530","4,750",0,0,0,0,**,"1,420","5,361,414","4,210","5,417,564","3,780","2,193,739","4,040","88,998","3,590","272,962","3,510","220,184","1,970","27,885",980,"71,365","3,590","1,090,081","1,250","76,697",70,**,**,670,"20,673","2,520","1,358,445","2,110","56,150",40,9,360,"12,475","1,080","17,573",70,723,0,0,"1,440","34,329","1,440","33,601",340,728,"2,770","273,113","3,978,094",**,**,"2,620","197,829",140,290,"2,590","36,970",110,127,"2,710","27,037","2,770","35,259","2,060","35,781",40,319,80,16,630,"12,297","2,670","172,335",350,"15,200","2,440","225,363","4,210","4,828,545","4,210","1,343,283",210,"4,040",0,0,"3,030","33,338","2,470","14,793",240,137,0,0,0,0,40,53,**,**,"1,220","11,679",0,0,**,**,**,**,"4,200","1,398,047",0,0,0,0,0,0,0,0,0,0,"4,210","1,309,945","4,210","1,374,435","3,010","14,397","3,840","36,150","1,940","149,125","2,240","176,467","1,060","39,781","1,410","136,685",
,,,,,,,,,,,,,,,,,,,,,,,,,,,,,,,,,,,,,,,,,,,,,,,,,,,,,,,,,,,,,,,,,,,,,,,,,,,,,,,,,,,,,,,,,,,,,,,,,,,,,,,,,,,,,,,,,,,,,,,,,,,,,,,,,,,,,,,,,,,,,,,,,,,,,,,
06,,"354,940","175,440","146,220","30,060","324,490","13,270","188,990","206,420","648,200","174,350","7,620","1,450","6,180",420,"32,380","105,430","24,726,710","354,070","25,038,781","290,640","16,695,082","137,370","229,313","85,850","669,744","80,650","518,187","64,020","84,365","39,580","565,768","74,270","1,598,212","101,760","2,674,478","6,490","9,500","34,544","64,160","949,613","18,580","1,420,573","79,300","312,071","6,580","1,667","1,810","35,484","9,130","75,124","6,760","31,804","32,810","33,518","325,530","5,642,152","325,530","5,509,380","66,940","132,771","25,240","876,838","6,146,979","8,850","182,700","21,590","302,400","3,220","3,052","22,040","134,882","2,210","1,633","24,090","187,743","25,070","203,808","17,200","160,228",390,"2,358",490,150,"1,500","18,874","20,740","264,658","1,500","31,139","39,520","352,014","283,590","18,559,248","280,770","3,137,566",250,"3,652","7,820","13,173","127,120","262,426","26,000","12,466","12,400","6,280","18,710","21,028","27,220","5,088","80,540","194,681",290,674,"31,770","105,289","15,670","156,722","17,120","168,220","7,840","5,423","333,370","3,590,088","39,180","80,844","34,240","72,626","29,920","53,321","14,140","13,208","5,020","4,787","252,720","2,870,112","265,340","3,048,298","6,030","13,636","8,090","38,970","68,380","293,750","270,960","817,177","263,180","644,930","11,110","166,815",
06,Under $1,"4,160","2,500","1,470",120,"3,110",570,"3,010",880,"6,390",930,30,**,30,0,60,"2,300","-344,783","3,290","-339,500","1,080","37,497","1,710","10,619","1,060","10,678",970,"8,090",130,421,"1,300","-14,320","1,610","31,739",930,"11,302",780,**,**,0,0,780,"-127,206",950,"5,283",0,0,0,0,240,"1,696",**,**,140,137,0,0,0,0,0,0,0,0,0,0,0,0,0,0,0,0,0,0,0,0,0,0,0,0,0,0,0,0,0,0,0,0,0,0,0,0,0,0,0,80,24,**,**,70,14,**,**,0,0,0,0,0,0,0,0,**,**,0,0,540,"1,118",570,"7,413",590,"7,218",0,0,"1,880","14,234",390,438,230,268,110,229,100,97,320,422,70,21,670,"1,667",30,19,0,0,390,452,"1,690","13,183","1,620","8,035",110,843,
06,"$1 under $10,000","47,070","41,100","3,340","2,350","40,870","2,780","19,850","21,950","36,610","5,610","3,200",520,"2,680",210,"2,460","11,970","236,219","47,070","239,617","34,400","188,363","10,750","3,973","6,050","6,056","5,570","3,688",340,258,"3,220","8,363","5,050","4,100","8,010","37,448",380,240,756,60,187,440,"-2,102","3,460","3,398",20,4,**,**,360,908,80,256,650,507,"46,600","491,916","46,600","474,948","9,530","16,968",470,"11,453","2,439",400,"8,323",130,219,260,116,290,"1,260",20,2,410,"1,470",440,"1,586",180,"1,093",0,0,0,0,**,**,270,335,**,**,60,11,"1,950","3,171","1,180",277,0,0,400,153,280,19,160,5,0,0,**,**,**,**,**,**,0,0,"2,580","1,852","1,810","19,482","1,850","19,410",**,**,"37,070","25,208","9,800","9,455","8,810","8,681","2,510","1,606",880,746,680,476,"1,120",257,"4,140","2,281",0,0,0,0,"2,150",935,"35,860","23,887","35,700","23,450",230,287,
06,"$10,000 under $25,000","59,660","42,670","8,770","7,610","54,120","2,200","27,830","38,880","79,620","17,830","2,240",490,"1,750",150,"8,360","17,940","1,026,680","59,660","1,039,210","45,360","739,144","15,190","10,041","8,980","16,566","8,330","10,343","1,320",833,"5,410","41,562","7,430","15,258","16,620","192,946",700,"1,510","5,424","7,970","13,685",940,-452,"8,450","12,530",190,41,30,128,850,"2,505",500,"1,550","3,070","2,488","58,410","865,031","58,410","838,431","13,980","26,600","1,240","32,464","22,148","1,090","22,612",410,581,710,409,830,"3,109",70,27,"1,130","3,733","1,190","4,056",450,"2,830",**,**,**,**,**,**,800,"2,273",30,187,"2,260","1,509","38,890","223,260","38,110","22,589",20,61,"1,710",709,"13,420","4,264",920,32,520,173,"2,960","1,479","6,020",949,"4,200","1,611",**,**,"4,600","7,622","5,300","49,276","5,380","49,262","2,070","1,070","54,390","126,837","14,760","42,218","12,840","38,804","8,990","15,300","2,200","1,814","1,780","1,326","30,300","18,326","34,180","27,423",0,0,0,0,"5,550","4,656","50,800","103,927","50,460","103,162",550,765,
06,"$25,000 under $50,000","86,130","53,050","19,460","12,330","79,330","2,710","42,620","59,080","140,370","35,490","1,360",340,"1,020",60,"12,150","21,670","3,179,067","86,130","3,214,696","73,220","2,517,307","24,490","16,749","13,910","32,906","12,970","21,574","7,220","4,741","7,110","68,516","11,530","37,101","21,320","378,053","1,200","2,870","10,378","17,460","124,222","1,940","7,180","17,730","35,629","1,010",232,90,778,"1,410","5,617","1,690","6,650","9,550","9,325","83,350","1,321,004","83,350","1,292,044","14,290","28,960","2,780","69,050","107,012","1,930","37,626","1,840","3,633",810,599,"2,090","8,787",270,215,"2,530","11,651","2,710","12,757","1,400","8,801",40,164,30,1,70,227,"1,940","7,600",130,"1,220","6,590","9,603","85,090","1,779,891","84,070","194,136",**,**,"3,440","2,864","33,170","34,721","3,390",182,"1,840",980,"4,000","3,856","15,730","3,132","18,890","26,354",60,33,"5,470","13,973","6,050","56,115","6,240","58,331","3,980","2,308","83,660","321,456","13,760","28,541","12,000","24,726","12,690","25,504","2,250","1,875","1,700","1,733","69,860","159,416","73,080","176,826",**,**,0,0,"12,280","15,082","73,080","158,955","72,290","156,889","1,250","2,066",
06,"$50,000 under $75,000","55,890","23,510","26,730","5,030","51,700","1,770","31,770","34,790","112,700","30,170",520,70,450,0,"5,050","17,520","3,443,065","55,890","3,481,640","47,550","2,581,670","23,030","18,025","13,480","42,071","12,630","29,023","11,590","8,687","6,440","67,656","11,280","52,875","17,760","444,157","1,060","1,970","7,200","14,150","223,721","2,070","12,072","14,630","38,575","1,120",275,150,"1,201","1,220","6,828","1,630","7,664","7,040","7,466","51,800","980,259","51,800","958,724","10,810","21,534","4,090","95,579","256,911","1,860","36,468","3,500","11,065",550,516,"3,530","14,585",430,318,"3,870","23,713","4,080","25,203","2,740","17,735",80,398,60,17,50,46,"2,990","13,182",180,"1,844","6,900","15,490","55,730","2,350,230","55,550","283,481",0,0,"1,380","3,903","23,260","46,807","4,190",353,"1,850",868,"3,140","3,677","5,470","1,007","16,050","40,322",60,100,"5,060","14,531","1,580","19,815","2,070","23,476","1,150","1,028","55,090","337,846",470,192,360,147,"4,560","8,955","2,010","1,844",460,729,"50,780","236,675","52,270","253,815",**,**,0,0,"12,500","22,874","43,230","106,161","42,190","103,192","1,550","2,969",
06,"$75,000 under $100,000","38,740","6,820","30,260","1,460","36,120","1,090","23,270","23,520","96,390","27,420",190,30,170,0,"2,380","13,010","3,365,129","38,740","3,398,582","33,450","2,485,964","19,580","17,297","12,050","46,304","11,290","32,672","11,600","9,801","5,150","63,746","10,080","64,639","13,920","444,063",800,"1,380","4,933","10,140","215,032","2,110","17,051","11,310","33,453","1,210",315,150,"1,739",900,"6,465","1,130","5,702","5,240","5,875","35,210","794,462","35,210","778,440","7,760","16,022","3,520","90,114","306,936","1,370","28,840","3,230","14,239",270,296,"3,150","13,630",350,247,"3,390","25,557","3,520","26,663","2,470","17,046",40,167,60,20,60,60,"2,720","14,358",190,"2,321","6,160","17,412","38,670","2,461,530","38,580","299,982",0,0,490,"2,341","18,370","50,427","3,950",415,"2,470","1,338","3,200","4,259",0,0,"14,510","43,722",50,114,"4,040","12,528",320,"4,103",610,"6,605",370,423,"38,420","329,185",0,0,0,0,930,"1,438","2,260","2,224",80,101,"37,600","249,555","37,910","264,327",**,**,0,0,"9,560","21,234","29,100","85,626","28,060","82,342","1,490","3,284",
06,"$100,000 under $200,000","49,740","4,500","44,210",900,"46,510","1,570","30,300","23,770","137,660","43,770",80,**,80,0,"1,810","15,950","6,562,571","49,740","6,632,961","43,840","4,783,045","30,950","39,727","20,760","129,221","19,620","97,550","25,610","26,665","7,920","145,140","17,960","206,795","18,260","803,027","1,170","1,420","5,401","11,380","286,227","4,990","117,944","17,370","70,390","2,680",715,600,"8,180","1,870","18,050","1,510","7,857","7,120","7,720","42,610","1,009,710","42,610","991,192","8,660","18,518","7,130","216,329","999,819","1,860","38,550","6,820","50,732",290,414,"6,560","34,824",690,535,"6,870","63,165","7,120","66,306","5,390","47,892",110,447,170,74,320,"1,765","6,290","51,308",460,"8,838","11,110","54,666","49,710","5,277,904","49,650","763,203",**,**,290,"2,702","28,870","83,065","7,850","1,492","4,730","2,463","5,410","7,757",0,0,"22,330","68,645",100,366,"6,400","26,647",40,518,330,"3,427",230,446,"49,410","755,439",0,0,0,0,130,289,"4,440","4,608",**,**,"49,450","680,137","49,540","711,819",140,49,20,7,"19,390","69,988","30,250","112,604","28,190","99,662","2,960","12,738",
06,"$200,000 under $500,000","10,570","1,010","9,330",210,"9,900",470,"7,690","3,040","29,960","10,100",**,0,**,0,110,"3,900","3,026,761","10,570","3,083,685","9,130","1,856,251","8,800","32,373","7,040","129,748","6,800","104,252","4,870","11,083","2,290","117,662","6,750","234,510","3,950","271,842",310,110,452,"2,390","67,256","3,440","286,989","3,750","56,924",330,80,530,"13,691","1,350","18,101",180,"1,714",0,0,"6,520","155,483","6,520","151,924","1,630","3,559","4,050","159,336","1,221,799",340,"10,281","3,840","67,695",200,428,"3,760","30,846",310,232,"3,980","39,376","4,050","41,209","3,220","42,316",80,566,120,25,460,"3,332","3,820","54,568",260,"6,606","4,680","68,591","10,570","2,642,478","10,570","509,351",50,209,40,487,"7,590","21,799","3,730","2,591",870,394,0,0,0,0,"4,540","14,006",20,61,"2,170","16,844",0,0,50,491,40,148,"10,490","523,241",0,0,0,0,0,0,0,0,0,0,"10,560","487,552","10,570","516,026","3,900","3,122","5,380","6,444","5,220","57,605","5,320","64,233","3,930","37,368","1,900","26,865",
06,"$500,000 or more","2,980",280,"2,650",50,"2,830",110,"2,650",510,"8,500","3,030",0,0,0,0,**,"1,170","4,232,001","2,980","4,287,890","2,610","1,505,841","2,870","80,509","2,520","256,194","2,470","210,995","1,340","21,876",740,"67,443","2,580","951,195",990,"91,640",90,**,**,610,"19,283","1,870","1,109,097","1,650","55,889",20,5,260,"9,767",930,"14,954",40,411,0,0,"1,030","24,287","1,030","23,677",280,610,"1,960","202,513","3,229,915",**,**,"1,820","154,236",130,274,"1,830","27,841",70,57,"1,910","19,078","1,960","26,028","1,350","22,515",40,616,50,13,540,"13,444","1,910","121,034",250,"10,123","1,760","184,732","2,980","3,820,784","2,980","1,064,523",180,"3,382",0,0,"2,160","21,324","1,810","7,396",120,64,0,0,0,0,20,21,**,**,910,"10,174",0,0,**,**,**,**,"2,960","1,156,642",0,0,0,0,0,0,0,0,0,0,"2,980","1,038,173","2,980","1,094,114","1,960","10,446","2,690","32,519","1,340","100,924","1,630","148,601",740,"30,830","1,070","116,998",
,,,,,,,,,,,,,,,,,,,,,,,,,,,,,,,,,,,,,,,,,,,,,,,,,,,,,,,,,,,,,,,,,,,,,,,,,,,,,,,,,,,,,,,,,,,,,,,,,,,,,,,,,,,,,,,,,,,,,,,,,,,,,,,,,,,,,,,,,,,,,,,,,,,,,,,
07,,"345,020","162,980","149,220","29,480","317,970","11,310","198,430","200,450","643,850","172,870","8,960","1,140","7,840",290,"33,180","108,760","21,279,538","344,160","21,574,335","276,260","14,295,190","136,530","176,045","70,700","381,539","65,560","285,955","55,900","67,761","49,040","598,262","64,390","975,581","99,870","2,671,175","11,480","14,590","61,119","64,850","915,851","19,380","1,126,867","85,070","294,797","6,630","1,717","1,380","21,430","10,520","72,123","7,950","38,449","31,790","31,486","317,960","5,626,119","317,960","5,486,135","70,210","139,898","21,550","651,263","4,075,932","7,410","134,304","18,430","207,138","2,670","2,558","19,100","96,232","2,930","1,304","20,320","155,284","21,420","167,859","15,390","140,519",380,"1,617",850,294,"1,000","6,899","16,900","151,463","1,500","26,350","41,350","310,337","270,790","15,394,568","269,040","2,433,350",170,"1,133","10,390","14,740","116,870","237,735","18,760","6,128","13,090","7,144","16,730","18,750","26,960","5,508","76,760","182,922",440,"1,150","38,350","111,218","20,200","191,635","21,800","204,217","9,560","7,037","321,160","2,842,748","44,080","91,923","37,460","80,892","32,180","58,920","12,840","11,704","7,490","6,936","239,020","2,191,608","255,590","2,351,726","3,930","6,415","5,720","19,942","67,320","251,154","260,890","724,011","253,720","618,266","10,520","102,328",
07,Under $1,"5,490","2,950","2,320",150,"4,380",600,"4,300","1,190","9,280","1,590",20,**,20,0,80,"3,190","-343,939","4,640","-339,076","1,450","37,476","2,360","3,973","1,210","3,688","1,080","2,362",100,160,"1,930","-18,646","2,010","21,389","1,230","13,217","1,480",**,**,0,0,880,"-57,110","1,330","4,863",**,**,0,0,300,"1,190",**,**,140,129,0,0,0,0,0,0,0,0,0,0,0,0,0,0,0,0,0,0,0,0,0,0,0,0,0,0,0,0,0,0,0,0,0,0,0,0,0,0,0,110,24,0,0,100,22,**,**,0,0,0,0,0,0,0,0,0,0,0,0,830,"1,271",860,"10,633",880,"10,380",0,0,"2,700","7,679",590,757,330,445,150,309,80,68,600,644,100,19,"1,020","1,487",**,**,0,0,570,616,"2,400","6,777","2,290","6,040",140,370,
07,"$1 under $10,000","45,920","38,400","4,810","2,390","40,370","2,290","20,350","21,030","40,870","6,480","3,840",310,"3,540",130,"2,670","13,620","229,112","45,910","234,121","31,750","177,946","11,810","4,635","4,840","4,947","4,370","2,935",320,204,"4,830","15,626","4,340","4,473","7,830","37,671",840,290,774,60,157,610,"-1,301","4,930","5,009",**,**,**,**,610,"1,520",110,275,670,494,"45,520","521,911","45,520","502,301","10,780","19,610",400,"9,388","2,005",320,"5,966",80,127,230,103,260,"1,064",30,5,340,"1,242",370,"1,381",170,"1,143",0,0,0,0,**,**,200,212,**,**,40,5,"1,310","2,168","1,200",302,0,0,580,181,130,11,60,2,0,0,**,**,**,**,**,**,0,0,"3,930","2,921","2,120","21,346","2,170","21,364",**,**,"35,280","26,199","10,940","10,380","9,250","9,226","2,670","1,772",770,630,"1,040",664,"1,160",281,"5,390","3,315",0,0,0,0,"3,040","1,383","33,450","24,257","33,240","23,856",320,360,
07,"$10,000 under $25,000","61,420","41,690","11,100","7,960","56,040","2,070","30,810","39,430","86,920","20,430","2,440",440,"2,000",110,"8,880","18,910","1,058,969","61,420","1,075,678","46,410","752,549","16,300","11,373","7,650","13,186","6,930","8,079","1,240",806,"7,510","62,012","6,760","16,329","16,170","191,471","1,590","2,030","7,132","7,470","12,573","1,310","4,704","10,450","16,709",200,43,30,89,"1,370","3,705",600,"2,049","3,190","2,578","60,380","920,375","60,380","892,541","14,490","27,834","1,030","26,492","18,634",860,"16,521",380,457,540,323,730,"2,775",70,16,920,"3,245","1,000","3,621",430,"3,034",**,**,**,**,**,**,630,"1,747",40,449,"3,010","2,154","38,510","218,830","38,300","22,487",**,**,"2,400",933,"12,760","4,190",680,21,570,200,"2,550","1,282","5,460",912,"4,560","1,748",**,**,"6,360","10,858","6,360","57,418","6,460","57,386","2,210","1,163","55,660","134,503","16,690","47,190","14,240","42,774","9,800","16,815","2,050","1,670","2,600","1,851","30,440","18,297","35,450","30,747",0,0,0,0,"6,400","6,145","51,600","109,731","51,150","108,749",690,925,
07,"$25,000 under $50,000","86,810","49,410","24,040","12,070","80,530","2,480","46,840","58,880","149,370","39,060","1,790",300,"1,490",50,"12,540","23,940","3,169,387","86,810","3,213,661","72,770","2,434,249","26,550","18,822","12,350","27,780","11,380","18,328","6,560","4,428","9,790","97,147","10,920","42,189","22,280","406,452","2,390","4,340","16,599","19,350","129,962","2,540","17,211","20,040","44,274","1,020",242,110,683,"2,080","7,551","2,140","8,552","9,400","8,833","84,330","1,389,943","84,330","1,357,506","16,010","32,437","2,480","59,522","94,620","1,670","29,411","1,650","3,435",740,556,"1,970","7,304",340,127,"2,260","10,303","2,450","11,174","1,410","9,312",50,187,50,20,40,28,"1,660","6,302",160,"1,745","8,520","13,848","85,760","1,704,138","84,560","185,430",0,0,"4,610","3,573","33,540","35,530","2,740",163,"2,210","1,216","3,790","3,654","15,740","3,514","19,800","26,723",100,83,"7,580","19,168","8,120","72,240","8,330","74,981","4,790","2,917","83,930","325,277","15,330","33,371","13,270","28,295","13,810","28,770","2,210","1,788","2,500","2,520","68,740","149,900","72,970","173,195",0,0,0,0,"13,220","17,449","72,650","168,837","71,700","166,149","1,520","2,651",
07,"$50,000 under $75,000","53,090","19,480","28,640","4,330","49,590","1,360","33,030","32,600","111,480","29,820",550,50,500,0,"4,880","17,690","3,271,262","53,090","3,316,201","44,660","2,366,308","23,180","18,407","11,270","32,569","10,400","22,639","10,520","8,086","8,120","94,252","9,950","52,807","17,740","457,808","1,830","3,290","14,416","14,400","223,230","2,420","21,534","15,630","44,939","1,200",291,170,"1,425","1,490","8,094","1,930","9,776","6,740","6,881","49,320","969,113","49,320","946,824","11,170","22,289","3,770","84,804","237,007","1,610","28,716","3,270","10,647",440,420,"3,310","12,333",520,259,"3,530","21,442","3,750","22,816","2,620","17,785",70,291,110,46,40,47,"2,650","10,965",220,"2,696","7,970","20,891","52,990","2,192,736","52,790","262,124",0,0,"1,750","4,314","22,030","45,765","3,180",245,"2,160","1,159","2,860","3,409","5,760","1,082","15,570","39,240",100,149,"6,270","18,203","2,290","25,609","2,800","29,443","1,640","1,483","52,170","315,802",530,225,370,152,"4,590","9,232","1,880","1,701",650,"1,031","47,910","216,362","49,610","237,642",0,0,0,0,"12,480","24,532","40,390","101,893","39,290","98,219","1,690","3,266",
07,"$75,000 under $100,000","37,040","6,070","29,330","1,460","34,840",920,"24,070","22,540","93,170","26,820",230,40,200,0,"2,480","12,950","3,212,639","37,040","3,250,752","31,390","2,265,934","19,420","16,675","10,230","34,869","9,520","24,784","10,320","8,974","6,170","75,807","8,830","64,716","13,820","474,594","1,280","2,290","10,580","10,340","217,703","2,310","27,971","11,880","38,113","1,360",358,130,"1,342","1,090","7,784","1,370","7,062","5,240","5,731","33,700","765,541","33,700","748,923","7,960","16,618","3,340","83,041","290,253","1,210","22,832","3,040","13,830",270,365,"3,040","12,347",450,194,"3,140","23,605","3,330","25,037","2,490","18,193",40,169,100,31,70,129,"2,480","12,372",210,"2,768","6,440","21,008","36,990","2,339,973","36,890","284,524",0,0,570,"2,697","16,890","49,019","3,000",292,"2,860","1,696","2,900","3,854",0,0,"13,750","42,188",90,261,"4,630","14,648",410,"3,874",730,"6,659",550,662,"36,630","313,788",0,0,0,0,"1,040","1,757","2,070","1,989",100,226,"35,710","235,505","36,120","252,731",**,**,0,0,"9,310","21,984","27,600","82,468","26,630","79,048","1,440","3,329",
07,"$100,000 under $200,000","44,910","3,900","39,960",900,"42,370","1,280","30,640","21,890","124,300","39,460",90,**,90,0,"1,520","14,630","5,910,513","44,910","5,982,904","39,020","4,155,745","28,290","36,448","16,630","94,024","15,610","70,230","22,210","23,378","8,270","154,955","15,060","200,018","16,970","813,818","1,570","2,220","10,958","10,930","269,444","5,340","135,814","16,690","72,391","2,580",715,520,"7,521","1,940","18,708","1,590","8,716","6,410","6,840","38,540","913,939","38,540","896,074","8,290","17,864","6,370","187,549","887,469","1,540","27,054","6,060","44,846",280,439,"5,950","28,766",990,461,"6,080","55,425","6,360","58,680","5,030","47,359",130,515,310,127,280,"1,177","5,470","40,871",500,"9,447","10,640","59,479","44,890","4,745,095","44,850","685,078",30,27,340,"2,682","24,710","75,319","5,720","1,153","4,570","2,517","4,630","6,551",0,0,"19,670","62,452",130,501,"6,440","27,221",40,515,380,"3,599",330,645,"44,550","683,247",0,0,0,0,120,265,"3,780","3,858",**,**,"44,630","609,759","44,690","642,147",130,35,20,2,"17,220","64,238","27,590","104,368","25,760","92,450","2,710","11,918",
07,"$200,000 under $500,000","8,580",890,"7,480",190,"8,160",260,"6,770","2,600","23,660","7,620",**,0,**,0,130,"3,130","2,415,745","8,580","2,458,293","7,270","1,407,778","6,950","25,488","5,140","80,901","4,930","64,539","3,880","8,718","1,960","92,060","5,060","207,799","3,250","238,071",400,130,660,"1,950","52,569","2,830","242,104","3,140","42,548",270,68,330,"7,867","1,090","14,668",180,"1,749",0,0,"5,450","128,207","5,450","125,286","1,350","2,921","3,130","119,634","922,825",200,"3,804","2,990","52,038",120,239,"2,900","20,770",450,208,"3,030","29,909","3,130","32,357","2,550","32,998",90,455,220,52,310,"1,966","2,850","36,362",260,"7,436","3,670","59,697","8,580","2,106,782","8,580","406,658",80,328,40,338,"5,620","16,818","2,460","1,162",640,314,0,0,0,0,"3,410","10,571",20,156,"1,780","12,567",0,0,50,405,40,167,"8,500","412,960",0,0,0,0,0,0,0,0,0,0,"8,570","389,839","8,580","411,144","2,790","2,114","4,150","4,615","4,250","50,384","4,300","51,123","3,270","31,093","1,410","18,607",
07,"$500,000 or more","1,760",190,"1,540",30,"1,690",50,"1,620",290,"4,800","1,590",0,0,0,0,**,700,"2,355,850","1,760","2,381,801","1,540","697,205","1,670","40,224","1,380","89,575","1,340","72,059",750,"13,007",460,"25,049","1,460","365,861",580,"38,073",100,0,0,350,"10,213","1,140","735,940",980,"25,951",**,**,90,"2,503",550,"8,903",30,270,0,0,720,"17,090",720,"16,680",160,325,"1,030","80,833","1,623,119",0,0,960,"81,758",50,113,940,"10,873",80,34,"1,020","10,113","1,030","12,793",690,"10,695",**,**,60,18,260,"3,552",960,"42,632",110,"1,809","1,060","133,255","1,760","2,084,846","1,760","586,723",60,778,0,0,"1,190","11,083",920,"3,090",80,42,0,0,0,0,**,**,0,0,530,"4,361",0,0,0,0,**,**,"1,740","623,293",0,0,0,0,0,0,0,0,0,0,"1,760","571,646","1,760","599,318","1,010","4,266","1,550","15,325",830,"64,423",910,"74,557",390,"12,662",600,"60,902",
,,,,,,,,,,,,,,,,,,,,,,,,,,,,,,,,,,,,,,,,,,,,,,,,,,,,,,,,,,,,,,,,,,,,,,,,,,,,,,,,,,,,,,,,,,,,,,,,,,,,,,,,,,,,,,,,,,,,,,,,,,,,,,,,,,,,,,,,,,,,,,,,,,,,,,,
08,,"364,320","176,680","152,080","32,390","336,850","12,430","195,060","220,460","680,810","193,540","8,380","3,310","5,070",910,"32,940","98,700","24,854,133","363,500","25,171,870","303,690","17,132,651","149,860","217,485","84,770","512,029","79,730","395,940","66,570","82,368","42,220","593,539","74,160","1,217,615","96,090","2,462,445","6,210","11,230","41,143","60,260","870,325","19,630","1,681,047","86,470","317,737","7,750","1,979","1,880","34,743","9,390","74,062","7,580","35,496","36,480","37,403","338,000","5,883,470","338,000","5,757,763","63,180","125,708","22,290","781,396","5,259,773","7,310","143,529","19,260","250,725","2,710","2,721","19,710","111,623","2,140","1,629","21,280","166,440","22,150","180,840","15,830","136,236",340,"1,655",430,151,"1,230","13,955","18,050","223,370","1,680","35,531","41,800","395,970","292,730","18,425,965","289,890","3,056,146",240,"2,290","7,930","14,369","135,480","279,915","24,920","9,368","13,650","7,057","20,560","22,848","29,140","5,660","88,760","217,865",290,515,"33,630","107,774","18,250","219,185","19,710","233,053","8,460","5,902","343,780","3,491,572","42,500","90,468","37,120","81,351","33,490","60,151","15,150","14,153","5,030","4,777","258,660","2,775,567","272,350","2,943,232","5,390","10,602","7,480","29,615","67,940","277,276","281,860","821,328","274,440","677,810","10,490","141,557",
08,Under $1,"4,020","2,400","1,420",150,"3,040",530,"2,870",850,"6,280","1,000",20,20,**,0,50,"2,150","-294,518","3,200","-290,534","1,070","33,514","1,700","3,443",950,"4,203",850,"2,972",120,389,"1,290","-12,077","1,530","30,219",830,"9,445",810,**,**,0,0,700,"-82,645",890,"3,984",20,6,0,0,190,"1,039",**,**,130,136,0,0,0,0,0,0,0,0,0,0,0,0,0,0,0,0,0,0,0,0,0,0,0,0,0,0,0,0,0,0,0,0,0,0,0,0,0,0,0,70,19,0,0,60,14,**,**,0,0,0,0,0,0,0,0,20,6,0,0,560,864,660,"9,476",680,"9,527",0,0,"1,820","7,328",410,630,270,423,140,334,90,85,260,350,60,12,680,979,30,32,0,0,350,380,"1,660","6,596","1,610","6,206",80,228,
08,"$1 under $10,000","47,270","41,200","3,520","2,350","41,340","2,660","19,630","23,350","36,210","6,000","3,150",980,"2,170",390,"2,380","11,190","241,352","47,270","245,207","35,540","193,829","11,820","3,975","5,840","5,561","5,370","3,463",370,297,"3,420","10,546","4,760","4,042","7,330","33,391",360,260,767,60,176,490,-889,"3,770","3,855",**,**,**,**,350,943,110,288,710,564,"46,910","490,346","46,910","474,496","8,820","15,850",360,"8,553","1,890",300,"5,800",90,160,210,95,230,977,**,**,300,"1,008",340,"1,189",140,872,0,0,0,0,**,**,200,243,**,**,60,12,"1,950","3,001","1,170",264,0,0,310,115,230,24,130,4,0,0,**,**,**,**,**,**,0,0,"2,820","2,110","1,970","25,121","2,030","25,429",**,**,"38,130","26,499","10,070","10,002","8,890","9,121","2,680","1,731",890,746,520,423,"1,110",237,"4,340","2,462",0,0,0,0,"2,220",990,"36,790","25,044","36,630","24,252",220,266,
08,"$10,000 under $25,000","61,470","43,840","8,790","8,250","56,270","2,140","28,880","40,970","83,020","20,120","2,480","1,080","1,390",350,"8,430","16,730","1,060,239","61,470","1,072,790","48,030","782,142","16,200","9,668","8,770","16,028","8,140","10,165","1,160",774,"5,890","45,989","7,430","15,401","15,250","173,052",700,"1,660","6,048","7,230","12,620","1,010","1,536","9,190","12,551",180,40,**,**,760,"1,935",540,"1,685","3,440","2,862","60,390","891,317","60,390","866,699","12,890","24,618","1,080","27,825","19,085",930,"19,266",370,592,600,347,720,"2,764",80,38,970,"3,298","1,030","3,622",390,"2,304",**,**,**,**,**,**,700,"1,973",50,348,"2,520","1,742","40,350","232,945","39,610","23,390",**,**,"1,450",608,"14,330","4,652",940,33,550,191,"3,060","1,518","6,380","1,043","4,710","1,844",**,**,"5,040","8,322","5,900","64,253","6,030","64,646","2,170","1,127","56,210","134,463","15,980","46,985","14,000","43,305","10,000","17,162","2,370","1,922","1,610","1,191","31,100","18,738","35,200","28,524",0,0,0,0,"5,600","5,020","52,680","110,792","52,330","110,026",530,760,
08,"$25,000 under $50,000","89,600","54,170","20,510","13,590","83,480","2,630","44,830","63,440","149,710","40,320","1,860",910,950,170,"12,530","20,920","3,291,050","89,600","3,330,843","77,210","2,645,097","26,980","16,680","13,680","30,093","12,810","20,419","7,180","4,702","8,000","77,737","11,590","39,868","20,490","356,841","1,180","3,360","12,746","16,890","117,317","2,080","4,113","20,410","39,793","1,170",273,160,"1,027","1,550","5,402","1,940","7,509","11,270","11,138","87,220","1,388,210","87,220","1,359,777","14,020","28,433","2,380","57,150","91,276","1,580","29,337","1,650","3,529",650,498,"1,830","7,306",260,186,"2,180","10,102","2,340","10,999","1,300","7,898",50,185,40,10,50,85,"1,690","6,317",120,"1,324","7,380","11,235","88,650","1,832,660","87,570","199,854",**,**,"3,790","3,063","36,030","38,539","3,350",168,"2,150","1,160","4,610","4,328","16,940","3,520","20,900","29,141",70,52,"6,180","15,760","7,340","82,708","7,570","85,214","4,220","2,446","87,100","340,708","15,440","32,606","13,510","28,320","14,530","29,627","2,490","2,059","2,000","1,955","71,390","161,315","75,050","180,722",**,**,0,0,"12,160","15,546","76,700","174,801","75,890","172,720","1,240","2,080",
08,"$50,000 under $75,000","56,650","22,890","27,890","5,210","53,090","1,540","32,670","36,610","116,890","32,430",570,220,360,0,"5,010","16,560","3,491,157","56,650","3,533,054","48,770","2,656,066","25,200","17,732","13,170","38,804","12,340","27,207","11,890","8,867","6,930","76,460","11,300","52,848","16,930","419,090",980,"2,350","8,747","13,450","211,186","2,220","13,945","15,880","41,897","1,280",311,160,"1,552","1,290","6,648","1,920","9,429","7,630","8,105","52,970","1,010,326","52,970","989,604","10,390","20,723","3,680","81,689","232,021","1,580","28,921","3,240","10,582",410,388,"3,250","12,588",390,289,"3,530","21,861","3,670","22,919","2,600","16,073",60,245,50,34,50,38,"2,640","10,438",190,"2,270","7,450","17,266","56,540","2,379,185","56,350","286,765",0,0,"1,470","4,244","24,380","50,267","4,020",342,"1,930",979,"3,320","3,789","5,820","1,097","17,220","43,534",60,91,"5,460","15,494","1,960","31,280","2,380","35,281","1,300","1,129","55,930","344,848",600,245,450,182,"4,930","9,339","2,050","1,911",540,711,"51,250","236,498","52,880","254,770",**,**,0,0,"12,120","22,423","44,400","111,674","43,370","108,677","1,510","2,995",
08,"$75,000 under $100,000","39,740","6,700","31,240","1,590","37,410","1,090","23,810","25,010","101,510","30,550",200,70,130,0,"2,520","12,180","3,452,477","39,740","3,487,188","34,760","2,597,051","21,790","17,283","12,040","42,292","11,320","30,407","11,940","10,045","5,640","70,119","10,020","64,155","13,310","422,217",780,"1,750","6,196","9,560","201,739","2,200","20,452","12,370","34,711","1,470",383,200,"1,707",950,"5,976","1,210","6,078","5,840","6,643","36,500","823,308","36,500","807,967","7,380","15,341","3,230","79,630","280,635","1,120","21,691","2,990","13,442",220,279,"2,950","12,495",380,326,"3,100","23,782","3,230","24,926","2,420","16,005",40,161,50,11,70,92,"2,480","12,170",240,"3,300","6,510","18,982","39,700","2,529,078","39,620","307,465",0,0,480,"2,327","19,650","55,897","3,830",336,"2,880","1,545","3,460","4,560",0,0,"15,910","48,762",60,90,"4,350","13,632",370,"5,598",620,"8,006",420,480,"39,420","338,749",0,0,0,0,"1,080","1,687","2,360","2,327",100,147,"38,460","251,568","38,810","267,610",**,**,0,0,"9,390","20,740","30,270","91,296","29,270","87,926","1,420","3,370",
08,"$100,000 under $200,000","52,710","4,360","47,260",980,"49,920","1,480","32,390","26,700","149,910","49,980",100,30,70,0,"1,880","14,930","6,943,622","52,710","7,018,608","46,960","5,184,789","34,950","39,365","21,520","115,924","20,370","88,337","27,870","27,734","8,260","155,859","18,830","214,149","17,660","780,815","1,070","1,720","6,065","10,730","264,807","5,640","135,161","18,610","74,986","3,230",868,610,"8,150","1,910","18,354","1,660","8,541","7,460","7,955","46,020","1,090,651","46,020","1,073,229","8,130","17,422","6,680","199,033","936,184","1,570","32,580","6,360","47,308",310,476,"6,210","31,971",740,548,"6,420","59,011","6,670","62,120","5,220","44,321",120,487,160,81,300,"1,293","5,770","46,549",550,"10,666","11,560","58,867","52,680","5,591,373","52,640","808,523",40,112,310,"3,296","31,540","94,857","7,760","1,274","5,240","2,731","6,110","8,653",0,0,"25,240","79,548",70,209,"6,410","27,771",50,749,340,"4,239",300,555,"52,410","799,140",0,0,0,0,130,271,"4,900","5,103",**,**,"52,440","713,665","52,530","747,042",110,27,**,**,"19,780","69,334","32,850","120,590","30,900","108,597","2,790","11,989",
08,"$200,000 under $500,000","10,360",880,"9,240",220,"9,900",280,"7,710","3,090","30,100","10,540",**,0,**,0,140,"3,210","2,928,381","10,360","2,981,698","9,140","1,825,050","8,800","30,532","6,720","100,609","6,500","80,532","4,900","10,093","2,170","114,652","6,580","229,223","3,560","225,278",240,130,574,"1,940","50,962","3,570","305,738","3,850","53,317",400,98,500,"12,159","1,450","19,456",170,"1,642",0,0,"6,970","165,400","6,970","162,530","1,340","2,870","3,390","128,358","1,010,176",230,"5,934","3,200","54,580",180,350,"3,160","24,606",240,164,"3,320","32,876","3,390","34,554","2,740","32,949",50,271,90,11,360,"2,846","3,150","42,911",320,"7,240","4,740","76,748","10,360","2,557,355","10,360","493,276",70,368,60,702,"7,510","22,175","3,410","2,050",800,394,0,0,0,0,"4,760","15,030",30,73,"2,070","15,710",0,0,60,711,50,165,"10,280","499,621",0,0,0,0,0,0,0,0,0,0,"10,350","471,101","10,360","497,057","3,690","2,740","5,200","5,422","5,200","57,355","5,140","59,266","3,840","35,573","1,800","23,453",
08,"$500,000 or more","2,500",240,"2,210",50,"2,400",80,"2,270",440,"7,180","2,600",0,0,0,0,**,830,"3,740,373","2,500","3,793,016","2,210","1,215,113","2,420","78,807","2,080","158,515","2,030","132,438","1,140","19,467",620,"54,254","2,120","567,710",730,"42,316",90,**,**,400,"11,518","1,720","1,283,636","1,500","52,643",**,**,250,"10,148",940,"14,309",30,324,0,0,"1,020","23,912","1,020","23,461",210,451,"1,490","199,158","2,688,506",**,**,"1,360","120,532",130,288,"1,360","18,916",50,78,"1,460","14,502","1,480","20,511","1,020","15,814",20,306,40,4,400,"9,601","1,420","102,769",210,"10,383","1,580","211,118","2,500","3,300,368","2,500","936,590",130,"1,810",0,0,"1,810","13,504","1,480","5,161",100,57,0,0,0,0,**,**,**,**,740,"8,111",0,0,**,**,**,**,"2,480","1,000,216",0,0,0,0,0,0,0,0,0,0,"2,500","922,433","2,500","964,066","1,560","7,803","2,280","24,193","1,120","85,488","1,370","121,269",600,"23,833",900,"96,416",
"** - Not shown to avoid disclosure of information 
about specific taxpayers.  However, the data are 
combined with data in an adjacent size class, 
as appropriate, and included in the appropriate totals.",,,,,,,,,,,,,,,,,,,,,,,,,,,,,,,,,,,,,,,,,,,,,,,,,,,,,,,,,,,,,,,,,,,,,,,,,,,,,,,,,,,,,,,,,,,,,,,,,,,,,,,,,,,,,,,,,,,,,,,,,,,,,,,,,,,,,,,,,,,,,,,,,,,,,,,
"[1] Congressional districts were assigned by using a commercial data file 
to match the ZIP code on the individual income tax return to its resulting 
congressional district.",,,,,,,,,,,,,,,,,,,,,,,,,,,,,,,,,,,,,,,,,,,,,,,,,,,,,,,,,,,,,,,,,,,,,,,,,,,,,,,,,,,,,,,,,,,,,,,,,,,,,,,,,,,,,,,,,,,,,,,,,,,,,,,,,,,,,,,,,,,,,,,,,,,,,,,
"[2] Beginning in 2018, personal exemption deductions were suspended 
for the primary, secondary, and dependent taxpayers. However, the 
data used to create the “Number of individuals”—filing status, dependent 
status indicator, and identifying dependent information—are still available 
on the Form 1040. This field is based on these data.",,,,,,,,,,,,,,,,,,,,,,,,,,,,,,,,,,,,,,,,,,,,,,,,,,,,,,,,,,,,,,,,,,,,,,,,,,,,,,,,,,,,,,,,,,,,,,,,,,,,,,,,,,,,,,,,,,,,,,,,,,,,,,,,,,,,,,,,,,,,,,,,,,,,,,,
"[3] The ""Number of volunteer prepared returns"" shows counts of 
returns prepared by IRS-certified volunteers to taxpayers with 
limited income, persons with disabilities, limited English speaking 
taxpayers, current and former members of the military, and 
taxpayers who are 60 years of age and older.",,,,,,,,,,,,,,,,,,,,,,,,,,,,,,,,,,,,,,,,,,,,,,,,,,,,,,,,,,,,,,,,,,,,,,,,,,,,,,,,,,,,,,,,,,,,,,,,,,,,,,,,,,,,,,,,,,,,,,,,,,,,,,,,,,,,,,,,,,,,,,,,,,,,,,,
"[4] These data do not distinguish between refund anticipation 
loans and refund advances.",,,,,,,,,,,,,,,,,,,,,,,,,,,,,,,,,,,,,,,,,,,,,,,,,,,,,,,,,,,,,,,,,,,,,,,,,,,,,,,,,,,,,,,,,,,,,,,,,,,,,,,,,,,,,,,,,,,,,,,,,,,,,,,,,,,,,,,,,,,,,,,,,,,,,,,
[5] Includes primary taxpayers 60 years of age or older.,,,,,,,,,,,,,,,,,,,,,,,,,,,,,,,,,,,,,,,,,,,,,,,,,,,,,,,,,,,,,,,,,,,,,,,,,,,,,,,,,,,,,,,,,,,,,,,,,,,,,,,,,,,,,,,,,,,,,,,,,,,,,,,,,,,,,,,,,,,,,,,,,,,,,,,
[6] Less deficit.,,,,,,,,,,,,,,,,,,,,,,,,,,,,,,,,,,,,,,,,,,,,,,,,,,,,,,,,,,,,,,,,,,,,,,,,,,,,,,,,,,,,,,,,,,,,,,,,,,,,,,,,,,,,,,,,,,,,,,,,,,,,,,,,,,,,,,,,,,,,,,,,,,,,,,,
"[7] ""Qualified dividends"" are ordinary dividends received 
in tax years beginning after 2002 that meet certain 
conditions and receive preferential tax rates. 
The maximum qualified dividends tax rate is 20%.",,,,,,,,,,,,,,,,,,,,,,,,,,,,,,,,,,,,,,,,,,,,,,,,,,,,,,,,,,,,,,,,,,,,,,,,,,,,,,,,,,,,,,,,,,,,,,,,,,,,,,,,,,,,,,,,,,,,,,,,,,,,,,,,,,,,,,,,,,,,,,,,,,,,,,,
"[8] Includes the Alaskan permanent fund, reported by 
residents of Alaska on Form 1040. This fund only applies 
to statistics in the totals, and the state of Alaska.",,,,,,,,,,,,,,,,,,,,,,,,,,,,,,,,,,,,,,,,,,,,,,,,,,,,,,,,,,,,,,,,,,,,,,,,,,,,,,,,,,,,,,,,,,,,,,,,,,,,,,,,,,,,,,,,,,,,,,,,,,,,,,,,,,,,,,,,,,,,,,,,,,,,,,,
"[9] ""Earned income credit"" includes both the refundable 
and non-refundable portions.  The non-refundable portion 
could reduce income tax and certain related taxes to zero. 
The earned income credit amounts in excess of total tax 
liability, or amounts when there was no tax liability at all, 
were refundable.  See footnote 10 below for explanation 
of the refundable portion of the earned income credit.",,,,,,,,,,,,,,,,,,,,,,,,,,,,,,,,,,,,,,,,,,,,,,,,,,,,,,,,,,,,,,,,,,,,,,,,,,,,,,,,,,,,,,,,,,,,,,,,,,,,,,,,,,,,,,,,,,,,,,,,,,,,,,,,,,,,,,,,,,,,,,,,,,,,,,,
"[10] The refundable portion of the ""earned income credit"" 
equals ""total income tax"" minus the ""earned income credit.""  
If the result is negative, this amount is considered the 
refundable portion.  No other refundable credits were 
taken into account for this calculation.",,,,,,,,,,,,,,,,,,,,,,,,,,,,,,,,,,,,,,,,,,,,,,,,,,,,,,,,,,,,,,,,,,,,,,,,,,,,,,,,,,,,,,,,,,,,,,,,,,,,,,,,,,,,,,,,,,,,,,,,,,,,,,,,,,,,,,,,,,,,,,,,,,,,,,,
"[11] ""Total tax liability"" differs from ""Income tax,"" in that
""Total tax liability"" includes the taxes from recapture of 
certain prior-year credits, tax applicable to individual 
retirement arrangements (IRA's), social security taxes 
on self-employment income and on certain tip income, 
advanced earned income payments, household
employment taxes, and certain ""other taxes"" listed 
in the Form 1040 instructions.",,,,,,,,,,,,,,,,,,,,,,,,,,,,,,,,,,,,,,,,,,,,,,,,,,,,,,,,,,,,,,,,,,,,,,,,,,,,,,,,,,,,,,,,,,,,,,,,,,,,,,,,,,,,,,,,,,,,,,,,,,,,,,,,,,,,,,,,,,,,,,,,,,,,,,,
"[12] Reflects payments to or withholdings made to 
""Total tax liability"".  This is the amount the tax filer 
owes when the income tax return is filed.",,,,,,,,,,,,,,,,,,,,,,,,,,,,,,,,,,,,,,,,,,,,,,,,,,,,,,,,,,,,,,,,,,,,,,,,,,,,,,,,,,,,,,,,,,,,,,,,,,,,,,,,,,,,,,,,,,,,,,,,,,,,,,,,,,,,,,,,,,,,,,,,,,,,,,,
"[13]  The amount of overpayments the tax filer requested to 
have refunded. ",,,,,,,,,,,,,,,,,,,,,,,,,,,,,,,,,,,,,,,,,,,,,,,,,,,,,,,,,,,,,,,,,,,,,,,,,,,,,,,,,,,,,,,,,,,,,,,,,,,,,,,,,,,,,,,,,,,,,,,,,,,,,,,,,,,,,,,,,,,,,,,,,,,,,,,
"NOTE: This table presents aggregates of all returns filed and
processed through the Individual Master File (IMF) system 
during Calendar Year 2019, including any returns filed for 
tax years preceding 2018.",,,,,,,,,,,,,,,,,,,,,,,,,,,,,,,,,,,,,,,,,,,,,,,,,,,,,,,,,,,,,,,,,,,,,,,,,,,,,,,,,,,,,,,,,,,,,,,,,,,,,,,,,,,,,,,,,,,,,,,,,,,,,,,,,,,,,,,,,,,,,,,,,,,,,,,
"This table is based on tax returns as initially processed by IRS
and does not reflect amended returns or errors that were
corrected after initial processing. In general, during administrative 
or Master File processing, taxpayer reporting discrepancies are 
corrected only to the extent necessary. These statistics should, 
therefore, be used with the knowledge that some of the 
data have not been perfected or edited for statistical purposes 
and that State totals in this table may not be altogether 
comparable to other State totals published by the IRS, 
Statistics of Income Division. ",,,,,,,,,,,,,,,,,,,,,,,,,,,,,,,,,,,,,,,,,,,,,,,,,,,,,,,,,,,,,,,,,,,,,,,,,,,,,,,,,,,,,,,,,,,,,,,,,,,,,,,,,,,,,,,,,,,,,,,,,,,,,,,,,,,,,,,,,,,,,,,,,,,,,,,
Detail may not add to totals because of rounding.,,,,,,,,,,,,,,,,,,,,,,,,,,,,,,,,,,,,,,,,,,,,,,,,,,,,,,,,,,,,,,,,,,,,,,,,,,,,,,,,,,,,,,,,,,,,,,,,,,,,,,,,,,,,,,,,,,,,,,,,,,,,,,,,,,,,,,,,,,,,,,,,,,,,,,,
"SOURCE: IRS, Statistics of Income Division, 
Individual Master File System, September 2020.",,,,,,,,,,,,,,,,,,,,,,,,,,,,,,,,,,,,,,,,,,,,,,,,,,,,,,,,,,,,,,,,,,,,,,,,,,,,,,,,,,,,,,,,,,,,,,,,,,,,,,,,,,,,,,,,,,,,,,,,,,,,,,,,,,,,,,,,,,,,,,,,,,,,,,,
